emesso_utc,emesso_italia,n_rel,valida_utc,valida_italia,anticipo_h,fonte,localita,spot,raffica_kn,vento_medio_kn,direzione_gradi,delta_hpa,bolzano_hpa,ghedi_hpa,temperatura_c,prob_pioggia_pct,pioggia_mm,codice_meteo
2026-07-31 22:26,2026-08-01 00:26,1,2026-07-31 23:00,2026-08-01 01:00,0.6,pressione,garda,,,,,-5.1,1018.3,1013.2,,,,
2026-07-31 22:26,2026-08-01 00:26,1,2026-08-01 00:00,2026-08-01 02:00,1.6,pressione,garda,,,,,-4.8,1017.9,1013.1,,,,
2026-07-31 22:26,2026-08-01 00:26,1,2026-08-01 01:00,2026-08-01 03:00,2.6,pressione,garda,,,,,-4.7,1017.6,1012.9,,,,
2026-07-31 22:26,2026-08-01 00:26,1,2026-08-01 02:00,2026-08-01 04:00,3.6,pressione,garda,,,,,-4.6,1017.4,1012.8,,,,
2026-07-31 22:26,2026-08-01 00:26,1,2026-08-01 03:00,2026-08-01 05:00,4.6,pressione,garda,,,,,-4.6,1017.4,1012.8,,,,
2026-07-31 22:26,2026-08-01 00:26,1,2026-08-01 04:00,2026-08-01 06:00,5.6,pressione,garda,,,,,-4.6,1017.1,1012.5,,,,
2026-07-31 22:26,2026-08-01 00:26,1,2026-08-01 05:00,2026-08-01 07:00,6.6,pressione,garda,,,,,-4.6,1017.1,1012.5,,,,
2026-07-31 22:26,2026-08-01 00:26,1,2026-08-01 06:00,2026-08-01 08:00,7.6,pressione,garda,,,,,-4.5,1017.0,1012.5,,,,
2026-07-31 22:26,2026-08-01 00:26,1,2026-08-01 07:00,2026-08-01 09:00,8.6,pressione,garda,,,,,-4.2,1016.7,1012.5,,,,
2026-07-31 22:26,2026-08-01 00:26,1,2026-08-01 08:00,2026-08-01 10:00,9.6,pressione,garda,,,,,-3.9,1016.4,1012.5,,,,
2026-07-31 22:26,2026-08-01 00:26,1,2026-08-01 09:00,2026-08-01 11:00,10.6,pressione,garda,,,,,-3.3,1015.8,1012.5,,,,
2026-07-31 22:26,2026-08-01 00:26,1,2026-08-01 10:00,2026-08-01 12:00,11.6,pressione,garda,,,,,-2.8,1015.0,1012.2,,,,
2026-07-31 22:26,2026-08-01 00:26,1,2026-08-01 11:00,2026-08-01 13:00,12.6,pressione,garda,,,,,-2.4,1014.2,1011.8,,,,
2026-07-31 22:26,2026-08-01 00:26,1,2026-08-01 12:00,2026-08-01 14:00,13.6,pressione,garda,,,,,-2.0,1013.4,1011.4,,,,
2026-07-31 22:26,2026-08-01 00:26,1,2026-08-01 13:00,2026-08-01 15:00,14.6,pressione,garda,,,,,-1.6,1012.6,1011.0,,,,
2026-07-31 22:26,2026-08-01 00:26,1,2026-08-01 14:00,2026-08-01 16:00,15.6,pressione,garda,,,,,-1.7,1012.2,1010.5,,,,
2026-07-31 22:26,2026-08-01 00:26,1,2026-08-01 15:00,2026-08-01 17:00,16.6,pressione,garda,,,,,-1.7,1011.7,1010.0,,,,
2026-07-31 22:26,2026-08-01 00:26,1,2026-08-01 16:00,2026-08-01 18:00,17.6,pressione,garda,,,,,-1.9,1011.6,1009.7,,,,
2026-07-31 22:26,2026-08-01 00:26,1,2026-08-01 17:00,2026-08-01 19:00,18.6,pressione,garda,,,,,-2.7,1012.2,1009.5,,,,
2026-07-31 22:26,2026-08-01 00:26,1,2026-08-01 18:00,2026-08-01 20:00,19.6,pressione,garda,,,,,-3.6,1013.1,1009.5,,,,
2026-07-31 22:26,2026-08-01 00:26,1,2026-08-01 19:00,2026-08-01 21:00,20.6,pressione,garda,,,,,-4.2,1014.0,1009.8,,,,
2026-07-31 22:26,2026-08-01 00:26,1,2026-08-01 20:00,2026-08-01 22:00,21.6,pressione,garda,,,,,-4.8,1015.0,1010.2,,,,
2026-07-31 22:26,2026-08-01 00:26,1,2026-08-01 21:00,2026-08-01 23:00,22.6,pressione,garda,,,,,-5.1,1015.8,1010.7,,,,
2026-07-31 22:26,2026-08-01 00:26,1,2026-08-01 22:00,2026-08-02 00:00,23.6,pressione,garda,,,,,-5.4,1016.4,1011.0,,,,
2026-07-31 22:26,2026-08-01 00:26,1,2026-08-01 23:00,2026-08-02 01:00,24.6,pressione,garda,,,,,-5.4,1016.7,1011.3,,,,
2026-07-31 22:26,2026-08-01 00:26,1,2026-08-02 00:00,2026-08-02 02:00,25.6,pressione,garda,,,,,-5.3,1016.7,1011.4,,,,
2026-07-31 22:26,2026-08-01 00:26,1,2026-08-02 01:00,2026-08-02 03:00,26.6,pressione,garda,,,,,-5.2,1016.7,1011.5,,,,
2026-07-31 22:26,2026-08-01 00:26,1,2026-08-02 02:00,2026-08-02 04:00,27.6,pressione,garda,,,,,-5.1,1016.7,1011.6,,,,
2026-07-31 22:26,2026-08-01 00:26,1,2026-08-02 03:00,2026-08-02 05:00,28.6,pressione,garda,,,,,-5.3,1016.8,1011.5,,,,
2026-07-31 22:26,2026-08-01 00:26,1,2026-08-02 04:00,2026-08-02 06:00,29.6,pressione,garda,,,,,-5.2,1016.9,1011.7,,,,
2026-07-31 22:26,2026-08-01 00:26,1,2026-08-02 05:00,2026-08-02 07:00,30.6,pressione,garda,,,,,-5.1,1017.0,1011.9,,,,
2026-07-31 22:26,2026-08-01 00:26,1,2026-08-02 06:00,2026-08-02 08:00,31.6,pressione,garda,,,,,-4.9,1017.1,1012.2,,,,
2026-07-31 22:26,2026-08-01 00:26,1,2026-08-02 07:00,2026-08-02 09:00,32.6,pressione,garda,,,,,-4.5,1016.9,1012.4,,,,
2026-07-31 22:26,2026-08-01 00:26,1,2026-08-02 08:00,2026-08-02 10:00,33.6,pressione,garda,,,,,-4.1,1016.7,1012.6,,,,
2026-07-31 22:26,2026-08-01 00:26,1,2026-08-02 09:00,2026-08-02 11:00,34.6,pressione,garda,,,,,-3.6,1016.3,1012.7,,,,
2026-07-31 22:26,2026-08-01 00:26,1,2026-08-02 10:00,2026-08-02 12:00,35.6,pressione,garda,,,,,-3.0,1015.7,1012.7,,,,
2026-07-31 22:26,2026-08-01 00:26,1,2026-08-02 11:00,2026-08-02 13:00,36.6,pressione,garda,,,,,-2.5,1015.1,1012.6,,,,
2026-07-31 22:26,2026-08-01 00:26,1,2026-08-02 12:00,2026-08-02 14:00,37.6,pressione,garda,,,,,-1.7,1014.1,1012.4,,,,
2026-07-31 22:26,2026-08-01 00:26,1,2026-08-02 13:00,2026-08-02 15:00,38.6,pressione,garda,,,,,-1.5,1013.6,1012.1,,,,
2026-07-31 22:26,2026-08-01 00:26,1,2026-08-02 14:00,2026-08-02 16:00,39.6,pressione,garda,,,,,-1.5,1013.2,1011.7,,,,
2026-07-31 22:26,2026-08-01 00:26,1,2026-08-02 15:00,2026-08-02 17:00,40.6,pressione,garda,,,,,-1.1,1012.5,1011.4,,,,
2026-07-31 22:26,2026-08-01 00:26,1,2026-08-02 16:00,2026-08-02 18:00,41.6,pressione,garda,,,,,-1.3,1012.4,1011.1,,,,
2026-07-31 22:26,2026-08-01 00:26,1,2026-08-02 17:00,2026-08-02 19:00,42.6,pressione,garda,,,,,-1.6,1012.7,1011.1,,,,
2026-07-31 22:26,2026-08-01 00:26,1,2026-08-02 18:00,2026-08-02 20:00,43.6,pressione,garda,,,,,-2.4,1013.5,1011.1,,,,
2026-07-31 22:26,2026-08-01 00:26,1,2026-08-02 19:00,2026-08-02 21:00,44.6,pressione,garda,,,,,-3.2,1014.4,1011.2,,,,
2026-07-31 22:26,2026-08-01 00:26,1,2026-08-02 20:00,2026-08-02 22:00,45.6,pressione,garda,,,,,-3.8,1015.2,1011.4,,,,
2026-07-31 22:26,2026-08-01 00:26,1,2026-08-02 21:00,2026-08-02 23:00,46.6,pressione,garda,,,,,-4.0,1015.9,1011.9,,,,
2026-07-31 22:26,2026-08-01 00:26,1,2026-08-02 22:00,2026-08-03 00:00,47.6,pressione,garda,,,,,-4.2,1016.4,1012.2,,,,
2026-07-31 22:26,2026-08-01 00:26,1,2026-08-02 23:00,2026-08-03 01:00,48.6,pressione,garda,,,,,-4.2,1016.7,1012.5,,,,
2026-07-31 22:26,2026-08-01 00:26,1,2026-08-03 00:00,2026-08-03 02:00,49.6,pressione,garda,,,,,-4.2,1016.9,1012.7,,,,
2026-07-31 22:26,2026-08-01 00:26,1,2026-08-03 01:00,2026-08-03 03:00,50.6,pressione,garda,,,,,-4.2,1017.0,1012.8,,,,
2026-07-31 22:26,2026-08-01 00:26,1,2026-08-03 02:00,2026-08-03 04:00,51.6,pressione,garda,,,,,-4.1,1017.0,1012.9,,,,
2026-07-31 22:26,2026-08-01 00:26,1,2026-08-03 03:00,2026-08-03 05:00,52.6,pressione,garda,,,,,-4.2,1017.1,1012.9,,,,
2026-07-31 22:26,2026-08-01 00:26,1,2026-08-03 04:00,2026-08-03 06:00,53.6,pressione,garda,,,,,-4.4,1017.4,1013.0,,,,
2026-07-31 22:26,2026-08-01 00:26,1,2026-08-03 05:00,2026-08-03 07:00,54.6,pressione,garda,,,,,-4.5,1017.6,1013.1,,,,
2026-07-31 22:26,2026-08-01 00:26,1,2026-08-03 06:00,2026-08-03 08:00,55.6,pressione,garda,,,,,-4.2,1017.7,1013.5,,,,
2026-07-31 22:26,2026-08-01 00:26,1,2026-08-03 07:00,2026-08-03 09:00,56.6,pressione,garda,,,,,-4.1,1017.7,1013.6,,,,
2026-07-31 22:26,2026-08-01 00:26,1,2026-08-03 08:00,2026-08-03 10:00,57.6,pressione,garda,,,,,-3.5,1017.3,1013.8,,,,
2026-07-31 22:26,2026-08-01 00:26,1,2026-08-03 09:00,2026-08-03 11:00,58.6,pressione,garda,,,,,-3.0,1016.8,1013.8,,,,
2026-07-31 22:26,2026-08-01 00:26,1,2026-08-03 10:00,2026-08-03 12:00,59.6,pressione,garda,,,,,-2.0,1015.8,1013.8,,,,
2026-07-31 22:26,2026-08-01 00:26,1,2026-08-03 11:00,2026-08-03 13:00,60.6,pressione,garda,,,,,-1.5,1015.1,1013.6,,,,
2026-07-31 22:26,2026-08-01 00:26,1,2026-08-03 12:00,2026-08-03 14:00,61.6,pressione,garda,,,,,-1.0,1014.4,1013.4,,,,
2026-07-31 22:26,2026-08-01 00:26,1,2026-08-03 13:00,2026-08-03 15:00,62.6,pressione,garda,,,,,-0.7,1013.8,1013.1,,,,
2026-07-31 22:26,2026-08-01 00:26,1,2026-08-03 14:00,2026-08-03 16:00,63.6,pressione,garda,,,,,-0.5,1013.3,1012.8,,,,
2026-07-31 22:26,2026-08-01 00:26,1,2026-08-03 15:00,2026-08-03 17:00,64.6,pressione,garda,,,,,-0.7,1013.1,1012.4,,,,
2026-07-31 22:26,2026-08-01 00:26,1,2026-08-03 16:00,2026-08-03 18:00,65.6,pressione,garda,,,,,-0.7,1012.9,1012.2,,,,
2026-07-31 22:26,2026-08-01 00:26,1,2026-08-03 17:00,2026-08-03 19:00,66.6,pressione,garda,,,,,-1.1,1013.2,1012.1,,,,
2026-07-31 22:26,2026-08-01 00:26,1,2026-08-03 18:00,2026-08-03 20:00,67.6,pressione,garda,,,,,-1.6,1013.4,1011.8,,,,
2026-07-31 22:26,2026-08-01 00:26,1,2026-08-03 19:00,2026-08-03 21:00,68.6,pressione,garda,,,,,-2.0,1014.2,1012.2,,,,
2026-07-31 22:26,2026-08-01 00:26,1,2026-08-03 20:00,2026-08-03 22:00,69.6,pressione,garda,,,,,-2.4,1015.0,1012.6,,,,
2026-07-31 22:26,2026-08-01 00:26,1,2026-08-03 21:00,2026-08-03 23:00,70.6,pressione,garda,,,,,-2.9,1015.8,1012.9,,,,
2026-07-31 22:26,2026-08-01 00:26,1,2026-08-03 22:00,2026-08-04 00:00,71.6,pressione,garda,,,,,-3.2,1016.3,1013.1,,,,
2026-07-31 22:26,2026-08-01 00:26,1,2026-08-03 23:00,2026-08-04 01:00,72.6,pressione,garda,,,,,-3.5,1016.7,1013.2,,,,
2026-07-31 22:26,2026-08-01 00:26,1,2026-08-04 00:00,2026-08-04 02:00,73.6,pressione,garda,,,,,-3.4,1016.7,1013.3,,,,
2026-07-31 22:26,2026-08-01 00:26,1,2026-08-04 01:00,2026-08-04 03:00,74.6,pressione,garda,,,,,-3.3,1016.8,1013.5,,,,
2026-07-31 22:26,2026-08-01 00:26,1,2026-08-04 02:00,2026-08-04 04:00,75.6,pressione,garda,,,,,-3.4,1016.9,1013.5,,,,
2026-07-31 22:26,2026-08-01 00:26,1,2026-08-04 03:00,2026-08-04 05:00,76.6,pressione,garda,,,,,-3.6,1017.2,1013.6,,,,
2026-07-31 22:26,2026-08-01 00:26,1,2026-08-04 04:00,2026-08-04 06:00,77.6,pressione,garda,,,,,-3.7,1017.3,1013.6,,,,
2026-07-31 22:26,2026-08-01 00:26,1,2026-08-04 05:00,2026-08-04 07:00,78.6,pressione,garda,,,,,-3.7,1017.6,1013.9,,,,
2026-07-31 22:26,2026-08-01 00:26,1,2026-08-04 06:00,2026-08-04 08:00,79.6,pressione,garda,,,,,-3.6,1017.8,1014.2,,,,
2026-07-31 22:26,2026-08-01 00:26,1,2026-08-04 07:00,2026-08-04 09:00,80.6,pressione,garda,,,,,-3.4,1017.8,1014.4,,,,
2026-07-31 22:26,2026-08-01 00:26,1,2026-08-04 08:00,2026-08-04 10:00,81.6,pressione,garda,,,,,-2.4,1017.1,1014.7,,,,
2026-07-31 22:26,2026-08-01 00:26,1,2026-08-04 09:00,2026-08-04 11:00,82.6,pressione,garda,,,,,-1.9,1016.6,1014.7,,,,
2026-07-31 22:26,2026-08-01 00:26,1,2026-08-04 10:00,2026-08-04 12:00,83.6,pressione,garda,,,,,-1.5,1016.0,1014.5,,,,
2026-07-31 22:26,2026-08-01 00:26,1,2026-08-04 11:00,2026-08-04 13:00,84.6,pressione,garda,,,,,-0.9,1015.3,1014.4,,,,
2026-07-31 22:26,2026-08-01 00:26,1,2026-08-04 12:00,2026-08-04 14:00,85.6,pressione,garda,,,,,-0.8,1014.7,1013.9,,,,
2026-07-31 22:26,2026-08-01 00:26,1,2026-08-04 13:00,2026-08-04 15:00,86.6,pressione,garda,,,,,-0.5,1014.1,1013.6,,,,
2026-07-31 22:26,2026-08-01 00:26,1,2026-08-04 14:00,2026-08-04 16:00,87.6,pressione,garda,,,,,-0.1,1013.6,1013.5,,,,
2026-07-31 22:26,2026-08-01 00:26,1,2026-08-04 15:00,2026-08-04 17:00,88.6,pressione,garda,,,,,-0.4,1013.5,1013.1,,,,
2026-07-31 22:26,2026-08-01 00:26,1,2026-08-04 16:00,2026-08-04 18:00,89.6,pressione,garda,,,,,-0.6,1013.6,1013.0,,,,
2026-07-31 22:26,2026-08-01 00:26,1,2026-08-04 17:00,2026-08-04 19:00,90.6,pressione,garda,,,,,-1.4,1014.2,1012.8,,,,
2026-07-31 22:26,2026-08-01 00:26,1,2026-08-04 18:00,2026-08-04 20:00,91.6,pressione,garda,,,,,-1.7,1014.7,1013.0,,,,
2026-07-31 22:26,2026-08-01 00:26,1,2026-08-04 19:00,2026-08-04 21:00,92.6,pressione,garda,,,,,-2.1,1015.3,1013.2,,,,
2026-07-31 22:26,2026-08-01 00:26,1,2026-08-04 20:00,2026-08-04 22:00,93.6,pressione,garda,,,,,-2.4,1016.2,1013.8,,,,
2026-07-31 22:26,2026-08-01 00:26,1,2026-08-04 21:00,2026-08-04 23:00,94.6,pressione,garda,,,,,-3.1,1017.0,1013.9,,,,
2026-07-31 22:26,2026-08-01 00:26,1,2026-08-04 22:00,2026-08-05 00:00,95.6,pressione,garda,,,,,-3.0,1017.2,1014.2,,,,
2026-07-31 22:26,2026-08-01 00:26,1,2026-08-04 23:00,2026-08-05 01:00,96.6,pressione,garda,,,,,-3.2,1017.6,1014.4,,,,
2026-07-31 22:26,2026-08-01 00:26,1,2026-08-05 00:00,2026-08-05 02:00,97.6,pressione,garda,,,,,-3.6,1018.1,1014.5,,,,
2026-07-31 22:26,2026-08-01 00:26,1,2026-08-05 01:00,2026-08-05 03:00,98.6,pressione,garda,,,,,-3.6,1018.1,1014.5,,,,
2026-07-31 22:26,2026-08-01 00:26,1,2026-08-05 02:00,2026-08-05 04:00,99.6,pressione,garda,,,,,-3.7,1018.3,1014.6,,,,
2026-07-31 22:26,2026-08-01 00:26,1,2026-08-05 03:00,2026-08-05 05:00,100.6,pressione,garda,,,,,-4.0,1018.6,1014.6,,,,
2026-07-31 22:26,2026-08-01 00:26,1,2026-08-05 04:00,2026-08-05 06:00,101.6,pressione,garda,,,,,-3.9,1018.6,1014.7,,,,
2026-07-31 22:26,2026-08-01 00:26,1,2026-08-05 05:00,2026-08-05 07:00,102.6,pressione,garda,,,,,-4.1,1019.0,1014.9,,,,
2026-07-31 22:26,2026-08-01 00:26,1,2026-08-05 06:00,2026-08-05 08:00,103.6,pressione,garda,,,,,-3.9,1019.0,1015.1,,,,
2026-07-31 22:26,2026-08-01 00:26,1,2026-08-05 07:00,2026-08-05 09:00,104.6,pressione,garda,,,,,-3.7,1018.9,1015.2,,,,
2026-07-31 22:26,2026-08-01 00:26,1,2026-08-05 08:00,2026-08-05 10:00,105.6,pressione,garda,,,,,-3.0,1018.5,1015.5,,,,
2026-07-31 22:26,2026-08-01 00:26,1,2026-08-05 09:00,2026-08-05 11:00,106.6,pressione,garda,,,,,-2.4,1017.9,1015.5,,,,
2026-07-31 22:26,2026-08-01 00:26,1,2026-08-05 10:00,2026-08-05 12:00,107.6,pressione,garda,,,,,-2.0,1017.4,1015.4,,,,
2026-07-31 22:26,2026-08-01 00:26,1,2026-08-05 11:00,2026-08-05 13:00,108.6,pressione,garda,,,,,-1.4,1016.6,1015.2,,,,
2026-07-31 22:26,2026-08-01 00:26,1,2026-08-05 12:00,2026-08-05 14:00,109.6,pressione,garda,,,,,-0.9,1015.9,1015.0,,,,
2026-07-31 22:26,2026-08-01 00:26,1,2026-08-05 13:00,2026-08-05 15:00,110.6,pressione,garda,,,,,-0.6,1015.3,1014.7,,,,
2026-07-31 22:26,2026-08-01 00:26,1,2026-08-05 14:00,2026-08-05 16:00,111.6,pressione,garda,,,,,-0.7,1014.9,1014.2,,,,
2026-07-31 22:26,2026-08-01 00:26,1,2026-08-05 15:00,2026-08-05 17:00,112.6,pressione,garda,,,,,-0.9,1014.7,1013.8,,,,
2026-07-31 22:26,2026-08-01 00:26,1,2026-08-05 16:00,2026-08-05 18:00,113.6,pressione,garda,,,,,-1.1,1014.6,1013.5,,,,
2026-07-31 22:26,2026-08-01 00:26,1,2026-08-05 17:00,2026-08-05 19:00,114.6,pressione,garda,,,,,-1.4,1014.9,1013.5,,,,
2026-07-31 22:26,2026-08-01 00:26,1,2026-08-05 18:00,2026-08-05 20:00,115.6,pressione,garda,,,,,-2.0,1015.6,1013.6,,,,
2026-07-31 22:26,2026-08-01 00:26,1,2026-08-05 19:00,2026-08-05 21:00,116.6,pressione,garda,,,,,-2.4,1016.5,1014.1,,,,
2026-07-31 22:26,2026-08-01 00:26,1,2026-08-05 20:00,2026-08-05 22:00,117.6,pressione,garda,,,,,-3.0,1017.4,1014.4,,,,
2026-07-31 22:26,2026-08-01 00:26,1,2026-08-05 21:00,2026-08-05 23:00,118.6,pressione,garda,,,,,-3.5,1018.4,1014.9,,,,
2026-07-31 22:26,2026-08-01 00:26,1,2026-08-05 22:00,2026-08-06 00:00,119.6,pressione,garda,,,,,-3.6,1018.8,1015.2,,,,
2026-07-31 22:26,2026-08-01 00:26,1,2026-08-05 23:00,2026-08-06 01:00,120.6,pressione,garda,,,,,-3.6,1019.1,1015.5,,,,
2026-07-31 22:26,2026-08-01 00:26,1,2026-08-06 00:00,2026-08-06 02:00,121.6,pressione,garda,,,,,-3.9,1019.5,1015.6,,,,
2026-07-31 22:26,2026-08-01 00:26,1,2026-08-06 01:00,2026-08-06 03:00,122.6,pressione,garda,,,,,-4.0,1019.6,1015.6,,,,
2026-07-31 22:26,2026-08-01 00:26,1,2026-08-06 02:00,2026-08-06 04:00,123.6,pressione,garda,,,,,-4.2,1019.8,1015.6,,,,
2026-07-31 22:26,2026-08-01 00:26,1,2026-08-06 03:00,2026-08-06 05:00,124.6,pressione,garda,,,,,-4.1,1019.7,1015.6,,,,
2026-07-31 22:26,2026-08-01 00:26,1,2026-08-06 04:00,2026-08-06 06:00,125.6,pressione,garda,,,,,-4.3,1020.0,1015.7,,,,
2026-07-31 22:26,2026-08-01 00:26,1,2026-08-06 05:00,2026-08-06 07:00,126.6,pressione,garda,,,,,-4.4,1020.1,1015.7,,,,
2026-07-31 22:26,2026-08-01 00:26,1,2026-08-06 06:00,2026-08-06 08:00,127.6,pressione,garda,,,,,-4.1,1020.0,1015.9,,,,
2026-07-31 22:26,2026-08-01 00:26,1,2026-08-06 07:00,2026-08-06 09:00,128.6,pressione,garda,,,,,-3.7,1019.7,1016.0,,,,
2026-07-31 22:26,2026-08-01 00:26,1,2026-08-06 08:00,2026-08-06 10:00,129.6,pressione,garda,,,,,-3.2,1019.2,1016.0,,,,
2026-07-31 22:26,2026-08-01 00:26,1,2026-08-06 09:00,2026-08-06 11:00,130.6,pressione,garda,,,,,-2.6,1018.6,1016.0,,,,
2026-07-31 22:26,2026-08-01 00:26,1,2026-08-06 10:00,2026-08-06 12:00,131.6,pressione,garda,,,,,-2.1,1018.0,1015.9,,,,
2026-07-31 22:26,2026-08-01 00:26,1,2026-08-06 11:00,2026-08-06 13:00,132.6,pressione,garda,,,,,-1.5,1017.2,1015.7,,,,
2026-07-31 22:26,2026-08-01 00:26,1,2026-08-06 12:00,2026-08-06 14:00,133.6,pressione,garda,,,,,-1.2,1016.6,1015.4,,,,
2026-07-31 22:26,2026-08-01 00:26,1,2026-08-06 13:00,2026-08-06 15:00,134.6,pressione,garda,,,,,-0.9,1016.0,1015.1,,,,
2026-07-31 22:26,2026-08-01 00:26,1,2026-08-06 14:00,2026-08-06 16:00,135.6,pressione,garda,,,,,-0.7,1015.4,1014.7,,,,
2026-07-31 22:26,2026-08-01 00:26,1,2026-08-06 15:00,2026-08-06 17:00,136.6,pressione,garda,,,,,-0.9,1015.2,1014.3,,,,
2026-07-31 22:26,2026-08-01 00:26,1,2026-08-06 16:00,2026-08-06 18:00,137.6,pressione,garda,,,,,-1.1,1015.0,1013.9,,,,
2026-07-31 22:26,2026-08-01 00:26,1,2026-08-06 17:00,2026-08-06 19:00,138.6,pressione,garda,,,,,-1.6,1015.3,1013.7,,,,
2026-07-31 22:26,2026-08-01 00:26,1,2026-08-06 18:00,2026-08-06 20:00,139.6,pressione,garda,,,,,-2.2,1015.9,1013.7,,,,
2026-07-31 22:26,2026-08-01 00:26,1,2026-08-06 19:00,2026-08-06 21:00,140.6,pressione,garda,,,,,-2.7,1016.8,1014.1,,,,
2026-07-31 22:26,2026-08-01 00:26,1,2026-08-06 20:00,2026-08-06 22:00,141.6,pressione,garda,,,,,-3.2,1017.5,1014.3,,,,
2026-07-31 22:26,2026-08-01 00:26,1,2026-08-06 21:00,2026-08-06 23:00,142.6,pressione,garda,,,,,-3.6,1018.1,1014.5,,,,
2026-07-31 22:26,2026-08-01 00:26,1,2026-08-06 22:00,2026-08-07 00:00,143.6,pressione,garda,,,,,-3.7,1018.4,1014.7,,,,
2026-07-31 22:26,2026-08-01 00:26,1,2026-08-06 23:00,2026-08-07 01:00,144.6,pressione,garda,,,,,-4.0,1018.9,1014.9,,,,
2026-07-31 22:26,2026-08-01 00:26,1,2026-08-07 00:00,2026-08-07 02:00,145.6,pressione,garda,,,,,-4.0,1019.0,1015.0,,,,
2026-07-31 22:26,2026-08-01 00:26,1,2026-08-07 01:00,2026-08-07 03:00,146.6,pressione,garda,,,,,-4.0,1019.0,1015.0,,,,
2026-07-31 22:26,2026-08-01 00:26,1,2026-08-07 02:00,2026-08-07 04:00,147.6,pressione,garda,,,,,-4.0,1019.0,1015.0,,,,
2026-07-31 22:26,2026-08-01 00:26,1,2026-08-07 03:00,2026-08-07 05:00,148.6,pressione,garda,,,,,-4.3,1019.2,1014.9,,,,
2026-07-31 22:26,2026-08-01 00:26,1,2026-08-07 04:00,2026-08-07 06:00,149.6,pressione,garda,,,,,-4.4,1019.3,1014.9,,,,
2026-07-31 22:26,2026-08-01 00:26,1,2026-08-07 05:00,2026-08-07 07:00,150.6,pressione,garda,,,,,-4.5,1019.3,1014.8,,,,
2026-07-31 22:26,2026-08-01 00:26,1,2026-08-07 06:00,2026-08-07 08:00,151.6,pressione,garda,,,,,-4.5,1019.5,1015.0,,,,
2026-07-31 22:26,2026-08-01 00:26,1,2026-08-07 07:00,2026-08-07 09:00,152.6,pressione,garda,,,,,-3.9,1019.0,1015.1,,,,
2026-07-31 22:26,2026-08-01 00:26,1,2026-08-07 08:00,2026-08-07 10:00,153.6,pressione,garda,,,,,-3.4,1018.6,1015.2,,,,
2026-07-31 22:26,2026-08-01 00:26,1,2026-08-07 09:00,2026-08-07 11:00,154.6,pressione,garda,,,,,-2.8,1018.1,1015.3,,,,
2026-07-31 22:26,2026-08-01 00:26,1,2026-08-07 10:00,2026-08-07 12:00,155.6,pressione,garda,,,,,-2.0,1017.1,1015.1,,,,
2026-07-31 22:26,2026-08-01 00:26,1,2026-08-07 11:00,2026-08-07 13:00,156.6,pressione,garda,,,,,-1.4,1016.3,1014.9,,,,
2026-07-31 22:26,2026-08-01 00:26,1,2026-08-07 12:00,2026-08-07 14:00,157.6,pressione,garda,,,,,-0.8,1015.4,1014.6,,,,
2026-07-31 22:26,2026-08-01 00:26,1,2026-08-07 13:00,2026-08-07 15:00,158.6,pressione,garda,,,,,-0.4,1014.7,1014.3,,,,
2026-07-31 22:26,2026-08-01 00:26,1,2026-08-07 14:00,2026-08-07 16:00,159.6,pressione,garda,,,,,-0.5,1014.2,1013.7,,,,
2026-07-31 22:26,2026-08-01 00:26,1,2026-08-07 15:00,2026-08-07 17:00,160.6,pressione,garda,,,,,-0.4,1013.6,1013.2,,,,
2026-07-31 22:26,2026-08-01 00:26,1,2026-08-07 16:00,2026-08-07 18:00,161.6,pressione,garda,,,,,-0.7,1013.6,1012.9,,,,
2026-07-31 22:26,2026-08-01 00:26,1,2026-08-07 17:00,2026-08-07 19:00,162.6,pressione,garda,,,,,-1.4,1014.2,1012.8,,,,
2026-07-31 22:26,2026-08-01 00:26,1,2026-08-07 18:00,2026-08-07 20:00,163.6,pressione,garda,,,,,-1.9,1014.9,1013.0,,,,
2026-07-31 22:26,2026-08-01 00:26,1,2026-08-07 19:00,2026-08-07 21:00,164.6,pressione,garda,,,,,-2.6,1015.6,1013.0,,,,
2026-07-31 22:26,2026-08-01 00:26,1,2026-08-07 20:00,2026-08-07 22:00,165.6,pressione,garda,,,,,-3.1,1016.4,1013.3,,,,
2026-07-31 22:26,2026-08-01 00:26,1,2026-08-07 21:00,2026-08-07 23:00,166.6,pressione,garda,,,,,-3.4,1016.9,1013.5,,,,
2026-07-31 22:26,2026-08-01 00:26,1,2026-08-07 22:00,2026-08-08 00:00,167.6,pressione,garda,,,,,-3.6,1017.4,1013.8,,,,
2026-07-31 22:26,2026-08-01 00:26,1,2026-08-07 23:00,2026-08-08 01:00,168.6,pressione,garda,,,,,-3.4,1017.6,1014.2,,,,
2026-07-31 22:26,2026-08-01 00:26,1,2026-08-08 00:00,2026-08-08 02:00,169.6,pressione,garda,,,,,-3.6,1017.7,1014.1,,,,
2026-07-31 22:26,2026-08-01 00:26,1,2026-08-08 01:00,2026-08-08 03:00,170.6,pressione,garda,,,,,-3.4,1017.5,1014.1,,,,
2026-07-31 22:26,2026-08-01 00:26,1,2026-08-08 02:00,2026-08-08 04:00,171.6,pressione,garda,,,,,-3.4,1017.5,1014.1,,,,
2026-07-31 22:26,2026-08-01 00:26,1,2026-08-08 03:00,2026-08-08 05:00,172.6,pressione,garda,,,,,-3.8,1017.7,1013.9,,,,
2026-07-31 22:26,2026-08-01 00:26,1,2026-08-08 04:00,2026-08-08 06:00,173.6,pressione,garda,,,,,-3.9,1017.8,1013.9,,,,
2026-07-31 22:26,2026-08-01 00:26,1,2026-08-08 05:00,2026-08-08 07:00,174.6,pressione,garda,,,,,-4.1,1018.0,1013.9,,,,
2026-07-31 22:26,2026-08-01 00:26,1,2026-08-08 06:00,2026-08-08 08:00,175.6,pressione,garda,,,,,-4.2,1018.2,1014.0,,,,
2026-07-31 22:26,2026-08-01 00:26,1,2026-08-08 07:00,2026-08-08 09:00,176.6,pressione,garda,,,,,-3.7,1017.8,1014.1,,,,
2026-07-31 22:26,2026-08-01 00:26,1,2026-08-08 08:00,2026-08-08 10:00,177.6,pressione,garda,,,,,-3.1,1017.3,1014.2,,,,
2026-07-31 22:26,2026-08-01 00:26,1,2026-08-08 09:00,2026-08-08 11:00,178.6,pressione,garda,,,,,-2.7,1016.9,1014.2,,,,
2026-07-31 22:26,2026-08-01 00:26,1,2026-08-08 10:00,2026-08-08 12:00,179.6,pressione,garda,,,,,-2.0,1016.1,1014.1,,,,
2026-07-31 22:26,2026-08-01 00:26,1,2026-08-08 11:00,2026-08-08 13:00,180.6,pressione,garda,,,,,-1.5,1015.4,1013.9,,,,
2026-07-31 22:26,2026-08-01 00:26,1,2026-08-08 12:00,2026-08-08 14:00,181.6,pressione,garda,,,,,-1.1,1015.0,1013.9,,,,
2026-07-31 22:26,2026-08-01 00:26,1,2026-08-08 13:00,2026-08-08 15:00,182.6,pressione,garda,,,,,-0.4,1014.1,1013.7,,,,
2026-07-31 22:26,2026-08-01 00:26,1,2026-08-08 14:00,2026-08-08 16:00,183.6,pressione,garda,,,,,-0.4,1013.5,1013.1,,,,
2026-07-31 22:26,2026-08-01 00:26,1,2026-08-08 15:00,2026-08-08 17:00,184.6,pressione,garda,,,,,-0.3,1013.0,1012.7,,,,
2026-07-31 22:26,2026-08-01 00:26,1,2026-08-08 16:00,2026-08-08 18:00,185.6,pressione,garda,,,,,-0.9,1013.2,1012.3,,,,
2026-07-31 22:26,2026-08-01 00:26,1,2026-08-08 17:00,2026-08-08 19:00,186.6,pressione,garda,,,,,-1.3,1013.5,1012.2,,,,
2026-07-31 22:26,2026-08-01 00:26,1,2026-08-08 18:00,2026-08-08 20:00,187.6,pressione,garda,,,,,-1.4,1013.9,1012.5,,,,
2026-07-31 22:26,2026-08-01 00:26,1,2026-08-08 19:00,2026-08-08 21:00,188.6,pressione,garda,,,,,-2.4,1014.6,1012.2,,,,
2026-07-31 22:26,2026-08-01 00:26,1,2026-08-08 20:00,2026-08-08 22:00,189.6,pressione,garda,,,,,-2.5,1015.1,1012.6,,,,
2026-07-31 22:26,2026-08-01 00:26,1,2026-08-08 21:00,2026-08-08 23:00,190.6,pressione,garda,,,,,-2.5,1015.5,1013.0,,,,
2026-07-31 22:26,2026-08-01 00:26,1,2026-08-08 22:00,2026-08-09 00:00,191.6,pressione,garda,,,,,-2.7,1015.9,1013.2,,,,
2026-07-31 22:26,2026-08-01 00:26,1,2026-08-08 23:00,2026-08-09 01:00,192.6,pressione,garda,,,,,-2.7,1016.0,1013.3,,,,
2026-07-31 22:26,2026-08-01 00:26,1,2026-08-09 00:00,2026-08-09 02:00,193.6,pressione,garda,,,,,-2.7,1016.1,1013.4,,,,
2026-07-31 22:26,2026-08-01 00:26,1,2026-08-09 01:00,2026-08-09 03:00,194.6,pressione,garda,,,,,-2.8,1016.1,1013.3,,,,
2026-07-31 22:26,2026-08-01 00:26,1,2026-08-09 02:00,2026-08-09 04:00,195.6,pressione,garda,,,,,-2.8,1016.1,1013.3,,,,
2026-07-31 22:26,2026-08-01 00:26,1,2026-08-09 03:00,2026-08-09 05:00,196.6,pressione,garda,,,,,-2.6,1016.0,1013.4,,,,
2026-07-31 22:26,2026-08-01 00:26,1,2026-08-09 04:00,2026-08-09 06:00,197.6,pressione,garda,,,,,-2.9,1016.3,1013.4,,,,
2026-07-31 22:26,2026-08-01 00:26,1,2026-08-09 05:00,2026-08-09 07:00,198.6,pressione,garda,,,,,-2.7,1016.2,1013.5,,,,
2026-07-31 22:26,2026-08-01 00:26,1,2026-08-09 06:00,2026-08-09 08:00,199.6,pressione,garda,,,,,-3.1,1016.5,1013.4,,,,
2026-07-31 22:26,2026-08-01 00:26,1,2026-08-09 07:00,2026-08-09 09:00,200.6,pressione,garda,,,,,-2.7,1016.1,1013.4,,,,
2026-07-31 22:26,2026-08-01 00:26,1,2026-08-09 08:00,2026-08-09 10:00,201.6,pressione,garda,,,,,-2.2,1015.6,1013.4,,,,
2026-07-31 22:26,2026-08-01 00:26,1,2026-08-09 09:00,2026-08-09 11:00,202.6,pressione,garda,,,,,-1.2,1014.6,1013.4,,,,
2026-07-31 22:26,2026-08-01 00:26,1,2026-08-09 10:00,2026-08-09 12:00,203.6,pressione,garda,,,,,-0.4,1013.7,1013.3,,,,
2026-07-31 22:26,2026-08-01 00:26,1,2026-08-09 11:00,2026-08-09 13:00,204.6,pressione,garda,,,,,0.0,1013.1,1013.1,,,,
2026-07-31 22:26,2026-08-01 00:26,1,2026-08-09 12:00,2026-08-09 14:00,205.6,pressione,garda,,,,,-0.1,1012.9,1012.8,,,,
2026-07-31 22:26,2026-08-01 00:26,1,2026-08-09 13:00,2026-08-09 15:00,206.6,pressione,garda,,,,,0.1,1012.4,1012.5,,,,
2026-07-31 22:26,2026-08-01 00:26,1,2026-08-09 14:00,2026-08-09 16:00,207.6,pressione,garda,,,,,-0.1,1012.2,1012.1,,,,
2026-07-31 22:26,2026-08-01 00:26,1,2026-08-09 15:00,2026-08-09 17:00,208.6,pressione,garda,,,,,-0.1,1011.8,1011.7,,,,
2026-07-31 22:26,2026-08-01 00:26,1,2026-08-09 16:00,2026-08-09 18:00,209.6,pressione,garda,,,,,-0.6,1012.1,1011.5,,,,
2026-07-31 22:26,2026-08-01 00:26,1,2026-08-09 17:00,2026-08-09 19:00,210.6,pressione,garda,,,,,-0.6,1012.0,1011.4,,,,
2026-07-31 22:26,2026-08-01 00:26,1,2026-08-09 18:00,2026-08-09 20:00,211.6,pressione,garda,,,,,-1.0,1012.4,1011.4,,,,
2026-07-31 22:26,2026-08-01 00:26,1,2026-08-09 19:00,2026-08-09 21:00,212.6,pressione,garda,,,,,-1.4,1013.1,1011.7,,,,
2026-07-31 22:26,2026-08-01 00:26,1,2026-08-09 20:00,2026-08-09 22:00,213.6,pressione,garda,,,,,-1.8,1013.7,1011.9,,,,
2026-07-31 22:26,2026-08-01 00:26,1,2026-08-09 21:00,2026-08-09 23:00,214.6,pressione,garda,,,,,-2.3,1014.4,1012.1,,,,
2026-07-31 22:26,2026-08-01 00:26,1,2026-08-09 22:00,2026-08-10 00:00,215.6,pressione,garda,,,,,-2.4,1014.8,1012.4,,,,
2026-07-31 22:26,2026-08-01 00:26,1,2026-08-09 23:00,2026-08-10 01:00,216.6,pressione,garda,,,,,-2.5,1015.1,1012.6,,,,
2026-07-31 22:26,2026-08-01 00:26,1,2026-08-10 00:00,2026-08-10 02:00,217.6,pressione,garda,,,,,-2.6,1015.4,1012.8,,,,
2026-07-31 22:26,2026-08-01 00:26,1,2026-08-10 01:00,2026-08-10 03:00,218.6,pressione,garda,,,,,-2.4,1015.4,1013.0,,,,
2026-07-31 22:26,2026-08-01 00:26,1,2026-08-10 02:00,2026-08-10 04:00,219.6,pressione,garda,,,,,-2.4,1015.4,1013.0,,,,
2026-07-31 22:26,2026-08-01 00:26,1,2026-08-10 03:00,2026-08-10 05:00,220.6,pressione,garda,,,,,-2.4,1015.4,1013.0,,,,
2026-07-31 22:26,2026-08-01 00:26,1,2026-08-10 04:00,2026-08-10 06:00,221.6,pressione,garda,,,,,-2.4,1015.5,1013.1,,,,
2026-07-31 22:26,2026-08-01 00:26,1,2026-08-10 05:00,2026-08-10 07:00,222.6,pressione,garda,,,,,-2.3,1015.7,1013.4,,,,
2026-07-31 22:26,2026-08-01 00:26,1,2026-08-10 06:00,2026-08-10 08:00,223.6,pressione,garda,,,,,-1.7,1015.7,1014.0,,,,
2026-07-31 22:26,2026-08-01 00:26,1,2026-08-10 07:00,2026-08-10 09:00,224.6,pressione,garda,,,,,-1.4,1015.5,1014.1,,,,
2026-07-31 22:26,2026-08-01 00:26,1,2026-08-10 08:00,2026-08-10 10:00,225.6,pressione,garda,,,,,-1.2,1015.4,1014.2,,,,
2026-07-31 22:26,2026-08-01 00:26,1,2026-08-10 09:00,2026-08-10 11:00,226.6,pressione,garda,,,,,-0.6,1014.7,1014.1,,,,
2026-07-31 22:26,2026-08-01 00:26,1,2026-08-10 10:00,2026-08-10 12:00,227.6,pressione,garda,,,,,-0.1,1014.1,1014.0,,,,
2026-07-31 22:26,2026-08-01 00:26,1,2026-08-10 11:00,2026-08-10 13:00,228.6,pressione,garda,,,,,0.2,1013.6,1013.8,,,,
2026-07-31 22:26,2026-08-01 00:26,1,2026-08-10 12:00,2026-08-10 14:00,229.6,pressione,garda,,,,,0.6,1013.1,1013.7,,,,
2026-07-31 22:26,2026-08-01 00:26,1,2026-08-10 13:00,2026-08-10 15:00,230.6,pressione,garda,,,,,0.8,1012.6,1013.4,,,,
2026-07-31 22:26,2026-08-01 00:26,1,2026-08-10 14:00,2026-08-10 16:00,231.6,pressione,garda,,,,,0.8,1012.2,1013.0,,,,
2026-07-31 22:26,2026-08-01 00:26,1,2026-08-10 15:00,2026-08-10 17:00,232.6,pressione,garda,,,,,0.7,1011.8,1012.5,,,,
2026-07-31 22:26,2026-08-01 00:26,1,2026-08-10 16:00,2026-08-10 18:00,233.6,pressione,garda,,,,,0.3,1012.0,1012.3,,,,
2026-07-31 22:26,2026-08-01 00:26,1,2026-08-10 17:00,2026-08-10 19:00,234.6,pressione,garda,,,,,-0.4,1012.5,1012.1,,,,
2026-07-31 22:26,2026-08-01 00:26,1,2026-08-10 18:00,2026-08-10 20:00,235.6,pressione,garda,,,,,-0.8,1012.9,1012.1,,,,
2026-07-31 22:26,2026-08-01 00:26,1,2026-08-10 19:00,2026-08-10 21:00,236.6,pressione,garda,,,,,-1.6,1013.7,1012.1,,,,
2026-07-31 22:26,2026-08-01 00:26,1,2026-08-10 20:00,2026-08-10 22:00,237.6,pressione,garda,,,,,-2.1,1014.3,1012.2,,,,
2026-07-31 22:26,2026-08-01 00:26,1,2026-08-10 21:00,2026-08-10 23:00,238.6,pressione,garda,,,,,-2.5,1015.1,1012.6,,,,
2026-07-31 22:26,2026-08-01 00:26,1,2026-08-10 22:00,2026-08-11 00:00,239.6,pressione,garda,,,,,-2.6,1015.5,1012.9,,,,
2026-07-31 22:26,2026-08-01 00:26,1,2026-08-10 23:00,2026-08-11 01:00,240.6,pressione,garda,,,,,-2.1,1015.6,1013.5,,,,
2026-07-31 22:26,2026-08-01 00:26,1,2026-08-11 00:00,2026-08-11 02:00,241.6,pressione,garda,,,,,-2.2,1015.8,1013.6,,,,
2026-07-31 22:26,2026-08-01 00:26,1,2026-08-11 01:00,2026-08-11 03:00,242.6,pressione,garda,,,,,-2.3,1015.9,1013.6,,,,
2026-07-31 22:26,2026-08-01 00:26,1,2026-08-11 02:00,2026-08-11 04:00,243.6,pressione,garda,,,,,-2.3,1016.0,1013.7,,,,
2026-07-31 22:26,2026-08-01 00:26,1,2026-08-11 03:00,2026-08-11 05:00,244.6,pressione,garda,,,,,-2.6,1016.3,1013.7,,,,
2026-07-31 22:26,2026-08-01 00:26,1,2026-08-11 04:00,2026-08-11 06:00,245.6,pressione,garda,,,,,-2.7,1016.5,1013.8,,,,
2026-07-31 22:30,2026-08-01 00:30,1,2026-07-31 23:00,2026-08-01 01:00,0.5,condizioni,malcesine,,,,,,,,27.2,0,0.0,1
2026-07-31 22:30,2026-08-01 00:30,1,2026-08-01 00:00,2026-08-01 02:00,1.5,condizioni,malcesine,,,,,,,,27.4,0,0.0,2
2026-07-31 22:30,2026-08-01 00:30,1,2026-08-01 01:00,2026-08-01 03:00,2.5,condizioni,malcesine,,,,,,,,27.6,0,0.0,2
2026-07-31 22:30,2026-08-01 00:30,1,2026-08-01 02:00,2026-08-01 04:00,3.5,condizioni,malcesine,,,,,,,,27.4,9,0.0,2
2026-07-31 22:30,2026-08-01 00:30,1,2026-08-01 03:00,2026-08-01 05:00,4.5,condizioni,malcesine,,,,,,,,27.2,36,0.0,2
2026-07-31 22:30,2026-08-01 00:30,1,2026-08-01 04:00,2026-08-01 06:00,5.5,condizioni,malcesine,,,,,,,,27.3,55,0.0,2
2026-07-31 22:30,2026-08-01 00:30,1,2026-08-01 05:00,2026-08-01 07:00,6.5,condizioni,malcesine,,,,,,,,27.3,27,0.0,1
2026-07-31 22:30,2026-08-01 00:30,1,2026-08-01 06:00,2026-08-01 08:00,7.5,condizioni,malcesine,,,,,,,,26.9,0,0.0,1
2026-07-31 22:30,2026-08-01 00:30,1,2026-08-01 07:00,2026-08-01 09:00,8.5,condizioni,malcesine,,,,,,,,28.5,0,0.0,0
2026-07-31 22:30,2026-08-01 00:30,1,2026-08-01 08:00,2026-08-01 10:00,9.5,condizioni,malcesine,,,,,,,,29.7,0,0.0,1
2026-07-31 22:30,2026-08-01 00:30,1,2026-08-01 09:00,2026-08-01 11:00,10.5,condizioni,malcesine,,,,,,,,30.8,0,0.0,1
2026-07-31 22:30,2026-08-01 00:30,1,2026-08-01 10:00,2026-08-01 12:00,11.5,condizioni,malcesine,,,,,,,,32.1,0,0.0,0
2026-07-31 22:30,2026-08-01 00:30,1,2026-08-01 11:00,2026-08-01 13:00,12.5,condizioni,malcesine,,,,,,,,33.2,0,0.0,1
2026-07-31 22:30,2026-08-01 00:30,1,2026-08-01 12:00,2026-08-01 14:00,13.5,condizioni,malcesine,,,,,,,,32.3,0,0.0,1
2026-07-31 22:30,2026-08-01 00:30,1,2026-08-01 13:00,2026-08-01 15:00,14.5,condizioni,malcesine,,,,,,,,33.8,0,0.0,0
2026-07-31 22:30,2026-08-01 00:30,1,2026-08-01 14:00,2026-08-01 16:00,15.5,condizioni,malcesine,,,,,,,,34.0,0,0.0,3
2026-07-31 22:30,2026-08-01 00:30,1,2026-08-01 15:00,2026-08-01 17:00,16.5,condizioni,malcesine,,,,,,,,35.0,0,0.0,3
2026-07-31 22:30,2026-08-01 00:30,1,2026-08-01 16:00,2026-08-01 18:00,17.5,condizioni,malcesine,,,,,,,,33.8,9,0.0,0
2026-07-31 22:30,2026-08-01 00:30,1,2026-08-01 17:00,2026-08-01 19:00,18.5,condizioni,malcesine,,,,,,,,32.2,0,0.0,3
2026-07-31 22:30,2026-08-01 00:30,1,2026-08-01 18:00,2026-08-01 20:00,19.5,condizioni,malcesine,,,,,,,,30.8,0,0.0,3
2026-07-31 22:30,2026-08-01 00:30,1,2026-08-01 19:00,2026-08-01 21:00,20.5,condizioni,malcesine,,,,,,,,30.2,0,0.0,3
2026-07-31 22:30,2026-08-01 00:30,1,2026-08-01 20:00,2026-08-01 22:00,21.5,condizioni,malcesine,,,,,,,,30.8,0,0.0,3
2026-07-31 22:30,2026-08-01 00:30,1,2026-08-01 21:00,2026-08-01 23:00,22.5,condizioni,malcesine,,,,,,,,30.1,36,0.0,3
2026-07-31 22:30,2026-08-01 00:30,1,2026-08-01 22:00,2026-08-02 00:00,23.5,condizioni,malcesine,,,,,,,,29.0,36,0.0,3
2026-07-31 22:30,2026-08-01 00:30,1,2026-08-01 23:00,2026-08-02 01:00,24.5,condizioni,malcesine,,,,,,,,29.0,18,0.0,3
2026-07-31 22:30,2026-08-01 00:30,1,2026-08-02 00:00,2026-08-02 02:00,25.5,condizioni,malcesine,,,,,,,,27.5,5,0.0,3
2026-07-31 22:30,2026-08-01 00:30,1,2026-08-02 01:00,2026-08-02 03:00,26.5,condizioni,malcesine,,,,,,,,27.5,8,0.0,1
2026-07-31 22:30,2026-08-01 00:30,1,2026-08-02 02:00,2026-08-02 04:00,27.5,condizioni,malcesine,,,,,,,,27.4,13,0.0,1
2026-07-31 22:30,2026-08-01 00:30,1,2026-08-02 03:00,2026-08-02 05:00,28.5,condizioni,malcesine,,,,,,,,27.4,3,0.0,1
2026-07-31 22:30,2026-08-01 00:30,1,2026-08-02 04:00,2026-08-02 06:00,29.5,condizioni,malcesine,,,,,,,,27.3,13,0.0,1
2026-07-31 22:30,2026-08-01 00:30,1,2026-08-02 05:00,2026-08-02 07:00,30.5,condizioni,malcesine,,,,,,,,27.2,8,0.0,1
2026-07-31 22:30,2026-08-01 00:30,1,2026-08-02 06:00,2026-08-02 08:00,31.5,condizioni,malcesine,,,,,,,,27.3,8,0.0,2
2026-07-31 22:30,2026-08-01 00:30,1,2026-08-02 07:00,2026-08-02 09:00,32.5,condizioni,malcesine,,,,,,,,28.1,8,0.0,2
2026-07-31 22:30,2026-08-01 00:30,1,2026-08-02 08:00,2026-08-02 10:00,33.5,condizioni,malcesine,,,,,,,,29.3,5,0.0,2
2026-07-31 22:30,2026-08-01 00:30,1,2026-08-02 09:00,2026-08-02 11:00,34.5,condizioni,malcesine,,,,,,,,30.5,8,0.0,1
2026-07-31 22:30,2026-08-01 00:30,1,2026-08-02 10:00,2026-08-02 12:00,35.5,condizioni,malcesine,,,,,,,,32.1,0,0.0,1
2026-07-31 22:30,2026-08-01 00:30,1,2026-08-02 11:00,2026-08-02 13:00,36.5,condizioni,malcesine,,,,,,,,33.4,5,0.0,2
2026-07-31 22:30,2026-08-01 00:30,1,2026-08-02 12:00,2026-08-02 14:00,37.5,condizioni,malcesine,,,,,,,,33.4,13,0.0,2
2026-07-31 22:30,2026-08-01 00:30,1,2026-08-02 13:00,2026-08-02 15:00,38.5,condizioni,malcesine,,,,,,,,34.5,3,0.0,1
2026-07-31 22:30,2026-08-01 00:30,1,2026-08-02 14:00,2026-08-02 16:00,39.5,condizioni,malcesine,,,,,,,,35.0,0,0.0,1
2026-07-31 22:30,2026-08-01 00:30,1,2026-08-02 15:00,2026-08-02 17:00,40.5,condizioni,malcesine,,,,,,,,34.9,0,0.0,3
2026-07-31 22:30,2026-08-01 00:30,1,2026-08-02 16:00,2026-08-02 18:00,41.5,condizioni,malcesine,,,,,,,,34.0,3,0.0,3
2026-07-31 22:30,2026-08-01 00:30,1,2026-08-02 17:00,2026-08-02 19:00,42.5,condizioni,malcesine,,,,,,,,32.8,0,0.0,3
2026-07-31 22:30,2026-08-01 00:30,1,2026-08-02 18:00,2026-08-02 20:00,43.5,condizioni,malcesine,,,,,,,,31.1,0,0.0,3
2026-07-31 22:30,2026-08-01 00:30,1,2026-08-02 19:00,2026-08-02 21:00,44.5,condizioni,malcesine,,,,,,,,29.9,0,0.0,3
2026-07-31 22:30,2026-08-01 00:30,1,2026-08-02 20:00,2026-08-02 22:00,45.5,condizioni,malcesine,,,,,,,,28.9,0,0.0,3
2026-07-31 22:30,2026-08-01 00:30,1,2026-08-02 21:00,2026-08-02 23:00,46.5,condizioni,malcesine,,,,,,,,28.2,0,0.0,3
2026-07-31 22:30,2026-08-01 00:30,1,2026-08-02 22:00,2026-08-03 00:00,47.5,condizioni,malcesine,,,,,,,,27.6,0,0.0,0
2026-07-31 22:30,2026-08-01 00:30,1,2026-07-31 23:00,2026-08-01 01:00,0.5,condizioni,torbole,,,,,,,,26.6,0,0.0,1
2026-07-31 22:30,2026-08-01 00:30,1,2026-08-01 00:00,2026-08-01 02:00,1.5,condizioni,torbole,,,,,,,,26.8,0,0.0,2
2026-07-31 22:30,2026-08-01 00:30,1,2026-08-01 01:00,2026-08-01 03:00,2.5,condizioni,torbole,,,,,,,,26.6,0,0.0,3
2026-07-31 22:30,2026-08-01 00:30,1,2026-08-01 02:00,2026-08-01 04:00,3.5,condizioni,torbole,,,,,,,,26.6,18,0.0,2
2026-07-31 22:30,2026-08-01 00:30,1,2026-08-01 03:00,2026-08-01 05:00,4.5,condizioni,torbole,,,,,,,,26.6,55,0.0,3
2026-07-31 22:30,2026-08-01 00:30,1,2026-08-01 04:00,2026-08-01 06:00,5.5,condizioni,torbole,,,,,,,,26.4,64,0.0,3
2026-07-31 22:30,2026-08-01 00:30,1,2026-08-01 05:00,2026-08-01 07:00,6.5,condizioni,torbole,,,,,,,,26.0,36,0.0,0
2026-07-31 22:30,2026-08-01 00:30,1,2026-08-01 06:00,2026-08-01 08:00,7.5,condizioni,torbole,,,,,,,,27.0,9,0.0,0
2026-07-31 22:30,2026-08-01 00:30,1,2026-08-01 07:00,2026-08-01 09:00,8.5,condizioni,torbole,,,,,,,,28.3,0,0.0,0
2026-07-31 22:30,2026-08-01 00:30,1,2026-08-01 08:00,2026-08-01 10:00,9.5,condizioni,torbole,,,,,,,,29.7,0,0.0,2
2026-07-31 22:30,2026-08-01 00:30,1,2026-08-01 09:00,2026-08-01 11:00,10.5,condizioni,torbole,,,,,,,,31.5,0,0.0,0
2026-07-31 22:30,2026-08-01 00:30,1,2026-08-01 10:00,2026-08-01 12:00,11.5,condizioni,torbole,,,,,,,,33.6,0,0.0,0
2026-07-31 22:30,2026-08-01 00:30,1,2026-08-01 11:00,2026-08-01 13:00,12.5,condizioni,torbole,,,,,,,,35.3,0,0.0,0
2026-07-31 22:30,2026-08-01 00:30,1,2026-08-01 12:00,2026-08-01 14:00,13.5,condizioni,torbole,,,,,,,,34.8,0,0.0,0
2026-07-31 22:30,2026-08-01 00:30,1,2026-08-01 13:00,2026-08-01 15:00,14.5,condizioni,torbole,,,,,,,,33.9,0,0.0,0
2026-07-31 22:30,2026-08-01 00:30,1,2026-08-01 14:00,2026-08-01 16:00,15.5,condizioni,torbole,,,,,,,,33.8,0,0.0,3
2026-07-31 22:30,2026-08-01 00:30,1,2026-08-01 15:00,2026-08-01 17:00,16.5,condizioni,torbole,,,,,,,,34.6,0,0.0,3
2026-07-31 22:30,2026-08-01 00:30,1,2026-08-01 16:00,2026-08-01 18:00,17.5,condizioni,torbole,,,,,,,,34.3,0,0.0,3
2026-07-31 22:30,2026-08-01 00:30,1,2026-08-01 17:00,2026-08-01 19:00,18.5,condizioni,torbole,,,,,,,,34.5,0,0.0,3
2026-07-31 22:30,2026-08-01 00:30,1,2026-08-01 18:00,2026-08-01 20:00,19.5,condizioni,torbole,,,,,,,,32.9,9,0.0,0
2026-07-31 22:30,2026-08-01 00:30,1,2026-08-01 19:00,2026-08-01 21:00,20.5,condizioni,torbole,,,,,,,,30.6,0,0.0,3
2026-07-31 22:30,2026-08-01 00:30,1,2026-08-01 20:00,2026-08-01 22:00,21.5,condizioni,torbole,,,,,,,,30.1,0,0.0,2
2026-07-31 22:30,2026-08-01 00:30,1,2026-08-01 21:00,2026-08-01 23:00,22.5,condizioni,torbole,,,,,,,,29.5,0,0.0,2
2026-07-31 22:30,2026-08-01 00:30,1,2026-08-01 22:00,2026-08-02 00:00,23.5,condizioni,torbole,,,,,,,,29.1,9,0.0,3
2026-07-31 22:30,2026-08-01 00:30,1,2026-08-01 23:00,2026-08-02 01:00,24.5,condizioni,torbole,,,,,,,,26.3,36,2.7,63
2026-07-31 22:30,2026-08-01 00:30,1,2026-08-02 00:00,2026-08-02 02:00,25.5,condizioni,torbole,,,,,,,,25.8,3,0.0,3
2026-07-31 22:30,2026-08-01 00:30,1,2026-08-02 01:00,2026-08-02 03:00,26.5,condizioni,torbole,,,,,,,,25.3,0,0.0,1
2026-07-31 22:30,2026-08-01 00:30,1,2026-08-02 02:00,2026-08-02 04:00,27.5,condizioni,torbole,,,,,,,,25.3,5,0.0,1
2026-07-31 22:30,2026-08-01 00:30,1,2026-08-02 03:00,2026-08-02 05:00,28.5,condizioni,torbole,,,,,,,,24.8,3,0.0,1
2026-07-31 22:30,2026-08-01 00:30,1,2026-08-02 04:00,2026-08-02 06:00,29.5,condizioni,torbole,,,,,,,,24.5,10,0.0,1
2026-07-31 22:30,2026-08-01 00:30,1,2026-08-02 05:00,2026-08-02 07:00,30.5,condizioni,torbole,,,,,,,,25.0,5,0.0,1
2026-07-31 22:30,2026-08-01 00:30,1,2026-08-02 06:00,2026-08-02 08:00,31.5,condizioni,torbole,,,,,,,,26.7,10,0.0,1
2026-07-31 22:30,2026-08-01 00:30,1,2026-08-02 07:00,2026-08-02 09:00,32.5,condizioni,torbole,,,,,,,,27.9,13,0.0,2
2026-07-31 22:30,2026-08-01 00:30,1,2026-08-02 08:00,2026-08-02 10:00,33.5,condizioni,torbole,,,,,,,,28.9,5,0.0,2
2026-07-31 22:30,2026-08-01 00:30,1,2026-08-02 09:00,2026-08-02 11:00,34.5,condizioni,torbole,,,,,,,,30.7,3,0.0,1
2026-07-31 22:30,2026-08-01 00:30,1,2026-08-02 10:00,2026-08-02 12:00,35.5,condizioni,torbole,,,,,,,,32.7,0,0.0,1
2026-07-31 22:30,2026-08-01 00:30,1,2026-08-02 11:00,2026-08-02 13:00,36.5,condizioni,torbole,,,,,,,,34.1,5,0.0,1
2026-07-31 22:30,2026-08-01 00:30,1,2026-08-02 12:00,2026-08-02 14:00,37.5,condizioni,torbole,,,,,,,,35.5,13,0.0,1
2026-07-31 22:30,2026-08-01 00:30,1,2026-08-02 13:00,2026-08-02 15:00,38.5,condizioni,torbole,,,,,,,,35.3,10,0.0,3
2026-07-31 22:30,2026-08-01 00:30,1,2026-08-02 14:00,2026-08-02 16:00,39.5,condizioni,torbole,,,,,,,,35.7,15,0.0,3
2026-07-31 22:30,2026-08-01 00:30,1,2026-08-02 15:00,2026-08-02 17:00,40.5,condizioni,torbole,,,,,,,,35.1,5,0.0,3
2026-07-31 22:30,2026-08-01 00:30,1,2026-08-02 16:00,2026-08-02 18:00,41.5,condizioni,torbole,,,,,,,,33.9,3,0.0,3
2026-07-31 22:30,2026-08-01 00:30,1,2026-08-02 17:00,2026-08-02 19:00,42.5,condizioni,torbole,,,,,,,,33.3,3,0.0,3
2026-07-31 22:30,2026-08-01 00:30,1,2026-08-02 18:00,2026-08-02 20:00,43.5,condizioni,torbole,,,,,,,,32.3,3,0.0,3
2026-07-31 22:30,2026-08-01 00:30,1,2026-08-02 19:00,2026-08-02 21:00,44.5,condizioni,torbole,,,,,,,,29.1,2,0.0,3
2026-07-31 22:30,2026-08-01 00:30,1,2026-08-02 20:00,2026-08-02 22:00,45.5,condizioni,torbole,,,,,,,,27.8,1,0.0,3
2026-07-31 22:30,2026-08-01 00:30,1,2026-08-02 21:00,2026-08-02 23:00,46.5,condizioni,torbole,,,,,,,,26.8,0,0.0,3
2026-07-31 22:30,2026-08-01 00:30,1,2026-08-02 22:00,2026-08-03 00:00,47.5,condizioni,torbole,,,,,,,,26.1,0,0.0,3
2026-07-31 22:30,2026-08-01 00:30,1,2026-07-31 23:00,2026-08-01 01:00,0.5,meteoswiss_ch1,malcesine,Campione,18.1,7.2,20,,,,,,,
2026-07-31 22:30,2026-08-01 00:30,1,2026-08-01 00:00,2026-08-01 02:00,1.5,meteoswiss_ch1,malcesine,Campione,15.3,7.4,18,,,,,,,
2026-07-31 22:30,2026-08-01 00:30,1,2026-08-01 01:00,2026-08-01 03:00,2.5,meteoswiss_ch1,malcesine,Campione,13.4,5.2,15,,,,,,,
2026-07-31 22:30,2026-08-01 00:30,1,2026-08-01 02:00,2026-08-01 04:00,3.5,meteoswiss_ch1,malcesine,Campione,9.7,5.1,9,,,,,,,
2026-07-31 22:30,2026-08-01 00:30,1,2026-08-01 03:00,2026-08-01 05:00,4.5,meteoswiss_ch1,malcesine,Campione,9.3,4.6,2,,,,,,,
2026-07-31 22:30,2026-08-01 00:30,1,2026-08-01 04:00,2026-08-01 06:00,5.5,meteoswiss_ch1,malcesine,Campione,9.0,4.9,5,,,,,,,
2026-07-31 22:30,2026-08-01 00:30,1,2026-08-01 05:00,2026-08-01 07:00,6.5,meteoswiss_ch1,malcesine,Campione,11.9,5.8,14,,,,,,,
2026-07-31 22:30,2026-08-01 00:30,1,2026-08-01 06:00,2026-08-01 08:00,7.5,meteoswiss_ch1,malcesine,Campione,12.9,7.0,13,,,,,,,
2026-07-31 22:30,2026-08-01 00:30,1,2026-08-01 07:00,2026-08-01 09:00,8.5,meteoswiss_ch1,malcesine,Campione,13.2,4.3,8,,,,,,,
2026-07-31 22:30,2026-08-01 00:30,1,2026-08-01 08:00,2026-08-01 10:00,9.5,meteoswiss_ch1,malcesine,Campione,12.9,5.7,18,,,,,,,
2026-07-31 22:30,2026-08-01 00:30,1,2026-08-01 09:00,2026-08-01 11:00,10.5,meteoswiss_ch1,malcesine,Campione,13.0,6.3,7,,,,,,,
2026-07-31 22:30,2026-08-01 00:30,1,2026-08-01 10:00,2026-08-01 12:00,11.5,meteoswiss_ch1,malcesine,Campione,13.8,6.6,360,,,,,,,
2026-07-31 22:30,2026-08-01 00:30,1,2026-08-01 11:00,2026-08-01 13:00,12.5,meteoswiss_ch1,malcesine,Campione,13.2,3.9,342,,,,,,,
2026-07-31 22:30,2026-08-01 00:30,1,2026-08-01 12:00,2026-08-01 14:00,13.5,meteoswiss_ch1,malcesine,Campione,11.4,5.5,231,,,,,,,
2026-07-31 22:30,2026-08-01 00:30,1,2026-08-01 13:00,2026-08-01 15:00,14.5,meteoswiss_ch1,malcesine,Campione,11.4,5.3,242,,,,,,,
2026-07-31 22:30,2026-08-01 00:30,1,2026-08-01 14:00,2026-08-01 16:00,15.5,meteoswiss_ch1,malcesine,Campione,13.0,5.6,234,,,,,,,
2026-07-31 22:30,2026-08-01 00:30,1,2026-08-01 15:00,2026-08-01 17:00,16.5,meteoswiss_ch1,malcesine,Campione,12.0,4.6,237,,,,,,,
2026-07-31 22:30,2026-08-01 00:30,1,2026-08-01 16:00,2026-08-01 18:00,17.5,meteoswiss_ch1,malcesine,Campione,9.7,2.3,265,,,,,,,
2026-07-31 22:30,2026-08-01 00:30,1,2026-08-01 17:00,2026-08-01 19:00,18.5,meteoswiss_ch1,malcesine,Campione,6.6,1.2,351,,,,,,,
2026-07-31 22:30,2026-08-01 00:30,1,2026-08-01 18:00,2026-08-01 20:00,19.5,meteoswiss_ch1,malcesine,Campione,7.8,3.0,32,,,,,,,
2026-07-31 22:30,2026-08-01 00:30,1,2026-08-01 19:00,2026-08-01 21:00,20.5,meteoswiss_ch1,malcesine,Campione,7.4,3.5,117,,,,,,,
2026-07-31 22:30,2026-08-01 00:30,1,2026-08-01 20:00,2026-08-01 22:00,21.5,meteoswiss_ch1,malcesine,Campione,6.8,3.8,41,,,,,,,
2026-07-31 22:30,2026-08-01 00:30,1,2026-08-01 21:00,2026-08-01 23:00,22.5,meteoswiss_ch1,malcesine,Campione,11.4,6.5,21,,,,,,,
2026-07-31 22:30,2026-08-01 00:30,1,2026-08-01 22:00,2026-08-02 00:00,23.5,meteoswiss_ch1,malcesine,Campione,13.2,7.2,19,,,,,,,
2026-07-31 22:30,2026-08-01 00:30,1,2026-08-01 23:00,2026-08-02 01:00,24.5,meteoswiss_ch1,malcesine,Campione,13.2,3.7,47,,,,,,,
2026-07-31 22:30,2026-08-01 00:30,1,2026-07-31 23:00,2026-08-01 01:00,0.5,meteoswiss_ch1,malcesine,Limone,7.0,1.3,27,,,,,,,
2026-07-31 22:30,2026-08-01 00:30,1,2026-08-01 00:00,2026-08-01 02:00,1.5,meteoswiss_ch1,malcesine,Limone,4.3,2.9,318,,,,,,,
2026-07-31 22:30,2026-08-01 00:30,1,2026-08-01 01:00,2026-08-01 03:00,2.5,meteoswiss_ch1,malcesine,Limone,4.6,1.5,293,,,,,,,
2026-07-31 22:30,2026-08-01 00:30,1,2026-08-01 02:00,2026-08-01 04:00,3.5,meteoswiss_ch1,malcesine,Limone,4.3,2.6,306,,,,,,,
2026-07-31 22:30,2026-08-01 00:30,1,2026-08-01 03:00,2026-08-01 05:00,4.5,meteoswiss_ch1,malcesine,Limone,4.5,1.9,315,,,,,,,
2026-07-31 22:30,2026-08-01 00:30,1,2026-08-01 04:00,2026-08-01 06:00,5.5,meteoswiss_ch1,malcesine,Limone,6.4,1.8,319,,,,,,,
2026-07-31 22:30,2026-08-01 00:30,1,2026-08-01 05:00,2026-08-01 07:00,6.5,meteoswiss_ch1,malcesine,Limone,3.7,0.9,333,,,,,,,
2026-07-31 22:30,2026-08-01 00:30,1,2026-08-01 06:00,2026-08-01 08:00,7.5,meteoswiss_ch1,malcesine,Limone,7.0,3.9,79,,,,,,,
2026-07-31 22:30,2026-08-01 00:30,1,2026-08-01 07:00,2026-08-01 09:00,8.5,meteoswiss_ch1,malcesine,Limone,10.7,5.1,65,,,,,,,
2026-07-31 22:30,2026-08-01 00:30,1,2026-08-01 08:00,2026-08-01 10:00,9.5,meteoswiss_ch1,malcesine,Limone,10.7,5.8,69,,,,,,,
2026-07-31 22:30,2026-08-01 00:30,1,2026-08-01 09:00,2026-08-01 11:00,10.5,meteoswiss_ch1,malcesine,Limone,10.9,5.7,72,,,,,,,
2026-07-31 22:30,2026-08-01 00:30,1,2026-08-01 10:00,2026-08-01 12:00,11.5,meteoswiss_ch1,malcesine,Limone,11.3,5.7,72,,,,,,,
2026-07-31 22:30,2026-08-01 00:30,1,2026-08-01 11:00,2026-08-01 13:00,12.5,meteoswiss_ch1,malcesine,Limone,10.9,4.1,85,,,,,,,
2026-07-31 22:30,2026-08-01 00:30,1,2026-08-01 12:00,2026-08-01 14:00,13.5,meteoswiss_ch1,malcesine,Limone,12.0,6.7,172,,,,,,,
2026-07-31 22:30,2026-08-01 00:30,1,2026-08-01 13:00,2026-08-01 15:00,14.5,meteoswiss_ch1,malcesine,Limone,12.3,5.9,172,,,,,,,
2026-07-31 22:30,2026-08-01 00:30,1,2026-08-01 14:00,2026-08-01 16:00,15.5,meteoswiss_ch1,malcesine,Limone,11.1,3.1,162,,,,,,,
2026-07-31 22:30,2026-08-01 00:30,1,2026-08-01 15:00,2026-08-01 17:00,16.5,meteoswiss_ch1,malcesine,Limone,6.8,1.0,112,,,,,,,
2026-07-31 22:30,2026-08-01 00:30,1,2026-08-01 16:00,2026-08-01 18:00,17.5,meteoswiss_ch1,malcesine,Limone,3.7,1.3,135,,,,,,,
2026-07-31 22:30,2026-08-01 00:30,1,2026-08-01 17:00,2026-08-01 19:00,18.5,meteoswiss_ch1,malcesine,Limone,4.1,1.0,11,,,,,,,
2026-07-31 22:30,2026-08-01 00:30,1,2026-08-01 18:00,2026-08-01 20:00,19.5,meteoswiss_ch1,malcesine,Limone,8.2,5.0,309,,,,,,,
2026-07-31 22:30,2026-08-01 00:30,1,2026-08-01 19:00,2026-08-01 21:00,20.5,meteoswiss_ch1,malcesine,Limone,11.4,6.5,303,,,,,,,
2026-07-31 22:30,2026-08-01 00:30,1,2026-08-01 20:00,2026-08-01 22:00,21.5,meteoswiss_ch1,malcesine,Limone,10.7,3.1,300,,,,,,,
2026-07-31 22:30,2026-08-01 00:30,1,2026-08-01 21:00,2026-08-01 23:00,22.5,meteoswiss_ch1,malcesine,Limone,7.4,2.4,351,,,,,,,
2026-07-31 22:30,2026-08-01 00:30,1,2026-08-01 22:00,2026-08-02 00:00,23.5,meteoswiss_ch1,malcesine,Limone,5.5,3.3,320,,,,,,,
2026-07-31 22:30,2026-08-01 00:30,1,2026-08-01 23:00,2026-08-02 01:00,24.5,meteoswiss_ch1,malcesine,Limone,32.3,17.7,310,,,,,,,
2026-07-31 22:30,2026-08-01 00:30,1,2026-07-31 23:00,2026-08-01 01:00,0.5,meteoswiss_ch1,malcesine,Navene,23.7,10.3,20,,,,,,,
2026-07-31 22:30,2026-08-01 00:30,1,2026-08-01 00:00,2026-08-01 02:00,1.5,meteoswiss_ch1,malcesine,Navene,23.3,10.3,25,,,,,,,
2026-07-31 22:30,2026-08-01 00:30,1,2026-08-01 01:00,2026-08-01 03:00,2.5,meteoswiss_ch1,malcesine,Navene,22.0,7.3,32,,,,,,,
2026-07-31 22:30,2026-08-01 00:30,1,2026-08-01 02:00,2026-08-01 04:00,3.5,meteoswiss_ch1,malcesine,Navene,16.7,7.5,33,,,,,,,
2026-07-31 22:30,2026-08-01 00:30,1,2026-08-01 03:00,2026-08-01 05:00,4.5,meteoswiss_ch1,malcesine,Navene,16.3,6.7,26,,,,,,,
2026-07-31 22:30,2026-08-01 00:30,1,2026-08-01 04:00,2026-08-01 06:00,5.5,meteoswiss_ch1,malcesine,Navene,17.1,7.5,33,,,,,,,
2026-07-31 22:30,2026-08-01 00:30,1,2026-08-01 05:00,2026-08-01 07:00,6.5,meteoswiss_ch1,malcesine,Navene,22.1,8.4,34,,,,,,,
2026-07-31 22:30,2026-08-01 00:30,1,2026-08-01 06:00,2026-08-01 08:00,7.5,meteoswiss_ch1,malcesine,Navene,19.7,9.1,29,,,,,,,
2026-07-31 22:30,2026-08-01 00:30,1,2026-08-01 07:00,2026-08-01 09:00,8.5,meteoswiss_ch1,malcesine,Navene,19.7,7.2,33,,,,,,,
2026-07-31 22:30,2026-08-01 00:30,1,2026-08-01 08:00,2026-08-01 10:00,9.5,meteoswiss_ch1,malcesine,Navene,17.1,7.4,18,,,,,,,
2026-07-31 22:30,2026-08-01 00:30,1,2026-08-01 09:00,2026-08-01 11:00,10.5,meteoswiss_ch1,malcesine,Navene,17.1,6.5,12,,,,,,,
2026-07-31 22:30,2026-08-01 00:30,1,2026-08-01 10:00,2026-08-01 12:00,11.5,meteoswiss_ch1,malcesine,Navene,16.9,6.5,7,,,,,,,
2026-07-31 22:30,2026-08-01 00:30,1,2026-08-01 11:00,2026-08-01 13:00,12.5,meteoswiss_ch1,malcesine,Navene,15.8,4.8,320,,,,,,,
2026-07-31 22:30,2026-08-01 00:30,1,2026-08-01 12:00,2026-08-01 14:00,13.5,meteoswiss_ch1,malcesine,Navene,15.2,6.2,231,,,,,,,
2026-07-31 22:30,2026-08-01 00:30,1,2026-08-01 13:00,2026-08-01 15:00,14.5,meteoswiss_ch1,malcesine,Navene,15.9,6.4,235,,,,,,,
2026-07-31 22:30,2026-08-01 00:30,1,2026-08-01 14:00,2026-08-01 16:00,15.5,meteoswiss_ch1,malcesine,Navene,16.7,5.6,226,,,,,,,
2026-07-31 22:30,2026-08-01 00:30,1,2026-08-01 15:00,2026-08-01 17:00,16.5,meteoswiss_ch1,malcesine,Navene,15.0,5.2,243,,,,,,,
2026-07-31 22:30,2026-08-01 00:30,1,2026-08-01 16:00,2026-08-01 18:00,17.5,meteoswiss_ch1,malcesine,Navene,12.6,4.8,243,,,,,,,
2026-07-31 22:30,2026-08-01 00:30,1,2026-08-01 17:00,2026-08-01 19:00,18.5,meteoswiss_ch1,malcesine,Navene,11.7,0.6,288,,,,,,,
2026-07-31 22:30,2026-08-01 00:30,1,2026-08-01 18:00,2026-08-01 20:00,19.5,meteoswiss_ch1,malcesine,Navene,9.9,4.5,18,,,,,,,
2026-07-31 22:30,2026-08-01 00:30,1,2026-08-01 19:00,2026-08-01 21:00,20.5,meteoswiss_ch1,malcesine,Navene,9.3,4.5,83,,,,,,,
2026-07-31 22:30,2026-08-01 00:30,1,2026-08-01 20:00,2026-08-01 22:00,21.5,meteoswiss_ch1,malcesine,Navene,13.8,6.7,44,,,,,,,
2026-07-31 22:30,2026-08-01 00:30,1,2026-08-01 21:00,2026-08-01 23:00,22.5,meteoswiss_ch1,malcesine,Navene,15.9,7.7,27,,,,,,,
2026-07-31 22:30,2026-08-01 00:30,1,2026-08-01 22:00,2026-08-02 00:00,23.5,meteoswiss_ch1,malcesine,Navene,16.1,5.8,21,,,,,,,
2026-07-31 22:30,2026-08-01 00:30,1,2026-08-01 23:00,2026-08-02 01:00,24.5,meteoswiss_ch1,malcesine,Navene,20.2,9.4,53,,,,,,,
2026-07-31 22:30,2026-08-01 00:30,1,2026-07-31 23:00,2026-08-01 01:00,0.5,meteoswiss_ch1,malcesine,Parcheggione,8.7,3.2,38,,,,,,,
2026-07-31 22:30,2026-08-01 00:30,1,2026-08-01 00:00,2026-08-01 02:00,1.5,meteoswiss_ch1,malcesine,Parcheggione,9.1,3.8,45,,,,,,,
2026-07-31 22:30,2026-08-01 00:30,1,2026-08-01 01:00,2026-08-01 03:00,2.5,meteoswiss_ch1,malcesine,Parcheggione,7.0,2.2,38,,,,,,,
2026-07-31 22:30,2026-08-01 00:30,1,2026-08-01 02:00,2026-08-01 04:00,3.5,meteoswiss_ch1,malcesine,Parcheggione,4.3,2.5,18,,,,,,,
2026-07-31 22:30,2026-08-01 00:30,1,2026-08-01 03:00,2026-08-01 05:00,4.5,meteoswiss_ch1,malcesine,Parcheggione,4.6,1.5,320,,,,,,,
2026-07-31 22:30,2026-08-01 00:30,1,2026-08-01 04:00,2026-08-01 06:00,5.5,meteoswiss_ch1,malcesine,Parcheggione,3.1,0.6,360,,,,,,,
2026-07-31 22:30,2026-08-01 00:30,1,2026-08-01 05:00,2026-08-01 07:00,6.5,meteoswiss_ch1,malcesine,Parcheggione,7.2,3.0,50,,,,,,,
2026-07-31 22:30,2026-08-01 00:30,1,2026-08-01 06:00,2026-08-01 08:00,7.5,meteoswiss_ch1,malcesine,Parcheggione,7.4,3.8,35,,,,,,,
2026-07-31 22:30,2026-08-01 00:30,1,2026-08-01 07:00,2026-08-01 09:00,8.5,meteoswiss_ch1,malcesine,Parcheggione,7.6,2.2,38,,,,,,,
2026-07-31 22:30,2026-08-01 00:30,1,2026-08-01 08:00,2026-08-01 10:00,9.5,meteoswiss_ch1,malcesine,Parcheggione,6.6,3.2,14,,,,,,,
2026-07-31 22:30,2026-08-01 00:30,1,2026-08-01 09:00,2026-08-01 11:00,10.5,meteoswiss_ch1,malcesine,Parcheggione,11.3,4.9,355,,,,,,,
2026-07-31 22:30,2026-08-01 00:30,1,2026-08-01 10:00,2026-08-01 12:00,11.5,meteoswiss_ch1,malcesine,Parcheggione,13.2,5.6,348,,,,,,,
2026-07-31 22:30,2026-08-01 00:30,1,2026-08-01 11:00,2026-08-01 13:00,12.5,meteoswiss_ch1,malcesine,Parcheggione,12.9,4.3,313,,,,,,,
2026-07-31 22:30,2026-08-01 00:30,1,2026-08-01 12:00,2026-08-01 14:00,13.5,meteoswiss_ch1,malcesine,Parcheggione,12.3,5.2,236,,,,,,,
2026-07-31 22:30,2026-08-01 00:30,1,2026-08-01 13:00,2026-08-01 15:00,14.5,meteoswiss_ch1,malcesine,Parcheggione,13.0,5.5,252,,,,,,,
2026-07-31 22:30,2026-08-01 00:30,1,2026-08-01 14:00,2026-08-01 16:00,15.5,meteoswiss_ch1,malcesine,Parcheggione,14.8,5.5,247,,,,,,,
2026-07-31 22:30,2026-08-01 00:30,1,2026-08-01 15:00,2026-08-01 17:00,16.5,meteoswiss_ch1,malcesine,Parcheggione,12.6,5.0,254,,,,,,,
2026-07-31 22:30,2026-08-01 00:30,1,2026-08-01 16:00,2026-08-01 18:00,17.5,meteoswiss_ch1,malcesine,Parcheggione,11.9,3.6,254,,,,,,,
2026-07-31 22:30,2026-08-01 00:30,1,2026-08-01 17:00,2026-08-01 19:00,18.5,meteoswiss_ch1,malcesine,Parcheggione,9.1,0.6,288,,,,,,,
2026-07-31 22:30,2026-08-01 00:30,1,2026-08-01 18:00,2026-08-01 20:00,19.5,meteoswiss_ch1,malcesine,Parcheggione,5.5,2.3,20,,,,,,,
2026-07-31 22:30,2026-08-01 00:30,1,2026-08-01 19:00,2026-08-01 21:00,20.5,meteoswiss_ch1,malcesine,Parcheggione,11.1,5.3,126,,,,,,,
2026-07-31 22:30,2026-08-01 00:30,1,2026-08-01 20:00,2026-08-01 22:00,21.5,meteoswiss_ch1,malcesine,Parcheggione,10.3,3.1,86,,,,,,,
2026-07-31 22:30,2026-08-01 00:30,1,2026-08-01 21:00,2026-08-01 23:00,22.5,meteoswiss_ch1,malcesine,Parcheggione,5.5,3.0,27,,,,,,,
2026-07-31 22:30,2026-08-01 00:30,1,2026-08-01 22:00,2026-08-02 00:00,23.5,meteoswiss_ch1,malcesine,Parcheggione,6.4,2.9,28,,,,,,,
2026-07-31 22:30,2026-08-01 00:30,1,2026-08-01 23:00,2026-08-02 01:00,24.5,meteoswiss_ch1,malcesine,Parcheggione,11.4,5.6,78,,,,,,,
2026-07-31 22:30,2026-08-01 00:30,1,2026-07-31 23:00,2026-08-01 01:00,0.5,meteoswiss_ch1,torbole,Conca d'Oro,17.9,8.6,81,,,,,,,
2026-07-31 22:30,2026-08-01 00:30,1,2026-08-01 00:00,2026-08-01 02:00,1.5,meteoswiss_ch1,torbole,Conca d'Oro,18.8,9.5,79,,,,,,,
2026-07-31 22:30,2026-08-01 00:30,1,2026-08-01 01:00,2026-08-01 03:00,2.5,meteoswiss_ch1,torbole,Conca d'Oro,20.0,9.8,77,,,,,,,
2026-07-31 22:30,2026-08-01 00:30,1,2026-08-01 02:00,2026-08-01 04:00,3.5,meteoswiss_ch1,torbole,Conca d'Oro,19.1,9.1,75,,,,,,,
2026-07-31 22:30,2026-08-01 00:30,1,2026-08-01 03:00,2026-08-01 05:00,4.5,meteoswiss_ch1,torbole,Conca d'Oro,17.7,8.4,77,,,,,,,
2026-07-31 22:30,2026-08-01 00:30,1,2026-08-01 04:00,2026-08-01 06:00,5.5,meteoswiss_ch1,torbole,Conca d'Oro,19.8,8.0,70,,,,,,,
2026-07-31 22:30,2026-08-01 00:30,1,2026-08-01 05:00,2026-08-01 07:00,6.5,meteoswiss_ch1,torbole,Conca d'Oro,17.3,8.8,62,,,,,,,
2026-07-31 22:30,2026-08-01 00:30,1,2026-08-01 06:00,2026-08-01 08:00,7.5,meteoswiss_ch1,torbole,Conca d'Oro,19.4,9.3,57,,,,,,,
2026-07-31 22:30,2026-08-01 00:30,1,2026-08-01 07:00,2026-08-01 09:00,8.5,meteoswiss_ch1,torbole,Conca d'Oro,18.5,8.2,76,,,,,,,
2026-07-31 22:30,2026-08-01 00:30,1,2026-08-01 08:00,2026-08-01 10:00,9.5,meteoswiss_ch1,torbole,Conca d'Oro,17.1,7.6,77,,,,,,,
2026-07-31 22:30,2026-08-01 00:30,1,2026-08-01 09:00,2026-08-01 11:00,10.5,meteoswiss_ch1,torbole,Conca d'Oro,16.3,6.3,79,,,,,,,
2026-07-31 22:30,2026-08-01 00:30,1,2026-08-01 10:00,2026-08-01 12:00,11.5,meteoswiss_ch1,torbole,Conca d'Oro,13.8,3.6,68,,,,,,,
2026-07-31 22:30,2026-08-01 00:30,1,2026-08-01 11:00,2026-08-01 13:00,12.5,meteoswiss_ch1,torbole,Conca d'Oro,8.7,2.5,261,,,,,,,
2026-07-31 22:30,2026-08-01 00:30,1,2026-08-01 12:00,2026-08-01 14:00,13.5,meteoswiss_ch1,torbole,Conca d'Oro,14.2,6.9,220,,,,,,,
2026-07-31 22:30,2026-08-01 00:30,1,2026-08-01 13:00,2026-08-01 15:00,14.5,meteoswiss_ch1,torbole,Conca d'Oro,22.0,10.4,204,,,,,,,
2026-07-31 22:30,2026-08-01 00:30,1,2026-08-01 14:00,2026-08-01 16:00,15.5,meteoswiss_ch1,torbole,Conca d'Oro,22.9,10.5,198,,,,,,,
2026-07-31 22:30,2026-08-01 00:30,1,2026-08-01 15:00,2026-08-01 17:00,16.5,meteoswiss_ch1,torbole,Conca d'Oro,21.2,8.1,207,,,,,,,
2026-07-31 22:30,2026-08-01 00:30,1,2026-08-01 16:00,2026-08-01 18:00,17.5,meteoswiss_ch1,torbole,Conca d'Oro,16.5,5.0,216,,,,,,,
2026-07-31 22:30,2026-08-01 00:30,1,2026-08-01 17:00,2026-08-01 19:00,18.5,meteoswiss_ch1,torbole,Conca d'Oro,10.1,2.4,346,,,,,,,
2026-07-31 22:30,2026-08-01 00:30,1,2026-08-01 18:00,2026-08-01 20:00,19.5,meteoswiss_ch1,torbole,Conca d'Oro,7.6,3.3,357,,,,,,,
2026-07-31 22:30,2026-08-01 00:30,1,2026-08-01 19:00,2026-08-01 21:00,20.5,meteoswiss_ch1,torbole,Conca d'Oro,7.2,3.4,77,,,,,,,
2026-07-31 22:30,2026-08-01 00:30,1,2026-08-01 20:00,2026-08-01 22:00,21.5,meteoswiss_ch1,torbole,Conca d'Oro,18.8,9.6,48,,,,,,,
2026-07-31 22:30,2026-08-01 00:30,1,2026-08-01 21:00,2026-08-01 23:00,22.5,meteoswiss_ch1,torbole,Conca d'Oro,19.1,9.0,84,,,,,,,
2026-07-31 22:30,2026-08-01 00:30,1,2026-08-01 22:00,2026-08-02 00:00,23.5,meteoswiss_ch1,torbole,Conca d'Oro,19.2,9.1,74,,,,,,,
2026-07-31 22:30,2026-08-01 00:30,1,2026-08-01 23:00,2026-08-02 01:00,24.5,meteoswiss_ch1,torbole,Conca d'Oro,18.3,7.2,76,,,,,,,
2026-07-31 22:30,2026-08-01 00:30,1,2026-07-31 23:00,2026-08-01 01:00,0.5,meteoswiss_ch1,torbole,Hotel Pier,17.9,9.9,4,,,,,,,
2026-07-31 22:30,2026-08-01 00:30,1,2026-08-01 00:00,2026-08-01 02:00,1.5,meteoswiss_ch1,torbole,Hotel Pier,17.1,10.7,1,,,,,,,
2026-07-31 22:30,2026-08-01 00:30,1,2026-08-01 01:00,2026-08-01 03:00,2.5,meteoswiss_ch1,torbole,Hotel Pier,17.9,11.1,354,,,,,,,
2026-07-31 22:30,2026-08-01 00:30,1,2026-08-01 02:00,2026-08-01 04:00,3.5,meteoswiss_ch1,torbole,Hotel Pier,18.3,10.3,357,,,,,,,
2026-07-31 22:30,2026-08-01 00:30,1,2026-08-01 03:00,2026-08-01 05:00,4.5,meteoswiss_ch1,torbole,Hotel Pier,18.8,11.2,350,,,,,,,
2026-07-31 22:30,2026-08-01 00:30,1,2026-08-01 04:00,2026-08-01 06:00,5.5,meteoswiss_ch1,torbole,Hotel Pier,19.4,12.3,359,,,,,,,
2026-07-31 22:30,2026-08-01 00:30,1,2026-08-01 05:00,2026-08-01 07:00,6.5,meteoswiss_ch1,torbole,Hotel Pier,19.7,11.3,2,,,,,,,
2026-07-31 22:30,2026-08-01 00:30,1,2026-08-01 06:00,2026-08-01 08:00,7.5,meteoswiss_ch1,torbole,Hotel Pier,22.9,13.8,10,,,,,,,
2026-07-31 22:30,2026-08-01 00:30,1,2026-08-01 07:00,2026-08-01 09:00,8.5,meteoswiss_ch1,torbole,Hotel Pier,22.4,11.4,17,,,,,,,
2026-07-31 22:30,2026-08-01 00:30,1,2026-08-01 08:00,2026-08-01 10:00,9.5,meteoswiss_ch1,torbole,Hotel Pier,19.1,10.8,23,,,,,,,
2026-07-31 22:30,2026-08-01 00:30,1,2026-08-01 09:00,2026-08-01 11:00,10.5,meteoswiss_ch1,torbole,Hotel Pier,18.1,9.1,23,,,,,,,
2026-07-31 22:30,2026-08-01 00:30,1,2026-08-01 10:00,2026-08-01 12:00,11.5,meteoswiss_ch1,torbole,Hotel Pier,15.6,7.2,24,,,,,,,
2026-07-31 22:30,2026-08-01 00:30,1,2026-08-01 11:00,2026-08-01 13:00,12.5,meteoswiss_ch1,torbole,Hotel Pier,12.6,4.3,39,,,,,,,
2026-07-31 22:30,2026-08-01 00:30,1,2026-08-01 12:00,2026-08-01 14:00,13.5,meteoswiss_ch1,torbole,Hotel Pier,15.8,9.1,182,,,,,,,
2026-07-31 22:30,2026-08-01 00:30,1,2026-08-01 13:00,2026-08-01 15:00,14.5,meteoswiss_ch1,torbole,Hotel Pier,19.4,11.7,191,,,,,,,
2026-07-31 22:30,2026-08-01 00:30,1,2026-08-01 14:00,2026-08-01 16:00,15.5,meteoswiss_ch1,torbole,Hotel Pier,19.8,10.8,194,,,,,,,
2026-07-31 22:30,2026-08-01 00:30,1,2026-08-01 15:00,2026-08-01 17:00,16.5,meteoswiss_ch1,torbole,Hotel Pier,17.7,8.1,191,,,,,,,
2026-07-31 22:30,2026-08-01 00:30,1,2026-08-01 16:00,2026-08-01 18:00,17.5,meteoswiss_ch1,torbole,Hotel Pier,13.4,4.2,191,,,,,,,
2026-07-31 22:30,2026-08-01 00:30,1,2026-08-01 17:00,2026-08-01 19:00,18.5,meteoswiss_ch1,torbole,Hotel Pier,6.8,3.9,354,,,,,,,
2026-07-31 22:30,2026-08-01 00:30,1,2026-08-01 18:00,2026-08-01 20:00,19.5,meteoswiss_ch1,torbole,Hotel Pier,7.4,4.7,330,,,,,,,
2026-07-31 22:30,2026-08-01 00:30,1,2026-08-01 19:00,2026-08-01 21:00,20.5,meteoswiss_ch1,torbole,Hotel Pier,10.7,6.9,325,,,,,,,
2026-07-31 22:30,2026-08-01 00:30,1,2026-08-01 20:00,2026-08-01 22:00,21.5,meteoswiss_ch1,torbole,Hotel Pier,19.4,12.3,344,,,,,,,
2026-07-31 22:30,2026-08-01 00:30,1,2026-08-01 21:00,2026-08-01 23:00,22.5,meteoswiss_ch1,torbole,Hotel Pier,20.0,9.5,359,,,,,,,
2026-07-31 22:30,2026-08-01 00:30,1,2026-08-01 22:00,2026-08-02 00:00,23.5,meteoswiss_ch1,torbole,Hotel Pier,17.5,10.5,345,,,,,,,
2026-07-31 22:30,2026-08-01 00:30,1,2026-08-01 23:00,2026-08-02 01:00,24.5,meteoswiss_ch1,torbole,Hotel Pier,16.7,7.3,338,,,,,,,
2026-07-31 22:30,2026-08-01 00:30,1,2026-07-31 23:00,2026-08-01 01:00,0.5,meteoswiss_ch1,torbole,Spiaggia Lucertole,24.5,10.0,15,,,,,,,
2026-07-31 22:30,2026-08-01 00:30,1,2026-08-01 00:00,2026-08-01 02:00,1.5,meteoswiss_ch1,torbole,Spiaggia Lucertole,19.2,10.0,13,,,,,,,
2026-07-31 22:30,2026-08-01 00:30,1,2026-08-01 01:00,2026-08-01 03:00,2.5,meteoswiss_ch1,torbole,Spiaggia Lucertole,19.7,9.3,10,,,,,,,
2026-07-31 22:30,2026-08-01 00:30,1,2026-08-01 02:00,2026-08-01 04:00,3.5,meteoswiss_ch1,torbole,Spiaggia Lucertole,18.3,9.0,5,,,,,,,
2026-07-31 22:30,2026-08-01 00:30,1,2026-08-01 03:00,2026-08-01 05:00,4.5,meteoswiss_ch1,torbole,Spiaggia Lucertole,17.7,8.3,11,,,,,,,
2026-07-31 22:30,2026-08-01 00:30,1,2026-08-01 04:00,2026-08-01 06:00,5.5,meteoswiss_ch1,torbole,Spiaggia Lucertole,17.3,8.7,16,,,,,,,
2026-07-31 22:30,2026-08-01 00:30,1,2026-08-01 05:00,2026-08-01 07:00,6.5,meteoswiss_ch1,torbole,Spiaggia Lucertole,19.8,10.1,2,,,,,,,
2026-07-31 22:30,2026-08-01 00:30,1,2026-08-01 06:00,2026-08-01 08:00,7.5,meteoswiss_ch1,torbole,Spiaggia Lucertole,23.7,12.5,358,,,,,,,
2026-07-31 22:30,2026-08-01 00:30,1,2026-08-01 07:00,2026-08-01 09:00,8.5,meteoswiss_ch1,torbole,Spiaggia Lucertole,24.1,10.7,1,,,,,,,
2026-07-31 22:30,2026-08-01 00:30,1,2026-08-01 08:00,2026-08-01 10:00,9.5,meteoswiss_ch1,torbole,Spiaggia Lucertole,20.2,9.0,356,,,,,,,
2026-07-31 22:30,2026-08-01 00:30,1,2026-08-01 09:00,2026-08-01 11:00,10.5,meteoswiss_ch1,torbole,Spiaggia Lucertole,18.1,8.4,347,,,,,,,
2026-07-31 22:30,2026-08-01 00:30,1,2026-08-01 10:00,2026-08-01 12:00,11.5,meteoswiss_ch1,torbole,Spiaggia Lucertole,17.1,7.7,335,,,,,,,
2026-07-31 22:30,2026-08-01 00:30,1,2026-08-01 11:00,2026-08-01 13:00,12.5,meteoswiss_ch1,torbole,Spiaggia Lucertole,15.8,5.0,309,,,,,,,
2026-07-31 22:30,2026-08-01 00:30,1,2026-08-01 12:00,2026-08-01 14:00,13.5,meteoswiss_ch1,torbole,Spiaggia Lucertole,17.7,8.4,214,,,,,,,
2026-07-31 22:30,2026-08-01 00:30,1,2026-08-01 13:00,2026-08-01 15:00,14.5,meteoswiss_ch1,torbole,Spiaggia Lucertole,21.2,10.1,199,,,,,,,
2026-07-31 22:30,2026-08-01 00:30,1,2026-08-01 14:00,2026-08-01 16:00,15.5,meteoswiss_ch1,torbole,Spiaggia Lucertole,21.4,9.2,187,,,,,,,
2026-07-31 22:30,2026-08-01 00:30,1,2026-08-01 15:00,2026-08-01 17:00,16.5,meteoswiss_ch1,torbole,Spiaggia Lucertole,19.4,6.9,202,,,,,,,
2026-07-31 22:30,2026-08-01 00:30,1,2026-08-01 16:00,2026-08-01 18:00,17.5,meteoswiss_ch1,torbole,Spiaggia Lucertole,15.8,4.4,201,,,,,,,
2026-07-31 22:30,2026-08-01 00:30,1,2026-08-01 17:00,2026-08-01 19:00,18.5,meteoswiss_ch1,torbole,Spiaggia Lucertole,9.7,2.5,23,,,,,,,
2026-07-31 22:30,2026-08-01 00:30,1,2026-08-01 18:00,2026-08-01 20:00,19.5,meteoswiss_ch1,torbole,Spiaggia Lucertole,8.0,3.8,24,,,,,,,
2026-07-31 22:30,2026-08-01 00:30,1,2026-08-01 19:00,2026-08-01 21:00,20.5,meteoswiss_ch1,torbole,Spiaggia Lucertole,11.7,5.8,45,,,,,,,
2026-07-31 22:30,2026-08-01 00:30,1,2026-08-01 20:00,2026-08-01 22:00,21.5,meteoswiss_ch1,torbole,Spiaggia Lucertole,12.0,5.7,356,,,,,,,
2026-07-31 22:30,2026-08-01 00:30,1,2026-08-01 21:00,2026-08-01 23:00,22.5,meteoswiss_ch1,torbole,Spiaggia Lucertole,16.9,9.0,19,,,,,,,
2026-07-31 22:30,2026-08-01 00:30,1,2026-08-01 22:00,2026-08-02 00:00,23.5,meteoswiss_ch1,torbole,Spiaggia Lucertole,18.3,9.3,16,,,,,,,
2026-07-31 22:30,2026-08-01 00:30,1,2026-08-01 23:00,2026-08-02 01:00,24.5,meteoswiss_ch1,torbole,Spiaggia Lucertole,18.7,8.1,17,,,,,,,
2026-07-31 22:30,2026-08-01 00:30,1,2026-07-31 23:00,2026-08-01 01:00,0.5,meteoswiss_ch1,torbole,Terrazza Ponale,3.9,1.3,27,,,,,,,
2026-07-31 22:30,2026-08-01 00:30,1,2026-08-01 00:00,2026-08-01 02:00,1.5,meteoswiss_ch1,torbole,Terrazza Ponale,3.7,1.5,40,,,,,,,
2026-07-31 22:30,2026-08-01 00:30,1,2026-08-01 01:00,2026-08-01 03:00,2.5,meteoswiss_ch1,torbole,Terrazza Ponale,2.9,1.2,360,,,,,,,
2026-07-31 22:30,2026-08-01 00:30,1,2026-08-01 02:00,2026-08-01 04:00,3.5,meteoswiss_ch1,torbole,Terrazza Ponale,4.1,1.5,50,,,,,,,
2026-07-31 22:30,2026-08-01 00:30,1,2026-08-01 03:00,2026-08-01 05:00,4.5,meteoswiss_ch1,torbole,Terrazza Ponale,4.5,2.1,343,,,,,,,
2026-07-31 22:30,2026-08-01 00:30,1,2026-08-01 04:00,2026-08-01 06:00,5.5,meteoswiss_ch1,torbole,Terrazza Ponale,6.6,3.4,347,,,,,,,
2026-07-31 22:30,2026-08-01 00:30,1,2026-08-01 05:00,2026-08-01 07:00,6.5,meteoswiss_ch1,torbole,Terrazza Ponale,6.6,1.8,84,,,,,,,
2026-07-31 22:30,2026-08-01 00:30,1,2026-08-01 06:00,2026-08-01 08:00,7.5,meteoswiss_ch1,torbole,Terrazza Ponale,4.9,2.2,38,,,,,,,
2026-07-31 22:30,2026-08-01 00:30,1,2026-08-01 07:00,2026-08-01 09:00,8.5,meteoswiss_ch1,torbole,Terrazza Ponale,6.4,1.9,66,,,,,,,
2026-07-31 22:30,2026-08-01 00:30,1,2026-08-01 08:00,2026-08-01 10:00,9.5,meteoswiss_ch1,torbole,Terrazza Ponale,7.2,2.6,54,,,,,,,
2026-07-31 22:30,2026-08-01 00:30,1,2026-08-01 09:00,2026-08-01 11:00,10.5,meteoswiss_ch1,torbole,Terrazza Ponale,6.6,2.1,41,,,,,,,
2026-07-31 22:30,2026-08-01 00:30,1,2026-08-01 10:00,2026-08-01 12:00,11.5,meteoswiss_ch1,torbole,Terrazza Ponale,6.2,2.2,27,,,,,,,
2026-07-31 22:30,2026-08-01 00:30,1,2026-08-01 11:00,2026-08-01 13:00,12.5,meteoswiss_ch1,torbole,Terrazza Ponale,6.2,1.7,324,,,,,,,
2026-07-31 22:30,2026-08-01 00:30,1,2026-08-01 12:00,2026-08-01 14:00,13.5,meteoswiss_ch1,torbole,Terrazza Ponale,13.4,5.8,195,,,,,,,
2026-07-31 22:30,2026-08-01 00:30,1,2026-08-01 13:00,2026-08-01 15:00,14.5,meteoswiss_ch1,torbole,Terrazza Ponale,20.0,9.2,176,,,,,,,
2026-07-31 22:30,2026-08-01 00:30,1,2026-08-01 14:00,2026-08-01 16:00,15.5,meteoswiss_ch1,torbole,Terrazza Ponale,20.6,9.2,175,,,,,,,
2026-07-31 22:30,2026-08-01 00:30,1,2026-08-01 15:00,2026-08-01 17:00,16.5,meteoswiss_ch1,torbole,Terrazza Ponale,19.4,1.6,166,,,,,,,
2026-07-31 22:30,2026-08-01 00:30,1,2026-08-01 16:00,2026-08-01 18:00,17.5,meteoswiss_ch1,torbole,Terrazza Ponale,5.1,0.5,225,,,,,,,
2026-07-31 22:30,2026-08-01 00:30,1,2026-08-01 17:00,2026-08-01 19:00,18.5,meteoswiss_ch1,torbole,Terrazza Ponale,10.9,5.0,344,,,,,,,
2026-07-31 22:30,2026-08-01 00:30,1,2026-08-01 18:00,2026-08-01 20:00,19.5,meteoswiss_ch1,torbole,Terrazza Ponale,11.9,2.2,5,,,,,,,
2026-07-31 22:30,2026-08-01 00:30,1,2026-08-01 19:00,2026-08-01 21:00,20.5,meteoswiss_ch1,torbole,Terrazza Ponale,5.8,1.0,37,,,,,,,
2026-07-31 22:30,2026-08-01 00:30,1,2026-08-01 20:00,2026-08-01 22:00,21.5,meteoswiss_ch1,torbole,Terrazza Ponale,8.7,1.6,104,,,,,,,
2026-07-31 22:30,2026-08-01 00:30,1,2026-08-01 21:00,2026-08-01 23:00,22.5,meteoswiss_ch1,torbole,Terrazza Ponale,4.3,1.8,96,,,,,,,
2026-07-31 22:30,2026-08-01 00:30,1,2026-08-01 22:00,2026-08-02 00:00,23.5,meteoswiss_ch1,torbole,Terrazza Ponale,3.3,1.3,82,,,,,,,
2026-07-31 22:30,2026-08-01 00:30,1,2026-08-01 23:00,2026-08-02 01:00,24.5,meteoswiss_ch1,torbole,Terrazza Ponale,13.4,6.6,140,,,,,,,
2026-07-31 23:30,2026-08-01 01:30,2,2026-08-01 00:00,2026-08-01 02:00,0.5,condizioni,torbole,,,,,,,,26.3,0,0.0,2
2026-07-31 23:30,2026-08-01 01:30,2,2026-08-01 01:00,2026-08-01 03:00,1.5,condizioni,torbole,,,,,,,,26.7,0,0.0,3
2026-07-31 23:30,2026-08-01 01:30,2,2026-08-01 02:00,2026-08-01 04:00,2.5,condizioni,torbole,,,,,,,,26.2,9,0.0,3
2026-07-31 23:30,2026-08-01 01:30,2,2026-08-01 03:00,2026-08-01 05:00,3.5,condizioni,torbole,,,,,,,,22.8,55,11.1,65
2026-07-31 23:30,2026-08-01 01:30,2,2026-08-01 04:00,2026-08-01 06:00,4.5,condizioni,torbole,,,,,,,,23.6,73,2.5,63
2026-07-31 23:30,2026-08-01 01:30,2,2026-08-01 05:00,2026-08-01 07:00,5.5,condizioni,torbole,,,,,,,,23.3,27,1.3,61
2026-07-31 23:30,2026-08-01 01:30,2,2026-08-01 06:00,2026-08-01 08:00,6.5,condizioni,torbole,,,,,,,,24.6,0,0.0,0
2026-07-31 23:30,2026-08-01 01:30,2,2026-08-01 07:00,2026-08-01 09:00,7.5,condizioni,torbole,,,,,,,,26.1,0,0.0,0
2026-07-31 23:30,2026-08-01 01:30,2,2026-08-01 08:00,2026-08-01 10:00,8.5,condizioni,torbole,,,,,,,,27.7,0,0.0,3
2026-07-31 23:30,2026-08-01 01:30,2,2026-08-01 09:00,2026-08-01 11:00,9.5,condizioni,torbole,,,,,,,,29.4,0,0.0,0
2026-07-31 23:30,2026-08-01 01:30,2,2026-08-01 10:00,2026-08-01 12:00,10.5,condizioni,torbole,,,,,,,,31.2,0,0.0,0
2026-07-31 23:30,2026-08-01 01:30,2,2026-08-01 11:00,2026-08-01 13:00,11.5,condizioni,torbole,,,,,,,,32.8,0,0.0,0
2026-07-31 23:30,2026-08-01 01:30,2,2026-08-01 12:00,2026-08-01 14:00,12.5,condizioni,torbole,,,,,,,,34.4,0,0.0,0
2026-07-31 23:30,2026-08-01 01:30,2,2026-08-01 13:00,2026-08-01 15:00,13.5,condizioni,torbole,,,,,,,,35.4,0,0.0,0
2026-07-31 23:30,2026-08-01 01:30,2,2026-08-01 14:00,2026-08-01 16:00,14.5,condizioni,torbole,,,,,,,,34.7,0,0.0,0
2026-07-31 23:30,2026-08-01 01:30,2,2026-08-01 15:00,2026-08-01 17:00,15.5,condizioni,torbole,,,,,,,,34.0,0,0.0,3
2026-07-31 23:30,2026-08-01 01:30,2,2026-08-01 16:00,2026-08-01 18:00,16.5,condizioni,torbole,,,,,,,,33.8,0,0.0,3
2026-07-31 23:30,2026-08-01 01:30,2,2026-08-01 17:00,2026-08-01 19:00,17.5,condizioni,torbole,,,,,,,,33.5,0,0.0,3
2026-07-31 23:30,2026-08-01 01:30,2,2026-08-01 18:00,2026-08-01 20:00,18.5,condizioni,torbole,,,,,,,,32.2,18,0.0,0
2026-07-31 23:30,2026-08-01 01:30,2,2026-08-01 19:00,2026-08-01 21:00,19.5,condizioni,torbole,,,,,,,,29.4,9,0.0,3
2026-07-31 23:30,2026-08-01 01:30,2,2026-08-01 20:00,2026-08-01 22:00,20.5,condizioni,torbole,,,,,,,,29.4,0,0.0,3
2026-07-31 23:30,2026-08-01 01:30,2,2026-08-01 21:00,2026-08-01 23:00,21.5,condizioni,torbole,,,,,,,,28.9,9,0.0,0
2026-07-31 23:30,2026-08-01 01:30,2,2026-08-01 22:00,2026-08-02 00:00,22.5,condizioni,torbole,,,,,,,,28.7,9,0.0,3
2026-07-31 23:30,2026-08-01 01:30,2,2026-08-01 23:00,2026-08-02 01:00,23.5,condizioni,torbole,,,,,,,,25.6,18,7.4,63
2026-07-31 23:30,2026-08-01 01:30,2,2026-08-02 00:00,2026-08-02 02:00,24.5,condizioni,torbole,,,,,,,,25.8,3,0.0,3
2026-07-31 23:30,2026-08-01 01:30,2,2026-08-02 01:00,2026-08-02 03:00,25.5,condizioni,torbole,,,,,,,,25.3,0,0.0,1
2026-07-31 23:30,2026-08-01 01:30,2,2026-08-02 02:00,2026-08-02 04:00,26.5,condizioni,torbole,,,,,,,,25.3,5,0.0,1
2026-07-31 23:30,2026-08-01 01:30,2,2026-08-02 03:00,2026-08-02 05:00,27.5,condizioni,torbole,,,,,,,,24.8,3,0.0,1
2026-07-31 23:30,2026-08-01 01:30,2,2026-08-02 04:00,2026-08-02 06:00,28.5,condizioni,torbole,,,,,,,,24.5,10,0.0,1
2026-07-31 23:30,2026-08-01 01:30,2,2026-08-02 05:00,2026-08-02 07:00,29.5,condizioni,torbole,,,,,,,,25.0,5,0.0,1
2026-07-31 23:30,2026-08-01 01:30,2,2026-08-02 06:00,2026-08-02 08:00,30.5,condizioni,torbole,,,,,,,,26.7,10,0.0,1
2026-07-31 23:30,2026-08-01 01:30,2,2026-08-02 07:00,2026-08-02 09:00,31.5,condizioni,torbole,,,,,,,,27.9,13,0.0,2
2026-07-31 23:30,2026-08-01 01:30,2,2026-08-02 08:00,2026-08-02 10:00,32.5,condizioni,torbole,,,,,,,,28.9,5,0.0,2
2026-07-31 23:30,2026-08-01 01:30,2,2026-08-02 09:00,2026-08-02 11:00,33.5,condizioni,torbole,,,,,,,,30.7,3,0.0,1
2026-07-31 23:30,2026-08-01 01:30,2,2026-08-02 10:00,2026-08-02 12:00,34.5,condizioni,torbole,,,,,,,,32.7,0,0.0,1
2026-07-31 23:30,2026-08-01 01:30,2,2026-08-02 11:00,2026-08-02 13:00,35.5,condizioni,torbole,,,,,,,,34.1,5,0.0,1
2026-07-31 23:30,2026-08-01 01:30,2,2026-08-02 12:00,2026-08-02 14:00,36.5,condizioni,torbole,,,,,,,,35.5,13,0.0,1
2026-07-31 23:30,2026-08-01 01:30,2,2026-08-02 13:00,2026-08-02 15:00,37.5,condizioni,torbole,,,,,,,,35.3,10,0.0,3
2026-07-31 23:30,2026-08-01 01:30,2,2026-08-02 14:00,2026-08-02 16:00,38.5,condizioni,torbole,,,,,,,,35.7,15,0.0,3
2026-07-31 23:30,2026-08-01 01:30,2,2026-08-02 15:00,2026-08-02 17:00,39.5,condizioni,torbole,,,,,,,,35.1,5,0.0,3
2026-07-31 23:30,2026-08-01 01:30,2,2026-08-02 16:00,2026-08-02 18:00,40.5,condizioni,torbole,,,,,,,,33.9,3,0.0,3
2026-07-31 23:30,2026-08-01 01:30,2,2026-08-02 17:00,2026-08-02 19:00,41.5,condizioni,torbole,,,,,,,,33.3,3,0.0,3
2026-07-31 23:30,2026-08-01 01:30,2,2026-08-02 18:00,2026-08-02 20:00,42.5,condizioni,torbole,,,,,,,,32.3,3,0.0,3
2026-07-31 23:30,2026-08-01 01:30,2,2026-08-02 19:00,2026-08-02 21:00,43.5,condizioni,torbole,,,,,,,,29.1,2,0.0,3
2026-07-31 23:30,2026-08-01 01:30,2,2026-08-02 20:00,2026-08-02 22:00,44.5,condizioni,torbole,,,,,,,,27.8,1,0.0,3
2026-07-31 23:30,2026-08-01 01:30,2,2026-08-02 21:00,2026-08-02 23:00,45.5,condizioni,torbole,,,,,,,,26.8,0,0.0,3
2026-07-31 23:30,2026-08-01 01:30,2,2026-08-02 22:00,2026-08-03 00:00,46.5,condizioni,torbole,,,,,,,,26.1,0,0.0,3
2026-07-31 23:30,2026-08-01 01:30,2,2026-08-02 23:00,2026-08-03 01:00,47.5,condizioni,torbole,,,,,,,,25.5,0,0.0,0
2026-07-31 23:30,2026-08-01 01:30,2,2026-08-01 00:00,2026-08-01 02:00,0.5,meteoswiss_ch1,torbole,Conca d'Oro,20.0,10.3,75,,,,,,,
2026-07-31 23:30,2026-08-01 01:30,2,2026-08-01 01:00,2026-08-01 03:00,1.5,meteoswiss_ch1,torbole,Conca d'Oro,21.6,8.4,64,,,,,,,
2026-07-31 23:30,2026-08-01 01:30,2,2026-08-01 02:00,2026-08-01 04:00,2.5,meteoswiss_ch1,torbole,Conca d'Oro,21.4,9.5,75,,,,,,,
2026-07-31 23:30,2026-08-01 01:30,2,2026-08-01 03:00,2026-08-01 05:00,3.5,meteoswiss_ch1,torbole,Conca d'Oro,23.3,3.9,357,,,,,,,
2026-07-31 23:30,2026-08-01 01:30,2,2026-08-01 04:00,2026-08-01 06:00,4.5,meteoswiss_ch1,torbole,Conca d'Oro,24.3,12.5,67,,,,,,,
2026-07-31 23:30,2026-08-01 01:30,2,2026-08-01 05:00,2026-08-01 07:00,5.5,meteoswiss_ch1,torbole,Conca d'Oro,24.3,6.7,39,,,,,,,
2026-07-31 23:30,2026-08-01 01:30,2,2026-08-01 06:00,2026-08-01 08:00,6.5,meteoswiss_ch1,torbole,Conca d'Oro,18.1,9.1,79,,,,,,,
2026-07-31 23:30,2026-08-01 01:30,2,2026-08-01 07:00,2026-08-01 09:00,7.5,meteoswiss_ch1,torbole,Conca d'Oro,19.2,9.2,82,,,,,,,
2026-07-31 23:30,2026-08-01 01:30,2,2026-08-01 08:00,2026-08-01 10:00,8.5,meteoswiss_ch1,torbole,Conca d'Oro,19.8,9.6,83,,,,,,,
2026-07-31 23:30,2026-08-01 01:30,2,2026-08-01 09:00,2026-08-01 11:00,9.5,meteoswiss_ch1,torbole,Conca d'Oro,20.0,9.0,85,,,,,,,
2026-07-31 23:30,2026-08-01 01:30,2,2026-08-01 10:00,2026-08-01 12:00,10.5,meteoswiss_ch1,torbole,Conca d'Oro,18.7,7.7,83,,,,,,,
2026-07-31 23:30,2026-08-01 01:30,2,2026-08-01 11:00,2026-08-01 13:00,11.5,meteoswiss_ch1,torbole,Conca d'Oro,16.5,6.1,81,,,,,,,
2026-07-31 23:30,2026-08-01 01:30,2,2026-08-01 12:00,2026-08-01 14:00,12.5,meteoswiss_ch1,torbole,Conca d'Oro,13.8,4.0,76,,,,,,,
2026-07-31 23:30,2026-08-01 01:30,2,2026-08-01 13:00,2026-08-01 15:00,13.5,meteoswiss_ch1,torbole,Conca d'Oro,9.5,1.3,180,,,,,,,
2026-07-31 23:30,2026-08-01 01:30,2,2026-08-01 14:00,2026-08-01 16:00,14.5,meteoswiss_ch1,torbole,Conca d'Oro,9.3,4.1,245,,,,,,,
2026-07-31 23:30,2026-08-01 01:30,2,2026-08-01 15:00,2026-08-01 17:00,15.5,meteoswiss_ch1,torbole,Conca d'Oro,10.3,4.2,229,,,,,,,
2026-07-31 23:30,2026-08-01 01:30,2,2026-08-01 16:00,2026-08-01 18:00,16.5,meteoswiss_ch1,torbole,Conca d'Oro,9.0,1.6,210,,,,,,,
2026-07-31 23:30,2026-08-01 01:30,2,2026-08-01 17:00,2026-08-01 19:00,17.5,meteoswiss_ch1,torbole,Conca d'Oro,7.8,0.6,198,,,,,,,
2026-07-31 23:30,2026-08-01 01:30,2,2026-08-01 18:00,2026-08-01 20:00,18.5,meteoswiss_ch1,torbole,Conca d'Oro,2.2,1.0,101,,,,,,,
2026-07-31 23:30,2026-08-01 01:30,2,2026-08-01 19:00,2026-08-01 21:00,19.5,meteoswiss_ch1,torbole,Conca d'Oro,10.3,5.2,86,,,,,,,
2026-07-31 23:30,2026-08-01 01:30,2,2026-08-01 20:00,2026-08-01 22:00,20.5,meteoswiss_ch1,torbole,Conca d'Oro,18.5,9.4,58,,,,,,,
2026-07-31 23:30,2026-08-01 01:30,2,2026-08-01 21:00,2026-08-01 23:00,21.5,meteoswiss_ch1,torbole,Conca d'Oro,19.7,9.3,79,,,,,,,
2026-07-31 23:30,2026-08-01 01:30,2,2026-08-01 22:00,2026-08-02 00:00,22.5,meteoswiss_ch1,torbole,Conca d'Oro,18.3,6.4,76,,,,,,,
2026-07-31 23:30,2026-08-01 01:30,2,2026-08-01 23:00,2026-08-02 01:00,23.5,meteoswiss_ch1,torbole,Conca d'Oro,27.2,4.2,77,,,,,,,
2026-07-31 23:30,2026-08-01 01:30,2,2026-08-01 00:00,2026-08-01 02:00,0.5,meteoswiss_ch1,torbole,Hotel Pier,18.5,11.3,355,,,,,,,
2026-07-31 23:30,2026-08-01 01:30,2,2026-08-01 01:00,2026-08-01 03:00,1.5,meteoswiss_ch1,torbole,Hotel Pier,20.6,12.4,352,,,,,,,
2026-07-31 23:30,2026-08-01 01:30,2,2026-08-01 02:00,2026-08-01 04:00,2.5,meteoswiss_ch1,torbole,Hotel Pier,21.0,13.0,3,,,,,,,
2026-07-31 23:30,2026-08-01 01:30,2,2026-08-01 03:00,2026-08-01 05:00,3.5,meteoswiss_ch1,torbole,Hotel Pier,26.2,10.2,3,,,,,,,
2026-07-31 23:30,2026-08-01 01:30,2,2026-08-01 04:00,2026-08-01 06:00,4.5,meteoswiss_ch1,torbole,Hotel Pier,28.0,16.0,357,,,,,,,
2026-07-31 23:30,2026-08-01 01:30,2,2026-08-01 05:00,2026-08-01 07:00,5.5,meteoswiss_ch1,torbole,Hotel Pier,28.0,10.9,356,,,,,,,
2026-07-31 23:30,2026-08-01 01:30,2,2026-08-01 06:00,2026-08-01 08:00,6.5,meteoswiss_ch1,torbole,Hotel Pier,19.1,11.7,7,,,,,,,
2026-07-31 23:30,2026-08-01 01:30,2,2026-08-01 07:00,2026-08-01 09:00,7.5,meteoswiss_ch1,torbole,Hotel Pier,19.7,11.7,12,,,,,,,
2026-07-31 23:30,2026-08-01 01:30,2,2026-08-01 08:00,2026-08-01 10:00,8.5,meteoswiss_ch1,torbole,Hotel Pier,20.2,12.0,18,,,,,,,
2026-07-31 23:30,2026-08-01 01:30,2,2026-08-01 09:00,2026-08-01 11:00,9.5,meteoswiss_ch1,torbole,Hotel Pier,20.0,10.9,19,,,,,,,
2026-07-31 23:30,2026-08-01 01:30,2,2026-08-01 10:00,2026-08-01 12:00,10.5,meteoswiss_ch1,torbole,Hotel Pier,18.3,9.9,20,,,,,,,
2026-07-31 23:30,2026-08-01 01:30,2,2026-08-01 11:00,2026-08-01 13:00,11.5,meteoswiss_ch1,torbole,Hotel Pier,16.5,8.4,13,,,,,,,
2026-07-31 23:30,2026-08-01 01:30,2,2026-08-01 12:00,2026-08-01 14:00,12.5,meteoswiss_ch1,torbole,Hotel Pier,14.2,6.4,5,,,,,,,
2026-07-31 23:30,2026-08-01 01:30,2,2026-08-01 13:00,2026-08-01 15:00,13.5,meteoswiss_ch1,torbole,Hotel Pier,11.1,3.1,22,,,,,,,
2026-07-31 23:30,2026-08-01 01:30,2,2026-08-01 14:00,2026-08-01 16:00,14.5,meteoswiss_ch1,torbole,Hotel Pier,5.8,2.9,188,,,,,,,
2026-07-31 23:30,2026-08-01 01:30,2,2026-08-01 15:00,2026-08-01 17:00,15.5,meteoswiss_ch1,torbole,Hotel Pier,9.1,5.3,190,,,,,,,
2026-07-31 23:30,2026-08-01 01:30,2,2026-08-01 16:00,2026-08-01 18:00,16.5,meteoswiss_ch1,torbole,Hotel Pier,10.5,5.1,198,,,,,,,
2026-07-31 23:30,2026-08-01 01:30,2,2026-08-01 17:00,2026-08-01 19:00,17.5,meteoswiss_ch1,torbole,Hotel Pier,8.2,4.8,289,,,,,,,
2026-07-31 23:30,2026-08-01 01:30,2,2026-08-01 18:00,2026-08-01 20:00,18.5,meteoswiss_ch1,torbole,Hotel Pier,12.0,7.6,293,,,,,,,
2026-07-31 23:30,2026-08-01 01:30,2,2026-08-01 19:00,2026-08-01 21:00,19.5,meteoswiss_ch1,torbole,Hotel Pier,13.0,8.2,303,,,,,,,
2026-07-31 23:30,2026-08-01 01:30,2,2026-08-01 20:00,2026-08-01 22:00,20.5,meteoswiss_ch1,torbole,Hotel Pier,19.1,12.0,347,,,,,,,
2026-07-31 23:30,2026-08-01 01:30,2,2026-08-01 21:00,2026-08-01 23:00,21.5,meteoswiss_ch1,torbole,Hotel Pier,19.2,11.1,356,,,,,,,
2026-07-31 23:30,2026-08-01 01:30,2,2026-08-01 22:00,2026-08-02 00:00,22.5,meteoswiss_ch1,torbole,Hotel Pier,17.7,5.2,315,,,,,,,
2026-07-31 23:30,2026-08-01 01:30,2,2026-08-01 23:00,2026-08-02 01:00,23.5,meteoswiss_ch1,torbole,Hotel Pier,11.9,1.9,264,,,,,,,
2026-07-31 23:30,2026-08-01 01:30,2,2026-08-01 00:00,2026-08-01 02:00,0.5,meteoswiss_ch1,torbole,Spiaggia Lucertole,19.4,10.0,15,,,,,,,
2026-07-31 23:30,2026-08-01 01:30,2,2026-08-01 01:00,2026-08-01 03:00,1.5,meteoswiss_ch1,torbole,Spiaggia Lucertole,21.6,11.1,27,,,,,,,
2026-07-31 23:30,2026-08-01 01:30,2,2026-08-01 02:00,2026-08-01 04:00,2.5,meteoswiss_ch1,torbole,Spiaggia Lucertole,22.9,11.8,9,,,,,,,
2026-07-31 23:30,2026-08-01 01:30,2,2026-08-01 03:00,2026-08-01 05:00,3.5,meteoswiss_ch1,torbole,Spiaggia Lucertole,31.9,11.9,24,,,,,,,
2026-07-31 23:30,2026-08-01 01:30,2,2026-08-01 04:00,2026-08-01 06:00,4.5,meteoswiss_ch1,torbole,Spiaggia Lucertole,24.7,10.2,43,,,,,,,
2026-07-31 23:30,2026-08-01 01:30,2,2026-08-01 05:00,2026-08-01 07:00,5.5,meteoswiss_ch1,torbole,Spiaggia Lucertole,28.4,12.5,11,,,,,,,
2026-07-31 23:30,2026-08-01 01:30,2,2026-08-01 06:00,2026-08-01 08:00,6.5,meteoswiss_ch1,torbole,Spiaggia Lucertole,23.5,9.6,20,,,,,,,
2026-07-31 23:30,2026-08-01 01:30,2,2026-08-01 07:00,2026-08-01 09:00,7.5,meteoswiss_ch1,torbole,Spiaggia Lucertole,18.5,9.8,17,,,,,,,
2026-07-31 23:30,2026-08-01 01:30,2,2026-08-01 08:00,2026-08-01 10:00,8.5,meteoswiss_ch1,torbole,Spiaggia Lucertole,19.1,9.9,11,,,,,,,
2026-07-31 23:30,2026-08-01 01:30,2,2026-08-01 09:00,2026-08-01 11:00,9.5,meteoswiss_ch1,torbole,Spiaggia Lucertole,18.8,9.0,2,,,,,,,
2026-07-31 23:30,2026-08-01 01:30,2,2026-08-01 10:00,2026-08-01 12:00,10.5,meteoswiss_ch1,torbole,Spiaggia Lucertole,17.7,8.0,352,,,,,,,
2026-07-31 23:30,2026-08-01 01:30,2,2026-08-01 11:00,2026-08-01 13:00,11.5,meteoswiss_ch1,torbole,Spiaggia Lucertole,16.3,7.6,341,,,,,,,
2026-07-31 23:30,2026-08-01 01:30,2,2026-08-01 12:00,2026-08-01 14:00,12.5,meteoswiss_ch1,torbole,Spiaggia Lucertole,15.3,6.5,327,,,,,,,
2026-07-31 23:30,2026-08-01 01:30,2,2026-08-01 13:00,2026-08-01 15:00,13.5,meteoswiss_ch1,torbole,Spiaggia Lucertole,13.2,3.3,320,,,,,,,
2026-07-31 23:30,2026-08-01 01:30,2,2026-08-01 14:00,2026-08-01 16:00,14.5,meteoswiss_ch1,torbole,Spiaggia Lucertole,7.6,2.6,253,,,,,,,
2026-07-31 23:30,2026-08-01 01:30,2,2026-08-01 15:00,2026-08-01 17:00,15.5,meteoswiss_ch1,torbole,Spiaggia Lucertole,11.7,5.3,199,,,,,,,
2026-07-31 23:30,2026-08-01 01:30,2,2026-08-01 16:00,2026-08-01 18:00,16.5,meteoswiss_ch1,torbole,Spiaggia Lucertole,14.0,6.7,172,,,,,,,
2026-07-31 23:30,2026-08-01 01:30,2,2026-08-01 17:00,2026-08-01 19:00,17.5,meteoswiss_ch1,torbole,Spiaggia Lucertole,13.4,0.8,76,,,,,,,
2026-07-31 23:30,2026-08-01 01:30,2,2026-08-01 18:00,2026-08-01 20:00,18.5,meteoswiss_ch1,torbole,Spiaggia Lucertole,8.2,4.5,88,,,,,,,
2026-07-31 23:30,2026-08-01 01:30,2,2026-08-01 19:00,2026-08-01 21:00,19.5,meteoswiss_ch1,torbole,Spiaggia Lucertole,10.7,5.7,86,,,,,,,
2026-07-31 23:30,2026-08-01 01:30,2,2026-08-01 20:00,2026-08-01 22:00,20.5,meteoswiss_ch1,torbole,Spiaggia Lucertole,10.3,4.2,28,,,,,,,
2026-07-31 23:30,2026-08-01 01:30,2,2026-08-01 21:00,2026-08-01 23:00,21.5,meteoswiss_ch1,torbole,Spiaggia Lucertole,15.6,8.4,29,,,,,,,
2026-07-31 23:30,2026-08-01 01:30,2,2026-08-01 22:00,2026-08-02 00:00,22.5,meteoswiss_ch1,torbole,Spiaggia Lucertole,17.9,8.6,177,,,,,,,
2026-07-31 23:30,2026-08-01 01:30,2,2026-08-01 23:00,2026-08-02 01:00,23.5,meteoswiss_ch1,torbole,Spiaggia Lucertole,43.1,5.9,169,,,,,,,
2026-07-31 23:30,2026-08-01 01:30,2,2026-08-01 00:00,2026-08-01 02:00,0.5,meteoswiss_ch1,torbole,Terrazza Ponale,4.6,1.9,24,,,,,,,
2026-07-31 23:30,2026-08-01 01:30,2,2026-08-01 01:00,2026-08-01 03:00,1.5,meteoswiss_ch1,torbole,Terrazza Ponale,5.8,2.9,352,,,,,,,
2026-07-31 23:30,2026-08-01 01:30,2,2026-08-01 02:00,2026-08-01 04:00,2.5,meteoswiss_ch1,torbole,Terrazza Ponale,8.4,1.6,14,,,,,,,
2026-07-31 23:30,2026-08-01 01:30,2,2026-08-01 03:00,2026-08-01 05:00,3.5,meteoswiss_ch1,torbole,Terrazza Ponale,15.2,1.7,306,,,,,,,
2026-07-31 23:30,2026-08-01 01:30,2,2026-08-01 04:00,2026-08-01 06:00,4.5,meteoswiss_ch1,torbole,Terrazza Ponale,10.3,5.2,20,,,,,,,
2026-07-31 23:30,2026-08-01 01:30,2,2026-08-01 05:00,2026-08-01 07:00,5.5,meteoswiss_ch1,torbole,Terrazza Ponale,10.3,3.6,344,,,,,,,
2026-07-31 23:30,2026-08-01 01:30,2,2026-08-01 06:00,2026-08-01 08:00,6.5,meteoswiss_ch1,torbole,Terrazza Ponale,7.2,1.5,23,,,,,,,
2026-07-31 23:30,2026-08-01 01:30,2,2026-08-01 07:00,2026-08-01 09:00,7.5,meteoswiss_ch1,torbole,Terrazza Ponale,4.9,1.7,69,,,,,,,
2026-07-31 23:30,2026-08-01 01:30,2,2026-08-01 08:00,2026-08-01 10:00,8.5,meteoswiss_ch1,torbole,Terrazza Ponale,7.2,2.9,82,,,,,,,
2026-07-31 23:30,2026-08-01 01:30,2,2026-08-01 09:00,2026-08-01 11:00,9.5,meteoswiss_ch1,torbole,Terrazza Ponale,7.6,3.0,79,,,,,,,
2026-07-31 23:30,2026-08-01 01:30,2,2026-08-01 10:00,2026-08-01 12:00,10.5,meteoswiss_ch1,torbole,Terrazza Ponale,7.4,2.7,69,,,,,,,
2026-07-31 23:30,2026-08-01 01:30,2,2026-08-01 11:00,2026-08-01 13:00,11.5,meteoswiss_ch1,torbole,Terrazza Ponale,7.0,2.1,68,,,,,,,
2026-07-31 23:30,2026-08-01 01:30,2,2026-08-01 12:00,2026-08-01 14:00,12.5,meteoswiss_ch1,torbole,Terrazza Ponale,5.8,1.6,7,,,,,,,
2026-07-31 23:30,2026-08-01 01:30,2,2026-08-01 13:00,2026-08-01 15:00,13.5,meteoswiss_ch1,torbole,Terrazza Ponale,5.2,1.0,307,,,,,,,
2026-07-31 23:30,2026-08-01 01:30,2,2026-08-01 14:00,2026-08-01 16:00,14.5,meteoswiss_ch1,torbole,Terrazza Ponale,8.5,3.6,225,,,,,,,
2026-07-31 23:30,2026-08-01 01:30,2,2026-08-01 15:00,2026-08-01 17:00,15.5,meteoswiss_ch1,torbole,Terrazza Ponale,11.4,3.9,186,,,,,,,
2026-07-31 23:30,2026-08-01 01:30,2,2026-08-01 16:00,2026-08-01 18:00,16.5,meteoswiss_ch1,torbole,Terrazza Ponale,9.0,1.9,53,,,,,,,
2026-07-31 23:30,2026-08-01 01:30,2,2026-08-01 17:00,2026-08-01 19:00,17.5,meteoswiss_ch1,torbole,Terrazza Ponale,5.2,0.6,270,,,,,,,
2026-07-31 23:30,2026-08-01 01:30,2,2026-08-01 18:00,2026-08-01 20:00,18.5,meteoswiss_ch1,torbole,Terrazza Ponale,3.7,1.6,7,,,,,,,
2026-07-31 23:30,2026-08-01 01:30,2,2026-08-01 19:00,2026-08-01 21:00,19.5,meteoswiss_ch1,torbole,Terrazza Ponale,5.5,2.4,61,,,,,,,
2026-07-31 23:30,2026-08-01 01:30,2,2026-08-01 20:00,2026-08-01 22:00,20.5,meteoswiss_ch1,torbole,Terrazza Ponale,8.5,1.9,84,,,,,,,
2026-07-31 23:30,2026-08-01 01:30,2,2026-08-01 21:00,2026-08-01 23:00,21.5,meteoswiss_ch1,torbole,Terrazza Ponale,4.3,1.7,45,,,,,,,
2026-07-31 23:30,2026-08-01 01:30,2,2026-08-01 22:00,2026-08-02 00:00,22.5,meteoswiss_ch1,torbole,Terrazza Ponale,3.9,2.1,131,,,,,,,
2026-07-31 23:30,2026-08-01 01:30,2,2026-08-01 23:00,2026-08-02 01:00,23.5,meteoswiss_ch1,torbole,Terrazza Ponale,13.4,6.5,136,,,,,,,
2026-07-31 23:31,2026-08-01 01:31,2,2026-08-01 00:00,2026-08-01 02:00,0.5,condizioni,malcesine,,,,,,,,27.6,0,0.0,1
2026-07-31 23:31,2026-08-01 01:31,2,2026-08-01 01:00,2026-08-01 03:00,1.5,condizioni,malcesine,,,,,,,,27.2,9,0.0,2
2026-07-31 23:31,2026-08-01 01:31,2,2026-08-01 02:00,2026-08-01 04:00,2.5,condizioni,malcesine,,,,,,,,26.9,9,0.0,3
2026-07-31 23:31,2026-08-01 01:31,2,2026-08-01 03:00,2026-08-01 05:00,3.5,condizioni,malcesine,,,,,,,,22.9,36,7.9,65
2026-07-31 23:31,2026-08-01 01:31,2,2026-08-01 04:00,2026-08-01 06:00,4.5,condizioni,malcesine,,,,,,,,24.5,73,0.0,3
2026-07-31 23:31,2026-08-01 01:31,2,2026-08-01 05:00,2026-08-01 07:00,5.5,condizioni,malcesine,,,,,,,,24.1,18,0.0,1
2026-07-31 23:31,2026-08-01 01:31,2,2026-08-01 06:00,2026-08-01 08:00,6.5,condizioni,malcesine,,,,,,,,25.5,0,0.0,1
2026-07-31 23:31,2026-08-01 01:31,2,2026-08-01 07:00,2026-08-01 09:00,7.5,condizioni,malcesine,,,,,,,,26.8,0,0.0,1
2026-07-31 23:31,2026-08-01 01:31,2,2026-08-01 08:00,2026-08-01 10:00,8.5,condizioni,malcesine,,,,,,,,28.1,0,0.0,1
2026-07-31 23:31,2026-08-01 01:31,2,2026-08-01 09:00,2026-08-01 11:00,9.5,condizioni,malcesine,,,,,,,,29.2,0,0.0,0
2026-07-31 23:31,2026-08-01 01:31,2,2026-08-01 10:00,2026-08-01 12:00,10.5,condizioni,malcesine,,,,,,,,30.4,0,0.0,0
2026-07-31 23:31,2026-08-01 01:31,2,2026-08-01 11:00,2026-08-01 13:00,11.5,condizioni,malcesine,,,,,,,,31.7,0,0.0,0
2026-07-31 23:31,2026-08-01 01:31,2,2026-08-01 12:00,2026-08-01 14:00,12.5,condizioni,malcesine,,,,,,,,32.6,0,0.0,0
2026-07-31 23:31,2026-08-01 01:31,2,2026-08-01 13:00,2026-08-01 15:00,13.5,condizioni,malcesine,,,,,,,,33.4,0,0.0,0
2026-07-31 23:31,2026-08-01 01:31,2,2026-08-01 14:00,2026-08-01 16:00,14.5,condizioni,malcesine,,,,,,,,33.6,0,0.0,0
2026-07-31 23:31,2026-08-01 01:31,2,2026-08-01 15:00,2026-08-01 17:00,15.5,condizioni,malcesine,,,,,,,,33.5,0,0.0,1
2026-07-31 23:31,2026-08-01 01:31,2,2026-08-01 16:00,2026-08-01 18:00,16.5,condizioni,malcesine,,,,,,,,33.0,0,0.0,3
2026-07-31 23:31,2026-08-01 01:31,2,2026-08-01 17:00,2026-08-01 19:00,17.5,condizioni,malcesine,,,,,,,,32.2,0,0.0,3
2026-07-31 23:31,2026-08-01 01:31,2,2026-08-01 18:00,2026-08-01 20:00,18.5,condizioni,malcesine,,,,,,,,31.0,9,0.0,1
2026-07-31 23:31,2026-08-01 01:31,2,2026-08-01 19:00,2026-08-01 21:00,19.5,condizioni,malcesine,,,,,,,,30.5,9,0.0,3
2026-07-31 23:31,2026-08-01 01:31,2,2026-08-01 20:00,2026-08-01 22:00,20.5,condizioni,malcesine,,,,,,,,29.1,0,0.0,2
2026-07-31 23:31,2026-08-01 01:31,2,2026-08-01 21:00,2026-08-01 23:00,21.5,condizioni,malcesine,,,,,,,,29.9,9,0.0,1
2026-07-31 23:31,2026-08-01 01:31,2,2026-08-01 22:00,2026-08-02 00:00,22.5,condizioni,malcesine,,,,,,,,27.0,18,0.3,51
2026-07-31 23:31,2026-08-01 01:31,2,2026-08-01 23:00,2026-08-02 01:00,23.5,condizioni,malcesine,,,,,,,,26.3,0,0.1,51
2026-07-31 23:31,2026-08-01 01:31,2,2026-08-02 00:00,2026-08-02 02:00,24.5,condizioni,malcesine,,,,,,,,27.5,5,0.0,3
2026-07-31 23:31,2026-08-01 01:31,2,2026-08-02 01:00,2026-08-02 03:00,25.5,condizioni,malcesine,,,,,,,,27.5,8,0.0,1
2026-07-31 23:31,2026-08-01 01:31,2,2026-08-02 02:00,2026-08-02 04:00,26.5,condizioni,malcesine,,,,,,,,27.4,13,0.0,1
2026-07-31 23:31,2026-08-01 01:31,2,2026-08-02 03:00,2026-08-02 05:00,27.5,condizioni,malcesine,,,,,,,,27.4,3,0.0,1
2026-07-31 23:31,2026-08-01 01:31,2,2026-08-02 04:00,2026-08-02 06:00,28.5,condizioni,malcesine,,,,,,,,27.3,13,0.0,1
2026-07-31 23:31,2026-08-01 01:31,2,2026-08-02 05:00,2026-08-02 07:00,29.5,condizioni,malcesine,,,,,,,,27.2,8,0.0,1
2026-07-31 23:31,2026-08-01 01:31,2,2026-08-02 06:00,2026-08-02 08:00,30.5,condizioni,malcesine,,,,,,,,27.3,8,0.0,2
2026-07-31 23:31,2026-08-01 01:31,2,2026-08-02 07:00,2026-08-02 09:00,31.5,condizioni,malcesine,,,,,,,,28.1,8,0.0,2
2026-07-31 23:31,2026-08-01 01:31,2,2026-08-02 08:00,2026-08-02 10:00,32.5,condizioni,malcesine,,,,,,,,29.3,5,0.0,2
2026-07-31 23:31,2026-08-01 01:31,2,2026-08-02 09:00,2026-08-02 11:00,33.5,condizioni,malcesine,,,,,,,,30.5,8,0.0,1
2026-07-31 23:31,2026-08-01 01:31,2,2026-08-02 10:00,2026-08-02 12:00,34.5,condizioni,malcesine,,,,,,,,32.1,0,0.0,1
2026-07-31 23:31,2026-08-01 01:31,2,2026-08-02 11:00,2026-08-02 13:00,35.5,condizioni,malcesine,,,,,,,,33.4,5,0.0,2
2026-07-31 23:31,2026-08-01 01:31,2,2026-08-02 12:00,2026-08-02 14:00,36.5,condizioni,malcesine,,,,,,,,33.4,13,0.0,2
2026-07-31 23:31,2026-08-01 01:31,2,2026-08-02 13:00,2026-08-02 15:00,37.5,condizioni,malcesine,,,,,,,,34.5,3,0.0,1
2026-07-31 23:31,2026-08-01 01:31,2,2026-08-02 14:00,2026-08-02 16:00,38.5,condizioni,malcesine,,,,,,,,35.0,0,0.0,1
2026-07-31 23:31,2026-08-01 01:31,2,2026-08-02 15:00,2026-08-02 17:00,39.5,condizioni,malcesine,,,,,,,,34.9,0,0.0,3
2026-07-31 23:31,2026-08-01 01:31,2,2026-08-02 16:00,2026-08-02 18:00,40.5,condizioni,malcesine,,,,,,,,34.0,3,0.0,3
2026-07-31 23:31,2026-08-01 01:31,2,2026-08-02 17:00,2026-08-02 19:00,41.5,condizioni,malcesine,,,,,,,,32.8,0,0.0,3
2026-07-31 23:31,2026-08-01 01:31,2,2026-08-02 18:00,2026-08-02 20:00,42.5,condizioni,malcesine,,,,,,,,31.1,0,0.0,3
2026-07-31 23:31,2026-08-01 01:31,2,2026-08-02 19:00,2026-08-02 21:00,43.5,condizioni,malcesine,,,,,,,,29.9,0,0.0,3
2026-07-31 23:31,2026-08-01 01:31,2,2026-08-02 20:00,2026-08-02 22:00,44.5,condizioni,malcesine,,,,,,,,28.9,0,0.0,3
2026-07-31 23:31,2026-08-01 01:31,2,2026-08-02 21:00,2026-08-02 23:00,45.5,condizioni,malcesine,,,,,,,,28.2,0,0.0,3
2026-07-31 23:31,2026-08-01 01:31,2,2026-08-02 22:00,2026-08-03 00:00,46.5,condizioni,malcesine,,,,,,,,27.6,0,0.0,0
2026-07-31 23:31,2026-08-01 01:31,2,2026-08-02 23:00,2026-08-03 01:00,47.5,condizioni,malcesine,,,,,,,,27.3,0,0.0,0
2026-07-31 23:31,2026-08-01 01:31,2,2026-08-01 00:00,2026-08-01 02:00,0.5,meteoswiss_ch1,malcesine,Campione,14.0,7.8,14,,,,,,,
2026-07-31 23:31,2026-08-01 01:31,2,2026-08-01 01:00,2026-08-01 03:00,1.5,meteoswiss_ch1,malcesine,Campione,17.1,8.1,11,,,,,,,
2026-07-31 23:31,2026-08-01 01:31,2,2026-08-01 02:00,2026-08-01 04:00,2.5,meteoswiss_ch1,malcesine,Campione,16.9,7.3,29,,,,,,,
2026-07-31 23:31,2026-08-01 01:31,2,2026-08-01 03:00,2026-08-01 05:00,3.5,meteoswiss_ch1,malcesine,Campione,31.7,9.8,13,,,,,,,
2026-07-31 23:31,2026-08-01 01:31,2,2026-08-01 04:00,2026-08-01 06:00,4.5,meteoswiss_ch1,malcesine,Campione,18.7,6.6,58,,,,,,,
2026-07-31 23:31,2026-08-01 01:31,2,2026-08-01 05:00,2026-08-01 07:00,5.5,meteoswiss_ch1,malcesine,Campione,22.4,8.3,24,,,,,,,
2026-07-31 23:31,2026-08-01 01:31,2,2026-08-01 06:00,2026-08-01 08:00,6.5,meteoswiss_ch1,malcesine,Campione,15.2,7.0,14,,,,,,,
2026-07-31 23:31,2026-08-01 01:31,2,2026-08-01 07:00,2026-08-01 09:00,7.5,meteoswiss_ch1,malcesine,Campione,13.8,7.4,14,,,,,,,
2026-07-31 23:31,2026-08-01 01:31,2,2026-08-01 08:00,2026-08-01 10:00,8.5,meteoswiss_ch1,malcesine,Campione,15.0,7.7,24,,,,,,,
2026-07-31 23:31,2026-08-01 01:31,2,2026-08-01 09:00,2026-08-01 11:00,9.5,meteoswiss_ch1,malcesine,Campione,15.3,7.7,21,,,,,,,
2026-07-31 23:31,2026-08-01 01:31,2,2026-08-01 10:00,2026-08-01 12:00,10.5,meteoswiss_ch1,malcesine,Campione,15.8,7.6,19,,,,,,,
2026-07-31 23:31,2026-08-01 01:31,2,2026-08-01 11:00,2026-08-01 13:00,11.5,meteoswiss_ch1,malcesine,Campione,15.0,7.3,9,,,,,,,
2026-07-31 23:31,2026-08-01 01:31,2,2026-08-01 12:00,2026-08-01 14:00,12.5,meteoswiss_ch1,malcesine,Campione,14.8,6.6,3,,,,,,,
2026-07-31 23:31,2026-08-01 01:31,2,2026-08-01 13:00,2026-08-01 15:00,13.5,meteoswiss_ch1,malcesine,Campione,13.6,4.3,350,,,,,,,
2026-07-31 23:31,2026-08-01 01:31,2,2026-08-01 14:00,2026-08-01 16:00,14.5,meteoswiss_ch1,malcesine,Campione,9.1,2.3,294,,,,,,,
2026-07-31 23:31,2026-08-01 01:31,2,2026-08-01 15:00,2026-08-01 17:00,15.5,meteoswiss_ch1,malcesine,Campione,6.0,0.8,270,,,,,,,
2026-07-31 23:31,2026-08-01 01:31,2,2026-08-01 16:00,2026-08-01 18:00,16.5,meteoswiss_ch1,malcesine,Campione,5.2,1.4,106,,,,,,,
2026-07-31 23:31,2026-08-01 01:31,2,2026-08-01 17:00,2026-08-01 19:00,17.5,meteoswiss_ch1,malcesine,Campione,5.1,1.9,53,,,,,,,
2026-07-31 23:31,2026-08-01 01:31,2,2026-08-01 18:00,2026-08-01 20:00,18.5,meteoswiss_ch1,malcesine,Campione,3.7,2.2,85,,,,,,,
2026-07-31 23:31,2026-08-01 01:31,2,2026-08-01 19:00,2026-08-01 21:00,19.5,meteoswiss_ch1,malcesine,Campione,7.8,4.4,122,,,,,,,
2026-07-31 23:31,2026-08-01 01:31,2,2026-08-01 20:00,2026-08-01 22:00,20.5,meteoswiss_ch1,malcesine,Campione,7.6,2.9,82,,,,,,,
2026-07-31 23:31,2026-08-01 01:31,2,2026-08-01 21:00,2026-08-01 23:00,21.5,meteoswiss_ch1,malcesine,Campione,9.5,5.2,27,,,,,,,
2026-07-31 23:31,2026-08-01 01:31,2,2026-08-01 22:00,2026-08-02 00:00,22.5,meteoswiss_ch1,malcesine,Campione,17.9,5.0,26,,,,,,,
2026-07-31 23:31,2026-08-01 01:31,2,2026-08-01 23:00,2026-08-02 01:00,23.5,meteoswiss_ch1,malcesine,Campione,13.4,4.3,183,,,,,,,
2026-07-31 23:31,2026-08-01 01:31,2,2026-08-01 00:00,2026-08-01 02:00,0.5,meteoswiss_ch1,malcesine,Limone,5.1,1.7,297,,,,,,,
2026-07-31 23:31,2026-08-01 01:31,2,2026-08-01 01:00,2026-08-01 03:00,1.5,meteoswiss_ch1,malcesine,Limone,5.2,2.6,347,,,,,,,
2026-07-31 23:31,2026-08-01 01:31,2,2026-08-01 02:00,2026-08-01 04:00,2.5,meteoswiss_ch1,malcesine,Limone,14.8,9.1,312,,,,,,,
2026-07-31 23:31,2026-08-01 01:31,2,2026-08-01 03:00,2026-08-01 05:00,3.5,meteoswiss_ch1,malcesine,Limone,25.9,3.9,3,,,,,,,
2026-07-31 23:31,2026-08-01 01:31,2,2026-08-01 04:00,2026-08-01 06:00,4.5,meteoswiss_ch1,malcesine,Limone,16.5,5.2,90,,,,,,,
2026-07-31 23:31,2026-08-01 01:31,2,2026-08-01 05:00,2026-08-01 07:00,5.5,meteoswiss_ch1,malcesine,Limone,8.5,2.2,5,,,,,,,
2026-07-31 23:31,2026-08-01 01:31,2,2026-08-01 06:00,2026-08-01 08:00,6.5,meteoswiss_ch1,malcesine,Limone,5.1,2.8,74,,,,,,,
2026-07-31 23:31,2026-08-01 01:31,2,2026-08-01 07:00,2026-08-01 09:00,7.5,meteoswiss_ch1,malcesine,Limone,9.3,5.2,68,,,,,,,
2026-07-31 23:31,2026-08-01 01:31,2,2026-08-01 08:00,2026-08-01 10:00,8.5,meteoswiss_ch1,malcesine,Limone,11.3,6.3,64,,,,,,,
2026-07-31 23:31,2026-08-01 01:31,2,2026-08-01 09:00,2026-08-01 11:00,9.5,meteoswiss_ch1,malcesine,Limone,11.3,6.2,62,,,,,,,
2026-07-31 23:31,2026-08-01 01:31,2,2026-08-01 10:00,2026-08-01 12:00,10.5,meteoswiss_ch1,malcesine,Limone,11.4,6.1,68,,,,,,,
2026-07-31 23:31,2026-08-01 01:31,2,2026-08-01 11:00,2026-08-01 13:00,11.5,meteoswiss_ch1,malcesine,Limone,11.1,5.3,66,,,,,,,
2026-07-31 23:31,2026-08-01 01:31,2,2026-08-01 12:00,2026-08-01 14:00,12.5,meteoswiss_ch1,malcesine,Limone,9.9,4.2,68,,,,,,,
2026-07-31 23:31,2026-08-01 01:31,2,2026-08-01 13:00,2026-08-01 15:00,13.5,meteoswiss_ch1,malcesine,Limone,8.2,3.3,62,,,,,,,
2026-07-31 23:31,2026-08-01 01:31,2,2026-08-01 14:00,2026-08-01 16:00,14.5,meteoswiss_ch1,malcesine,Limone,6.8,1.3,153,,,,,,,
2026-07-31 23:31,2026-08-01 01:31,2,2026-08-01 15:00,2026-08-01 17:00,15.5,meteoswiss_ch1,malcesine,Limone,4.3,0.6,108,,,,,,,
2026-07-31 23:31,2026-08-01 01:31,2,2026-08-01 16:00,2026-08-01 18:00,16.5,meteoswiss_ch1,malcesine,Limone,4.1,1.6,83,,,,,,,
2026-07-31 23:31,2026-08-01 01:31,2,2026-08-01 17:00,2026-08-01 19:00,17.5,meteoswiss_ch1,malcesine,Limone,7.2,4.6,324,,,,,,,
2026-07-31 23:31,2026-08-01 01:31,2,2026-08-01 18:00,2026-08-01 20:00,18.5,meteoswiss_ch1,malcesine,Limone,10.7,6.5,303,,,,,,,
2026-07-31 23:31,2026-08-01 01:31,2,2026-08-01 19:00,2026-08-01 21:00,19.5,meteoswiss_ch1,malcesine,Limone,13.4,7.2,301,,,,,,,
2026-07-31 23:31,2026-08-01 01:31,2,2026-08-01 20:00,2026-08-01 22:00,20.5,meteoswiss_ch1,malcesine,Limone,11.7,7.0,294,,,,,,,
2026-07-31 23:31,2026-08-01 01:31,2,2026-08-01 21:00,2026-08-01 23:00,21.5,meteoswiss_ch1,malcesine,Limone,11.4,3.2,303,,,,,,,
2026-07-31 23:31,2026-08-01 01:31,2,2026-08-01 22:00,2026-08-02 00:00,22.5,meteoswiss_ch1,malcesine,Limone,47.4,13.1,318,,,,,,,
2026-07-31 23:31,2026-08-01 01:31,2,2026-08-01 23:00,2026-08-02 01:00,23.5,meteoswiss_ch1,malcesine,Limone,21.8,4.9,247,,,,,,,
2026-07-31 23:31,2026-08-01 01:31,2,2026-08-01 00:00,2026-08-01 02:00,0.5,meteoswiss_ch1,malcesine,Navene,19.8,9.0,25,,,,,,,
2026-07-31 23:31,2026-08-01 01:31,2,2026-08-01 01:00,2026-08-01 03:00,1.5,meteoswiss_ch1,malcesine,Navene,22.4,8.9,20,,,,,,,
2026-07-31 23:31,2026-08-01 01:31,2,2026-08-01 02:00,2026-08-01 04:00,2.5,meteoswiss_ch1,malcesine,Navene,22.0,8.5,21,,,,,,,
2026-07-31 23:31,2026-08-01 01:31,2,2026-08-01 03:00,2026-08-01 05:00,3.5,meteoswiss_ch1,malcesine,Navene,34.2,9.9,23,,,,,,,
2026-07-31 23:31,2026-08-01 01:31,2,2026-08-01 04:00,2026-08-01 06:00,4.5,meteoswiss_ch1,malcesine,Navene,22.4,6.0,42,,,,,,,
2026-07-31 23:31,2026-08-01 01:31,2,2026-08-01 05:00,2026-08-01 07:00,5.5,meteoswiss_ch1,malcesine,Navene,26.5,10.9,24,,,,,,,
2026-07-31 23:31,2026-08-01 01:31,2,2026-08-01 06:00,2026-08-01 08:00,6.5,meteoswiss_ch1,malcesine,Navene,22.9,9.6,33,,,,,,,
2026-07-31 23:31,2026-08-01 01:31,2,2026-08-01 07:00,2026-08-01 09:00,7.5,meteoswiss_ch1,malcesine,Navene,21.2,10.0,33,,,,,,,
2026-07-31 23:31,2026-08-01 01:31,2,2026-08-01 08:00,2026-08-01 10:00,8.5,meteoswiss_ch1,malcesine,Navene,21.2,9.4,27,,,,,,,
2026-07-31 23:31,2026-08-01 01:31,2,2026-08-01 09:00,2026-08-01 11:00,9.5,meteoswiss_ch1,malcesine,Navene,21.0,8.5,24,,,,,,,
2026-07-31 23:31,2026-08-01 01:31,2,2026-08-01 10:00,2026-08-01 12:00,10.5,meteoswiss_ch1,malcesine,Navene,19.7,8.3,24,,,,,,,
2026-07-31 23:31,2026-08-01 01:31,2,2026-08-01 11:00,2026-08-01 13:00,11.5,meteoswiss_ch1,malcesine,Navene,18.8,7.5,17,,,,,,,
2026-07-31 23:31,2026-08-01 01:31,2,2026-08-01 12:00,2026-08-01 14:00,12.5,meteoswiss_ch1,malcesine,Navene,17.5,6.2,4,,,,,,,
2026-07-31 23:31,2026-08-01 01:31,2,2026-08-01 13:00,2026-08-01 15:00,13.5,meteoswiss_ch1,malcesine,Navene,14.8,5.0,332,,,,,,,
2026-07-31 23:31,2026-08-01 01:31,2,2026-08-01 14:00,2026-08-01 16:00,14.5,meteoswiss_ch1,malcesine,Navene,12.4,3.9,270,,,,,,,
2026-07-31 23:31,2026-08-01 01:31,2,2026-08-01 15:00,2026-08-01 17:00,15.5,meteoswiss_ch1,malcesine,Navene,9.9,1.9,217,,,,,,,
2026-07-31 23:31,2026-08-01 01:31,2,2026-08-01 16:00,2026-08-01 18:00,16.5,meteoswiss_ch1,malcesine,Navene,7.6,1.5,157,,,,,,,
2026-07-31 23:31,2026-08-01 01:31,2,2026-08-01 17:00,2026-08-01 19:00,17.5,meteoswiss_ch1,malcesine,Navene,4.3,1.4,34,,,,,,,
2026-07-31 23:31,2026-08-01 01:31,2,2026-08-01 18:00,2026-08-01 20:00,18.5,meteoswiss_ch1,malcesine,Navene,8.4,4.3,93,,,,,,,
2026-07-31 23:31,2026-08-01 01:31,2,2026-08-01 19:00,2026-08-01 21:00,19.5,meteoswiss_ch1,malcesine,Navene,11.7,5.7,100,,,,,,,
2026-07-31 23:31,2026-08-01 01:31,2,2026-08-01 20:00,2026-08-01 22:00,20.5,meteoswiss_ch1,malcesine,Navene,12.9,6.3,64,,,,,,,
2026-07-31 23:31,2026-08-01 01:31,2,2026-08-01 21:00,2026-08-01 23:00,21.5,meteoswiss_ch1,malcesine,Navene,16.1,7.3,37,,,,,,,
2026-07-31 23:31,2026-08-01 01:31,2,2026-08-01 22:00,2026-08-02 00:00,22.5,meteoswiss_ch1,malcesine,Navene,17.9,6.7,41,,,,,,,
2026-07-31 23:31,2026-08-01 01:31,2,2026-08-01 23:00,2026-08-02 01:00,23.5,meteoswiss_ch1,malcesine,Navene,14.2,5.3,174,,,,,,,
2026-07-31 23:31,2026-08-01 01:31,2,2026-08-01 00:00,2026-08-01 02:00,0.5,meteoswiss_ch1,malcesine,Parcheggione,7.4,4.0,29,,,,,,,
2026-07-31 23:31,2026-08-01 01:31,2,2026-08-01 01:00,2026-08-01 03:00,1.5,meteoswiss_ch1,malcesine,Parcheggione,9.7,3.7,25,,,,,,,
2026-07-31 23:31,2026-08-01 01:31,2,2026-08-01 02:00,2026-08-01 04:00,2.5,meteoswiss_ch1,malcesine,Parcheggione,9.9,3.9,37,,,,,,,
2026-07-31 23:31,2026-08-01 01:31,2,2026-08-01 03:00,2026-08-01 05:00,3.5,meteoswiss_ch1,malcesine,Parcheggione,34.4,3.6,9,,,,,,,
2026-07-31 23:31,2026-08-01 01:31,2,2026-08-01 04:00,2026-08-01 06:00,4.5,meteoswiss_ch1,malcesine,Parcheggione,10.7,4.4,105,,,,,,,
2026-07-31 23:31,2026-08-01 01:31,2,2026-08-01 05:00,2026-08-01 07:00,5.5,meteoswiss_ch1,malcesine,Parcheggione,11.3,2.8,34,,,,,,,
2026-07-31 23:31,2026-08-01 01:31,2,2026-08-01 06:00,2026-08-01 08:00,6.5,meteoswiss_ch1,malcesine,Parcheggione,6.2,3.5,38,,,,,,,
2026-07-31 23:31,2026-08-01 01:31,2,2026-08-01 07:00,2026-08-01 09:00,7.5,meteoswiss_ch1,malcesine,Parcheggione,6.8,3.6,36,,,,,,,
2026-07-31 23:31,2026-08-01 01:31,2,2026-08-01 08:00,2026-08-01 10:00,8.5,meteoswiss_ch1,malcesine,Parcheggione,7.2,3.6,29,,,,,,,
2026-07-31 23:31,2026-08-01 01:31,2,2026-08-01 09:00,2026-08-01 11:00,9.5,meteoswiss_ch1,malcesine,Parcheggione,10.7,5.0,16,,,,,,,
2026-07-31 23:31,2026-08-01 01:31,2,2026-08-01 10:00,2026-08-01 12:00,10.5,meteoswiss_ch1,malcesine,Parcheggione,12.9,5.4,13,,,,,,,
2026-07-31 23:31,2026-08-01 01:31,2,2026-08-01 11:00,2026-08-01 13:00,11.5,meteoswiss_ch1,malcesine,Parcheggione,13.8,6.0,360,,,,,,,
2026-07-31 23:31,2026-08-01 01:31,2,2026-08-01 12:00,2026-08-01 14:00,12.5,meteoswiss_ch1,malcesine,Parcheggione,13.8,5.6,346,,,,,,,
2026-07-31 23:31,2026-08-01 01:31,2,2026-08-01 13:00,2026-08-01 15:00,13.5,meteoswiss_ch1,malcesine,Parcheggione,12.9,4.8,320,,,,,,,
2026-07-31 23:31,2026-08-01 01:31,2,2026-08-01 14:00,2026-08-01 16:00,14.5,meteoswiss_ch1,malcesine,Parcheggione,11.3,3.3,280,,,,,,,
2026-07-31 23:31,2026-08-01 01:31,2,2026-08-01 15:00,2026-08-01 17:00,15.5,meteoswiss_ch1,malcesine,Parcheggione,8.5,1.2,231,,,,,,,
2026-07-31 23:31,2026-08-01 01:31,2,2026-08-01 16:00,2026-08-01 18:00,16.5,meteoswiss_ch1,malcesine,Parcheggione,7.0,1.6,150,,,,,,,
2026-07-31 23:31,2026-08-01 01:31,2,2026-08-01 17:00,2026-08-01 19:00,17.5,meteoswiss_ch1,malcesine,Parcheggione,3.9,1.0,90,,,,,,,
2026-07-31 23:31,2026-08-01 01:31,2,2026-08-01 18:00,2026-08-01 20:00,18.5,meteoswiss_ch1,malcesine,Parcheggione,7.8,4.0,125,,,,,,,
2026-07-31 23:31,2026-08-01 01:31,2,2026-08-01 19:00,2026-08-01 21:00,19.5,meteoswiss_ch1,malcesine,Parcheggione,11.9,6.0,132,,,,,,,
2026-07-31 23:31,2026-08-01 01:31,2,2026-08-01 20:00,2026-08-01 22:00,20.5,meteoswiss_ch1,malcesine,Parcheggione,12.0,4.6,118,,,,,,,
2026-07-31 23:31,2026-08-01 01:31,2,2026-08-01 21:00,2026-08-01 23:00,21.5,meteoswiss_ch1,malcesine,Parcheggione,8.5,2.7,69,,,,,,,
2026-07-31 23:31,2026-08-01 01:31,2,2026-08-01 22:00,2026-08-02 00:00,22.5,meteoswiss_ch1,malcesine,Parcheggione,16.3,3.2,33,,,,,,,
2026-07-31 23:31,2026-08-01 01:31,2,2026-08-01 23:00,2026-08-02 01:00,23.5,meteoswiss_ch1,malcesine,Parcheggione,13.2,5.3,186,,,,,,,
2026-08-01 00:31,2026-08-01 02:31,4,2026-08-01 01:00,2026-08-01 03:00,0.5,condizioni,malcesine,,,,,,,,27.2,9,0.0,2
2026-08-01 00:31,2026-08-01 02:31,4,2026-08-01 02:00,2026-08-01 04:00,1.5,condizioni,malcesine,,,,,,,,26.9,9,0.0,3
2026-08-01 00:31,2026-08-01 02:31,4,2026-08-01 03:00,2026-08-01 05:00,2.5,condizioni,malcesine,,,,,,,,22.9,36,7.9,65
2026-08-01 00:31,2026-08-01 02:31,4,2026-08-01 04:00,2026-08-01 06:00,3.5,condizioni,malcesine,,,,,,,,24.5,73,0.0,3
2026-08-01 00:31,2026-08-01 02:31,4,2026-08-01 05:00,2026-08-01 07:00,4.5,condizioni,malcesine,,,,,,,,24.1,18,0.0,1
2026-08-01 00:31,2026-08-01 02:31,4,2026-08-01 06:00,2026-08-01 08:00,5.5,condizioni,malcesine,,,,,,,,25.5,0,0.0,1
2026-08-01 00:31,2026-08-01 02:31,4,2026-08-01 07:00,2026-08-01 09:00,6.5,condizioni,malcesine,,,,,,,,26.8,0,0.0,1
2026-08-01 00:31,2026-08-01 02:31,4,2026-08-01 08:00,2026-08-01 10:00,7.5,condizioni,malcesine,,,,,,,,28.1,0,0.0,1
2026-08-01 00:31,2026-08-01 02:31,4,2026-08-01 09:00,2026-08-01 11:00,8.5,condizioni,malcesine,,,,,,,,29.2,0,0.0,0
2026-08-01 00:31,2026-08-01 02:31,4,2026-08-01 10:00,2026-08-01 12:00,9.5,condizioni,malcesine,,,,,,,,30.4,0,0.0,0
2026-08-01 00:31,2026-08-01 02:31,4,2026-08-01 11:00,2026-08-01 13:00,10.5,condizioni,malcesine,,,,,,,,31.7,0,0.0,0
2026-08-01 00:31,2026-08-01 02:31,4,2026-08-01 12:00,2026-08-01 14:00,11.5,condizioni,malcesine,,,,,,,,32.6,0,0.0,0
2026-08-01 00:31,2026-08-01 02:31,4,2026-08-01 13:00,2026-08-01 15:00,12.5,condizioni,malcesine,,,,,,,,33.4,0,0.0,0
2026-08-01 00:31,2026-08-01 02:31,4,2026-08-01 14:00,2026-08-01 16:00,13.5,condizioni,malcesine,,,,,,,,33.6,0,0.0,0
2026-08-01 00:31,2026-08-01 02:31,4,2026-08-01 15:00,2026-08-01 17:00,14.5,condizioni,malcesine,,,,,,,,33.5,0,0.0,1
2026-08-01 00:31,2026-08-01 02:31,4,2026-08-01 16:00,2026-08-01 18:00,15.5,condizioni,malcesine,,,,,,,,33.0,0,0.0,3
2026-08-01 00:31,2026-08-01 02:31,4,2026-08-01 17:00,2026-08-01 19:00,16.5,condizioni,malcesine,,,,,,,,32.2,0,0.0,3
2026-08-01 00:31,2026-08-01 02:31,4,2026-08-01 18:00,2026-08-01 20:00,17.5,condizioni,malcesine,,,,,,,,31.0,9,0.0,1
2026-08-01 00:31,2026-08-01 02:31,4,2026-08-01 19:00,2026-08-01 21:00,18.5,condizioni,malcesine,,,,,,,,30.5,9,0.0,3
2026-08-01 00:31,2026-08-01 02:31,4,2026-08-01 20:00,2026-08-01 22:00,19.5,condizioni,malcesine,,,,,,,,29.1,0,0.0,2
2026-08-01 00:31,2026-08-01 02:31,4,2026-08-01 21:00,2026-08-01 23:00,20.5,condizioni,malcesine,,,,,,,,29.9,9,0.0,1
2026-08-01 00:31,2026-08-01 02:31,4,2026-08-01 22:00,2026-08-02 00:00,21.5,condizioni,malcesine,,,,,,,,27.0,18,0.3,51
2026-08-01 00:31,2026-08-01 02:31,4,2026-08-01 23:00,2026-08-02 01:00,22.5,condizioni,malcesine,,,,,,,,26.3,0,0.1,51
2026-08-01 00:31,2026-08-01 02:31,4,2026-08-02 00:00,2026-08-02 02:00,23.5,condizioni,malcesine,,,,,,,,24.2,18,0.3,51
2026-08-01 00:31,2026-08-01 02:31,4,2026-08-02 01:00,2026-08-02 03:00,24.5,condizioni,malcesine,,,,,,,,25.1,0,0.0,3
2026-08-01 00:31,2026-08-01 02:31,4,2026-08-02 02:00,2026-08-02 04:00,25.5,condizioni,malcesine,,,,,,,,26.0,0,0.0,3
2026-08-01 00:31,2026-08-01 02:31,4,2026-08-02 03:00,2026-08-02 05:00,26.5,condizioni,malcesine,,,,,,,,25.2,9,0.2,51
2026-08-01 00:31,2026-08-01 02:31,4,2026-08-02 04:00,2026-08-02 06:00,27.5,condizioni,malcesine,,,,,,,,21.2,9,13.1,65
2026-08-01 00:31,2026-08-01 02:31,4,2026-08-02 05:00,2026-08-02 07:00,28.5,condizioni,malcesine,,,,,,,,21.8,18,2.4,61
2026-08-01 00:31,2026-08-01 02:31,4,2026-08-02 06:00,2026-08-02 08:00,29.5,condizioni,malcesine,,,,,,,,22.3,27,2.3,61
2026-08-01 00:31,2026-08-01 02:31,4,2026-08-02 07:00,2026-08-02 09:00,30.5,condizioni,malcesine,,,,,,,,,,,
2026-08-01 00:31,2026-08-01 02:31,4,2026-08-02 08:00,2026-08-02 10:00,31.5,condizioni,malcesine,,,,,,,,,,,
2026-08-01 00:31,2026-08-01 02:31,4,2026-08-02 09:00,2026-08-02 11:00,32.5,condizioni,malcesine,,,,,,,,,,,
2026-08-01 00:31,2026-08-01 02:31,4,2026-08-02 10:00,2026-08-02 12:00,33.5,condizioni,malcesine,,,,,,,,,,,
2026-08-01 00:31,2026-08-01 02:31,4,2026-08-02 11:00,2026-08-02 13:00,34.5,condizioni,malcesine,,,,,,,,,,,
2026-08-01 00:31,2026-08-01 02:31,4,2026-08-02 12:00,2026-08-02 14:00,35.5,condizioni,malcesine,,,,,,,,,,,
2026-08-01 00:31,2026-08-01 02:31,4,2026-08-02 13:00,2026-08-02 15:00,36.5,condizioni,malcesine,,,,,,,,,,,
2026-08-01 00:31,2026-08-01 02:31,4,2026-08-02 14:00,2026-08-02 16:00,37.5,condizioni,malcesine,,,,,,,,,,,
2026-08-01 00:31,2026-08-01 02:31,4,2026-08-02 15:00,2026-08-02 17:00,38.5,condizioni,malcesine,,,,,,,,,,,
2026-08-01 00:31,2026-08-01 02:31,4,2026-08-02 16:00,2026-08-02 18:00,39.5,condizioni,malcesine,,,,,,,,,,,
2026-08-01 00:31,2026-08-01 02:31,4,2026-08-02 17:00,2026-08-02 19:00,40.5,condizioni,malcesine,,,,,,,,,,,
2026-08-01 00:31,2026-08-01 02:31,4,2026-08-02 18:00,2026-08-02 20:00,41.5,condizioni,malcesine,,,,,,,,,,,
2026-08-01 00:31,2026-08-01 02:31,4,2026-08-02 19:00,2026-08-02 21:00,42.5,condizioni,malcesine,,,,,,,,,,,
2026-08-01 00:31,2026-08-01 02:31,4,2026-08-02 20:00,2026-08-02 22:00,43.5,condizioni,malcesine,,,,,,,,,,,
2026-08-01 00:31,2026-08-01 02:31,4,2026-08-02 21:00,2026-08-02 23:00,44.5,condizioni,malcesine,,,,,,,,,,,
2026-08-01 00:31,2026-08-01 02:31,4,2026-08-02 22:00,2026-08-03 00:00,45.5,condizioni,malcesine,,,,,,,,,,,
2026-08-01 00:31,2026-08-01 02:31,4,2026-08-02 23:00,2026-08-03 01:00,46.5,condizioni,malcesine,,,,,,,,,,,
2026-08-01 00:31,2026-08-01 02:31,4,2026-08-03 00:00,2026-08-03 02:00,47.5,condizioni,malcesine,,,,,,,,27.0,0,0.0,0
2026-08-01 00:31,2026-08-01 02:31,4,2026-08-01 01:00,2026-08-01 03:00,0.5,condizioni,torbole,,,,,,,,26.7,0,0.0,3
2026-08-01 00:31,2026-08-01 02:31,4,2026-08-01 02:00,2026-08-01 04:00,1.5,condizioni,torbole,,,,,,,,26.2,9,0.0,3
2026-08-01 00:31,2026-08-01 02:31,4,2026-08-01 03:00,2026-08-01 05:00,2.5,condizioni,torbole,,,,,,,,22.8,55,11.1,65
2026-08-01 00:31,2026-08-01 02:31,4,2026-08-01 04:00,2026-08-01 06:00,3.5,condizioni,torbole,,,,,,,,23.6,73,2.5,63
2026-08-01 00:31,2026-08-01 02:31,4,2026-08-01 05:00,2026-08-01 07:00,4.5,condizioni,torbole,,,,,,,,23.3,27,1.3,61
2026-08-01 00:31,2026-08-01 02:31,4,2026-08-01 06:00,2026-08-01 08:00,5.5,condizioni,torbole,,,,,,,,24.6,0,0.0,0
2026-08-01 00:31,2026-08-01 02:31,4,2026-08-01 07:00,2026-08-01 09:00,6.5,condizioni,torbole,,,,,,,,26.1,0,0.0,0
2026-08-01 00:31,2026-08-01 02:31,4,2026-08-01 08:00,2026-08-01 10:00,7.5,condizioni,torbole,,,,,,,,27.7,0,0.0,3
2026-08-01 00:31,2026-08-01 02:31,4,2026-08-01 09:00,2026-08-01 11:00,8.5,condizioni,torbole,,,,,,,,29.4,0,0.0,0
2026-08-01 00:31,2026-08-01 02:31,4,2026-08-01 10:00,2026-08-01 12:00,9.5,condizioni,torbole,,,,,,,,31.2,0,0.0,0
2026-08-01 00:31,2026-08-01 02:31,4,2026-08-01 11:00,2026-08-01 13:00,10.5,condizioni,torbole,,,,,,,,32.8,0,0.0,0
2026-08-01 00:31,2026-08-01 02:31,4,2026-08-01 12:00,2026-08-01 14:00,11.5,condizioni,torbole,,,,,,,,34.4,0,0.0,0
2026-08-01 00:31,2026-08-01 02:31,4,2026-08-01 13:00,2026-08-01 15:00,12.5,condizioni,torbole,,,,,,,,35.4,0,0.0,0
2026-08-01 00:31,2026-08-01 02:31,4,2026-08-01 14:00,2026-08-01 16:00,13.5,condizioni,torbole,,,,,,,,34.7,0,0.0,0
2026-08-01 00:31,2026-08-01 02:31,4,2026-08-01 15:00,2026-08-01 17:00,14.5,condizioni,torbole,,,,,,,,34.0,0,0.0,3
2026-08-01 00:31,2026-08-01 02:31,4,2026-08-01 16:00,2026-08-01 18:00,15.5,condizioni,torbole,,,,,,,,33.8,0,0.0,3
2026-08-01 00:31,2026-08-01 02:31,4,2026-08-01 17:00,2026-08-01 19:00,16.5,condizioni,torbole,,,,,,,,33.5,0,0.0,3
2026-08-01 00:31,2026-08-01 02:31,4,2026-08-01 18:00,2026-08-01 20:00,17.5,condizioni,torbole,,,,,,,,32.2,18,0.0,0
2026-08-01 00:31,2026-08-01 02:31,4,2026-08-01 19:00,2026-08-01 21:00,18.5,condizioni,torbole,,,,,,,,29.4,9,0.0,3
2026-08-01 00:31,2026-08-01 02:31,4,2026-08-01 20:00,2026-08-01 22:00,19.5,condizioni,torbole,,,,,,,,29.4,0,0.0,3
2026-08-01 00:31,2026-08-01 02:31,4,2026-08-01 21:00,2026-08-01 23:00,20.5,condizioni,torbole,,,,,,,,28.9,9,0.0,0
2026-08-01 00:31,2026-08-01 02:31,4,2026-08-01 22:00,2026-08-02 00:00,21.5,condizioni,torbole,,,,,,,,28.7,9,0.0,3
2026-08-01 00:31,2026-08-01 02:31,4,2026-08-01 23:00,2026-08-02 01:00,22.5,condizioni,torbole,,,,,,,,25.6,18,7.4,63
2026-08-01 00:31,2026-08-01 02:31,4,2026-08-02 00:00,2026-08-02 02:00,23.5,condizioni,torbole,,,,,,,,25.9,0,0.0,3
2026-08-01 00:31,2026-08-01 02:31,4,2026-08-02 01:00,2026-08-02 03:00,24.5,condizioni,torbole,,,,,,,,25.2,9,0.1,51
2026-08-01 00:31,2026-08-01 02:31,4,2026-08-02 02:00,2026-08-02 04:00,25.5,condizioni,torbole,,,,,,,,24.8,9,0.3,51
2026-08-01 00:31,2026-08-01 02:31,4,2026-08-02 03:00,2026-08-02 05:00,26.5,condizioni,torbole,,,,,,,,24.3,0,0.1,51
2026-08-01 00:31,2026-08-01 02:31,4,2026-08-02 04:00,2026-08-02 06:00,27.5,condizioni,torbole,,,,,,,,21.5,9,12.1,65
2026-08-01 00:31,2026-08-01 02:31,4,2026-08-02 05:00,2026-08-02 07:00,28.5,condizioni,torbole,,,,,,,,21.5,9,7.3,63
2026-08-01 00:31,2026-08-01 02:31,4,2026-08-02 06:00,2026-08-02 08:00,29.5,condizioni,torbole,,,,,,,,22.2,27,3.0,63
2026-08-01 00:31,2026-08-01 02:31,4,2026-08-02 07:00,2026-08-02 09:00,30.5,condizioni,torbole,,,,,,,,,,,
2026-08-01 00:31,2026-08-01 02:31,4,2026-08-02 08:00,2026-08-02 10:00,31.5,condizioni,torbole,,,,,,,,,,,
2026-08-01 00:31,2026-08-01 02:31,4,2026-08-02 09:00,2026-08-02 11:00,32.5,condizioni,torbole,,,,,,,,,,,
2026-08-01 00:31,2026-08-01 02:31,4,2026-08-02 10:00,2026-08-02 12:00,33.5,condizioni,torbole,,,,,,,,,,,
2026-08-01 00:31,2026-08-01 02:31,4,2026-08-02 11:00,2026-08-02 13:00,34.5,condizioni,torbole,,,,,,,,,,,
2026-08-01 00:31,2026-08-01 02:31,4,2026-08-02 12:00,2026-08-02 14:00,35.5,condizioni,torbole,,,,,,,,,,,
2026-08-01 00:31,2026-08-01 02:31,4,2026-08-02 13:00,2026-08-02 15:00,36.5,condizioni,torbole,,,,,,,,,,,
2026-08-01 00:31,2026-08-01 02:31,4,2026-08-02 14:00,2026-08-02 16:00,37.5,condizioni,torbole,,,,,,,,,,,
2026-08-01 00:31,2026-08-01 02:31,4,2026-08-02 15:00,2026-08-02 17:00,38.5,condizioni,torbole,,,,,,,,,,,
2026-08-01 00:31,2026-08-01 02:31,4,2026-08-02 16:00,2026-08-02 18:00,39.5,condizioni,torbole,,,,,,,,,,,
2026-08-01 00:31,2026-08-01 02:31,4,2026-08-02 17:00,2026-08-02 19:00,40.5,condizioni,torbole,,,,,,,,,,,
2026-08-01 00:31,2026-08-01 02:31,4,2026-08-02 18:00,2026-08-02 20:00,41.5,condizioni,torbole,,,,,,,,,,,
2026-08-01 00:31,2026-08-01 02:31,4,2026-08-02 19:00,2026-08-02 21:00,42.5,condizioni,torbole,,,,,,,,,,,
2026-08-01 00:31,2026-08-01 02:31,4,2026-08-02 20:00,2026-08-02 22:00,43.5,condizioni,torbole,,,,,,,,,,,
2026-08-01 00:31,2026-08-01 02:31,4,2026-08-02 21:00,2026-08-02 23:00,44.5,condizioni,torbole,,,,,,,,,,,
2026-08-01 00:31,2026-08-01 02:31,4,2026-08-02 22:00,2026-08-03 00:00,45.5,condizioni,torbole,,,,,,,,,,,
2026-08-01 00:31,2026-08-01 02:31,4,2026-08-02 23:00,2026-08-03 01:00,46.5,condizioni,torbole,,,,,,,,,,,
2026-08-01 00:31,2026-08-01 02:31,4,2026-08-03 00:00,2026-08-03 02:00,47.5,condizioni,torbole,,,,,,,,24.9,0,0.0,0
2026-08-01 00:31,2026-08-01 02:31,4,2026-08-01 01:00,2026-08-01 03:00,0.5,meteoswiss_ch1,malcesine,Campione,17.1,8.1,11,,,,,,,
2026-08-01 00:31,2026-08-01 02:31,4,2026-08-01 02:00,2026-08-01 04:00,1.5,meteoswiss_ch1,malcesine,Campione,16.9,7.3,29,,,,,,,
2026-08-01 00:31,2026-08-01 02:31,4,2026-08-01 03:00,2026-08-01 05:00,2.5,meteoswiss_ch1,malcesine,Campione,31.7,9.8,13,,,,,,,
2026-08-01 00:31,2026-08-01 02:31,4,2026-08-01 04:00,2026-08-01 06:00,3.5,meteoswiss_ch1,malcesine,Campione,18.7,6.6,58,,,,,,,
2026-08-01 00:31,2026-08-01 02:31,4,2026-08-01 05:00,2026-08-01 07:00,4.5,meteoswiss_ch1,malcesine,Campione,22.4,8.3,24,,,,,,,
2026-08-01 00:31,2026-08-01 02:31,4,2026-08-01 06:00,2026-08-01 08:00,5.5,meteoswiss_ch1,malcesine,Campione,15.2,7.0,14,,,,,,,
2026-08-01 00:31,2026-08-01 02:31,4,2026-08-01 07:00,2026-08-01 09:00,6.5,meteoswiss_ch1,malcesine,Campione,13.8,7.4,14,,,,,,,
2026-08-01 00:31,2026-08-01 02:31,4,2026-08-01 08:00,2026-08-01 10:00,7.5,meteoswiss_ch1,malcesine,Campione,15.0,7.7,24,,,,,,,
2026-08-01 00:31,2026-08-01 02:31,4,2026-08-01 09:00,2026-08-01 11:00,8.5,meteoswiss_ch1,malcesine,Campione,15.3,7.7,21,,,,,,,
2026-08-01 00:31,2026-08-01 02:31,4,2026-08-01 10:00,2026-08-01 12:00,9.5,meteoswiss_ch1,malcesine,Campione,15.8,7.6,19,,,,,,,
2026-08-01 00:31,2026-08-01 02:31,4,2026-08-01 11:00,2026-08-01 13:00,10.5,meteoswiss_ch1,malcesine,Campione,15.0,7.3,9,,,,,,,
2026-08-01 00:31,2026-08-01 02:31,4,2026-08-01 12:00,2026-08-01 14:00,11.5,meteoswiss_ch1,malcesine,Campione,14.8,6.6,3,,,,,,,
2026-08-01 00:31,2026-08-01 02:31,4,2026-08-01 13:00,2026-08-01 15:00,12.5,meteoswiss_ch1,malcesine,Campione,13.6,4.3,350,,,,,,,
2026-08-01 00:31,2026-08-01 02:31,4,2026-08-01 14:00,2026-08-01 16:00,13.5,meteoswiss_ch1,malcesine,Campione,9.1,2.3,294,,,,,,,
2026-08-01 00:31,2026-08-01 02:31,4,2026-08-01 15:00,2026-08-01 17:00,14.5,meteoswiss_ch1,malcesine,Campione,6.0,0.8,270,,,,,,,
2026-08-01 00:31,2026-08-01 02:31,4,2026-08-01 16:00,2026-08-01 18:00,15.5,meteoswiss_ch1,malcesine,Campione,5.2,1.4,106,,,,,,,
2026-08-01 00:31,2026-08-01 02:31,4,2026-08-01 17:00,2026-08-01 19:00,16.5,meteoswiss_ch1,malcesine,Campione,5.1,1.9,53,,,,,,,
2026-08-01 00:31,2026-08-01 02:31,4,2026-08-01 18:00,2026-08-01 20:00,17.5,meteoswiss_ch1,malcesine,Campione,3.7,2.2,85,,,,,,,
2026-08-01 00:31,2026-08-01 02:31,4,2026-08-01 19:00,2026-08-01 21:00,18.5,meteoswiss_ch1,malcesine,Campione,7.8,4.4,122,,,,,,,
2026-08-01 00:31,2026-08-01 02:31,4,2026-08-01 20:00,2026-08-01 22:00,19.5,meteoswiss_ch1,malcesine,Campione,7.6,2.9,82,,,,,,,
2026-08-01 00:31,2026-08-01 02:31,4,2026-08-01 21:00,2026-08-01 23:00,20.5,meteoswiss_ch1,malcesine,Campione,9.5,5.2,27,,,,,,,
2026-08-01 00:31,2026-08-01 02:31,4,2026-08-01 22:00,2026-08-02 00:00,21.5,meteoswiss_ch1,malcesine,Campione,17.9,5.0,26,,,,,,,
2026-08-01 00:31,2026-08-01 02:31,4,2026-08-01 23:00,2026-08-02 01:00,22.5,meteoswiss_ch1,malcesine,Campione,13.4,4.3,183,,,,,,,
2026-08-01 00:31,2026-08-01 02:31,4,2026-08-02 00:00,2026-08-02 02:00,23.5,meteoswiss_ch1,malcesine,Campione,13.2,6.0,6,,,,,,,
2026-08-01 00:31,2026-08-01 02:31,4,2026-08-02 01:00,2026-08-02 03:00,24.5,meteoswiss_ch1,malcesine,Campione,12.4,5.2,70,,,,,,,
2026-08-01 00:31,2026-08-01 02:31,4,2026-08-02 02:00,2026-08-02 04:00,25.5,meteoswiss_ch1,malcesine,Campione,14.4,7.9,68,,,,,,,
2026-08-01 00:31,2026-08-01 02:31,4,2026-08-02 03:00,2026-08-02 05:00,26.5,meteoswiss_ch1,malcesine,Campione,15.9,3.3,140,,,,,,,
2026-08-01 00:31,2026-08-01 02:31,4,2026-08-02 04:00,2026-08-02 06:00,27.5,meteoswiss_ch1,malcesine,Campione,15.6,6.6,28,,,,,,,
2026-08-01 00:31,2026-08-01 02:31,4,2026-08-02 05:00,2026-08-02 07:00,28.5,meteoswiss_ch1,malcesine,Campione,13.8,7.1,29,,,,,,,
2026-08-01 00:31,2026-08-01 02:31,4,2026-08-02 06:00,2026-08-02 08:00,29.5,meteoswiss_ch1,malcesine,Campione,13.2,7.1,29,,,,,,,
2026-08-01 00:31,2026-08-01 02:31,4,2026-08-02 07:00,2026-08-02 09:00,30.5,meteoswiss_ch1,malcesine,Campione,,,,,,,,,,
2026-08-01 00:31,2026-08-01 02:31,4,2026-08-02 08:00,2026-08-02 10:00,31.5,meteoswiss_ch1,malcesine,Campione,,,,,,,,,,
2026-08-01 00:31,2026-08-01 02:31,4,2026-08-02 09:00,2026-08-02 11:00,32.5,meteoswiss_ch1,malcesine,Campione,,,,,,,,,,
2026-08-01 00:31,2026-08-01 02:31,4,2026-08-02 10:00,2026-08-02 12:00,33.5,meteoswiss_ch1,malcesine,Campione,,,,,,,,,,
2026-08-01 00:31,2026-08-01 02:31,4,2026-08-02 11:00,2026-08-02 13:00,34.5,meteoswiss_ch1,malcesine,Campione,,,,,,,,,,
2026-08-01 00:31,2026-08-01 02:31,4,2026-08-02 12:00,2026-08-02 14:00,35.5,meteoswiss_ch1,malcesine,Campione,,,,,,,,,,
2026-08-01 00:31,2026-08-01 02:31,4,2026-08-02 13:00,2026-08-02 15:00,36.5,meteoswiss_ch1,malcesine,Campione,,,,,,,,,,
2026-08-01 00:31,2026-08-01 02:31,4,2026-08-02 14:00,2026-08-02 16:00,37.5,meteoswiss_ch1,malcesine,Campione,,,,,,,,,,
2026-08-01 00:31,2026-08-01 02:31,4,2026-08-02 15:00,2026-08-02 17:00,38.5,meteoswiss_ch1,malcesine,Campione,,,,,,,,,,
2026-08-01 00:31,2026-08-01 02:31,4,2026-08-02 16:00,2026-08-02 18:00,39.5,meteoswiss_ch1,malcesine,Campione,,,,,,,,,,
2026-08-01 00:31,2026-08-01 02:31,4,2026-08-02 17:00,2026-08-02 19:00,40.5,meteoswiss_ch1,malcesine,Campione,,,,,,,,,,
2026-08-01 00:31,2026-08-01 02:31,4,2026-08-02 18:00,2026-08-02 20:00,41.5,meteoswiss_ch1,malcesine,Campione,,,,,,,,,,
2026-08-01 00:31,2026-08-01 02:31,4,2026-08-02 19:00,2026-08-02 21:00,42.5,meteoswiss_ch1,malcesine,Campione,,,,,,,,,,
2026-08-01 00:31,2026-08-01 02:31,4,2026-08-02 20:00,2026-08-02 22:00,43.5,meteoswiss_ch1,malcesine,Campione,,,,,,,,,,
2026-08-01 00:31,2026-08-01 02:31,4,2026-08-02 21:00,2026-08-02 23:00,44.5,meteoswiss_ch1,malcesine,Campione,,,,,,,,,,
2026-08-01 00:31,2026-08-01 02:31,4,2026-08-02 22:00,2026-08-03 00:00,45.5,meteoswiss_ch1,malcesine,Campione,,,,,,,,,,
2026-08-01 00:31,2026-08-01 02:31,4,2026-08-02 23:00,2026-08-03 01:00,46.5,meteoswiss_ch1,malcesine,Campione,,,,,,,,,,
2026-08-01 00:31,2026-08-01 02:31,4,2026-08-01 01:00,2026-08-01 03:00,0.5,meteoswiss_ch1,malcesine,Limone,5.2,2.6,347,,,,,,,
2026-08-01 00:31,2026-08-01 02:31,4,2026-08-01 02:00,2026-08-01 04:00,1.5,meteoswiss_ch1,malcesine,Limone,14.8,9.1,312,,,,,,,
2026-08-01 00:31,2026-08-01 02:31,4,2026-08-01 03:00,2026-08-01 05:00,2.5,meteoswiss_ch1,malcesine,Limone,25.9,3.9,3,,,,,,,
2026-08-01 00:31,2026-08-01 02:31,4,2026-08-01 04:00,2026-08-01 06:00,3.5,meteoswiss_ch1,malcesine,Limone,16.5,5.2,90,,,,,,,
2026-08-01 00:31,2026-08-01 02:31,4,2026-08-01 05:00,2026-08-01 07:00,4.5,meteoswiss_ch1,malcesine,Limone,8.5,2.2,5,,,,,,,
2026-08-01 00:31,2026-08-01 02:31,4,2026-08-01 06:00,2026-08-01 08:00,5.5,meteoswiss_ch1,malcesine,Limone,5.1,2.8,74,,,,,,,
2026-08-01 00:31,2026-08-01 02:31,4,2026-08-01 07:00,2026-08-01 09:00,6.5,meteoswiss_ch1,malcesine,Limone,9.3,5.2,68,,,,,,,
2026-08-01 00:31,2026-08-01 02:31,4,2026-08-01 08:00,2026-08-01 10:00,7.5,meteoswiss_ch1,malcesine,Limone,11.3,6.3,64,,,,,,,
2026-08-01 00:31,2026-08-01 02:31,4,2026-08-01 09:00,2026-08-01 11:00,8.5,meteoswiss_ch1,malcesine,Limone,11.3,6.2,62,,,,,,,
2026-08-01 00:31,2026-08-01 02:31,4,2026-08-01 10:00,2026-08-01 12:00,9.5,meteoswiss_ch1,malcesine,Limone,11.4,6.1,68,,,,,,,
2026-08-01 00:31,2026-08-01 02:31,4,2026-08-01 11:00,2026-08-01 13:00,10.5,meteoswiss_ch1,malcesine,Limone,11.1,5.3,66,,,,,,,
2026-08-01 00:31,2026-08-01 02:31,4,2026-08-01 12:00,2026-08-01 14:00,11.5,meteoswiss_ch1,malcesine,Limone,9.9,4.2,68,,,,,,,
2026-08-01 00:31,2026-08-01 02:31,4,2026-08-01 13:00,2026-08-01 15:00,12.5,meteoswiss_ch1,malcesine,Limone,8.2,3.3,62,,,,,,,
2026-08-01 00:31,2026-08-01 02:31,4,2026-08-01 14:00,2026-08-01 16:00,13.5,meteoswiss_ch1,malcesine,Limone,6.8,1.3,153,,,,,,,
2026-08-01 00:31,2026-08-01 02:31,4,2026-08-01 15:00,2026-08-01 17:00,14.5,meteoswiss_ch1,malcesine,Limone,4.3,0.6,108,,,,,,,
2026-08-01 00:31,2026-08-01 02:31,4,2026-08-01 16:00,2026-08-01 18:00,15.5,meteoswiss_ch1,malcesine,Limone,4.1,1.6,83,,,,,,,
2026-08-01 00:31,2026-08-01 02:31,4,2026-08-01 17:00,2026-08-01 19:00,16.5,meteoswiss_ch1,malcesine,Limone,7.2,4.6,324,,,,,,,
2026-08-01 00:31,2026-08-01 02:31,4,2026-08-01 18:00,2026-08-01 20:00,17.5,meteoswiss_ch1,malcesine,Limone,10.7,6.5,303,,,,,,,
2026-08-01 00:31,2026-08-01 02:31,4,2026-08-01 19:00,2026-08-01 21:00,18.5,meteoswiss_ch1,malcesine,Limone,13.4,7.2,301,,,,,,,
2026-08-01 00:31,2026-08-01 02:31,4,2026-08-01 20:00,2026-08-01 22:00,19.5,meteoswiss_ch1,malcesine,Limone,11.7,7.0,294,,,,,,,
2026-08-01 00:31,2026-08-01 02:31,4,2026-08-01 21:00,2026-08-01 23:00,20.5,meteoswiss_ch1,malcesine,Limone,11.4,3.2,303,,,,,,,
2026-08-01 00:31,2026-08-01 02:31,4,2026-08-01 22:00,2026-08-02 00:00,21.5,meteoswiss_ch1,malcesine,Limone,47.4,13.1,318,,,,,,,
2026-08-01 00:31,2026-08-01 02:31,4,2026-08-01 23:00,2026-08-02 01:00,22.5,meteoswiss_ch1,malcesine,Limone,21.8,4.9,247,,,,,,,
2026-08-01 00:31,2026-08-01 02:31,4,2026-08-02 00:00,2026-08-02 02:00,23.5,meteoswiss_ch1,malcesine,Limone,17.9,4.4,291,,,,,,,
2026-08-01 00:31,2026-08-01 02:31,4,2026-08-02 01:00,2026-08-02 03:00,24.5,meteoswiss_ch1,malcesine,Limone,9.7,5.8,310,,,,,,,
2026-08-01 00:31,2026-08-01 02:31,4,2026-08-02 02:00,2026-08-02 04:00,25.5,meteoswiss_ch1,malcesine,Limone,17.5,3.7,317,,,,,,,
2026-08-01 00:31,2026-08-01 02:31,4,2026-08-02 03:00,2026-08-02 05:00,26.5,meteoswiss_ch1,malcesine,Limone,12.0,3.6,229,,,,,,,
2026-08-01 00:31,2026-08-01 02:31,4,2026-08-02 04:00,2026-08-02 06:00,27.5,meteoswiss_ch1,malcesine,Limone,11.9,4.6,78,,,,,,,
2026-08-01 00:31,2026-08-01 02:31,4,2026-08-02 05:00,2026-08-02 07:00,28.5,meteoswiss_ch1,malcesine,Limone,9.9,2.5,39,,,,,,,
2026-08-01 00:31,2026-08-01 02:31,4,2026-08-02 06:00,2026-08-02 08:00,29.5,meteoswiss_ch1,malcesine,Limone,5.1,1.5,320,,,,,,,
2026-08-01 00:31,2026-08-01 02:31,4,2026-08-02 07:00,2026-08-02 09:00,30.5,meteoswiss_ch1,malcesine,Limone,,,,,,,,,,
2026-08-01 00:31,2026-08-01 02:31,4,2026-08-02 08:00,2026-08-02 10:00,31.5,meteoswiss_ch1,malcesine,Limone,,,,,,,,,,
2026-08-01 00:31,2026-08-01 02:31,4,2026-08-02 09:00,2026-08-02 11:00,32.5,meteoswiss_ch1,malcesine,Limone,,,,,,,,,,
2026-08-01 00:31,2026-08-01 02:31,4,2026-08-02 10:00,2026-08-02 12:00,33.5,meteoswiss_ch1,malcesine,Limone,,,,,,,,,,
2026-08-01 00:31,2026-08-01 02:31,4,2026-08-02 11:00,2026-08-02 13:00,34.5,meteoswiss_ch1,malcesine,Limone,,,,,,,,,,
2026-08-01 00:31,2026-08-01 02:31,4,2026-08-02 12:00,2026-08-02 14:00,35.5,meteoswiss_ch1,malcesine,Limone,,,,,,,,,,
2026-08-01 00:31,2026-08-01 02:31,4,2026-08-02 13:00,2026-08-02 15:00,36.5,meteoswiss_ch1,malcesine,Limone,,,,,,,,,,
2026-08-01 00:31,2026-08-01 02:31,4,2026-08-02 14:00,2026-08-02 16:00,37.5,meteoswiss_ch1,malcesine,Limone,,,,,,,,,,
2026-08-01 00:31,2026-08-01 02:31,4,2026-08-02 15:00,2026-08-02 17:00,38.5,meteoswiss_ch1,malcesine,Limone,,,,,,,,,,
2026-08-01 00:31,2026-08-01 02:31,4,2026-08-02 16:00,2026-08-02 18:00,39.5,meteoswiss_ch1,malcesine,Limone,,,,,,,,,,
2026-08-01 00:31,2026-08-01 02:31,4,2026-08-02 17:00,2026-08-02 19:00,40.5,meteoswiss_ch1,malcesine,Limone,,,,,,,,,,
2026-08-01 00:31,2026-08-01 02:31,4,2026-08-02 18:00,2026-08-02 20:00,41.5,meteoswiss_ch1,malcesine,Limone,,,,,,,,,,
2026-08-01 00:31,2026-08-01 02:31,4,2026-08-02 19:00,2026-08-02 21:00,42.5,meteoswiss_ch1,malcesine,Limone,,,,,,,,,,
2026-08-01 00:31,2026-08-01 02:31,4,2026-08-02 20:00,2026-08-02 22:00,43.5,meteoswiss_ch1,malcesine,Limone,,,,,,,,,,
2026-08-01 00:31,2026-08-01 02:31,4,2026-08-02 21:00,2026-08-02 23:00,44.5,meteoswiss_ch1,malcesine,Limone,,,,,,,,,,
2026-08-01 00:31,2026-08-01 02:31,4,2026-08-02 22:00,2026-08-03 00:00,45.5,meteoswiss_ch1,malcesine,Limone,,,,,,,,,,
2026-08-01 00:31,2026-08-01 02:31,4,2026-08-02 23:00,2026-08-03 01:00,46.5,meteoswiss_ch1,malcesine,Limone,,,,,,,,,,
2026-08-01 00:31,2026-08-01 02:31,4,2026-08-01 01:00,2026-08-01 03:00,0.5,meteoswiss_ch1,malcesine,Navene,22.4,8.9,20,,,,,,,
2026-08-01 00:31,2026-08-01 02:31,4,2026-08-01 02:00,2026-08-01 04:00,1.5,meteoswiss_ch1,malcesine,Navene,22.0,8.5,21,,,,,,,
2026-08-01 00:31,2026-08-01 02:31,4,2026-08-01 03:00,2026-08-01 05:00,2.5,meteoswiss_ch1,malcesine,Navene,34.2,9.9,23,,,,,,,
2026-08-01 00:31,2026-08-01 02:31,4,2026-08-01 04:00,2026-08-01 06:00,3.5,meteoswiss_ch1,malcesine,Navene,22.4,6.0,42,,,,,,,
2026-08-01 00:31,2026-08-01 02:31,4,2026-08-01 05:00,2026-08-01 07:00,4.5,meteoswiss_ch1,malcesine,Navene,26.5,10.9,24,,,,,,,
2026-08-01 00:31,2026-08-01 02:31,4,2026-08-01 06:00,2026-08-01 08:00,5.5,meteoswiss_ch1,malcesine,Navene,22.9,9.6,33,,,,,,,
2026-08-01 00:31,2026-08-01 02:31,4,2026-08-01 07:00,2026-08-01 09:00,6.5,meteoswiss_ch1,malcesine,Navene,21.2,10.0,33,,,,,,,
2026-08-01 00:31,2026-08-01 02:31,4,2026-08-01 08:00,2026-08-01 10:00,7.5,meteoswiss_ch1,malcesine,Navene,21.2,9.4,27,,,,,,,
2026-08-01 00:31,2026-08-01 02:31,4,2026-08-01 09:00,2026-08-01 11:00,8.5,meteoswiss_ch1,malcesine,Navene,21.0,8.5,24,,,,,,,
2026-08-01 00:31,2026-08-01 02:31,4,2026-08-01 10:00,2026-08-01 12:00,9.5,meteoswiss_ch1,malcesine,Navene,19.7,8.3,24,,,,,,,
2026-08-01 00:31,2026-08-01 02:31,4,2026-08-01 11:00,2026-08-01 13:00,10.5,meteoswiss_ch1,malcesine,Navene,18.8,7.5,17,,,,,,,
2026-08-01 00:31,2026-08-01 02:31,4,2026-08-01 12:00,2026-08-01 14:00,11.5,meteoswiss_ch1,malcesine,Navene,17.5,6.2,4,,,,,,,
2026-08-01 00:31,2026-08-01 02:31,4,2026-08-01 13:00,2026-08-01 15:00,12.5,meteoswiss_ch1,malcesine,Navene,14.8,5.0,332,,,,,,,
2026-08-01 00:31,2026-08-01 02:31,4,2026-08-01 14:00,2026-08-01 16:00,13.5,meteoswiss_ch1,malcesine,Navene,12.4,3.9,270,,,,,,,
2026-08-01 00:31,2026-08-01 02:31,4,2026-08-01 15:00,2026-08-01 17:00,14.5,meteoswiss_ch1,malcesine,Navene,9.9,1.9,217,,,,,,,
2026-08-01 00:31,2026-08-01 02:31,4,2026-08-01 16:00,2026-08-01 18:00,15.5,meteoswiss_ch1,malcesine,Navene,7.6,1.5,157,,,,,,,
2026-08-01 00:31,2026-08-01 02:31,4,2026-08-01 17:00,2026-08-01 19:00,16.5,meteoswiss_ch1,malcesine,Navene,4.3,1.4,34,,,,,,,
2026-08-01 00:31,2026-08-01 02:31,4,2026-08-01 18:00,2026-08-01 20:00,17.5,meteoswiss_ch1,malcesine,Navene,8.4,4.3,93,,,,,,,
2026-08-01 00:31,2026-08-01 02:31,4,2026-08-01 19:00,2026-08-01 21:00,18.5,meteoswiss_ch1,malcesine,Navene,11.7,5.7,100,,,,,,,
2026-08-01 00:31,2026-08-01 02:31,4,2026-08-01 20:00,2026-08-01 22:00,19.5,meteoswiss_ch1,malcesine,Navene,12.9,6.3,64,,,,,,,
2026-08-01 00:31,2026-08-01 02:31,4,2026-08-01 21:00,2026-08-01 23:00,20.5,meteoswiss_ch1,malcesine,Navene,16.1,7.3,37,,,,,,,
2026-08-01 00:31,2026-08-01 02:31,4,2026-08-01 22:00,2026-08-02 00:00,21.5,meteoswiss_ch1,malcesine,Navene,17.9,6.7,41,,,,,,,
2026-08-01 00:31,2026-08-01 02:31,4,2026-08-01 23:00,2026-08-02 01:00,22.5,meteoswiss_ch1,malcesine,Navene,14.2,5.3,174,,,,,,,
2026-08-01 00:31,2026-08-01 02:31,4,2026-08-02 00:00,2026-08-02 02:00,23.5,meteoswiss_ch1,malcesine,Navene,12.3,4.3,10,,,,,,,
2026-08-01 00:31,2026-08-01 02:31,4,2026-08-02 01:00,2026-08-02 03:00,24.5,meteoswiss_ch1,malcesine,Navene,18.8,9.2,49,,,,,,,
2026-08-01 00:31,2026-08-01 02:31,4,2026-08-02 02:00,2026-08-02 04:00,25.5,meteoswiss_ch1,malcesine,Navene,19.1,8.0,51,,,,,,,
2026-08-01 00:31,2026-08-01 02:31,4,2026-08-02 03:00,2026-08-02 05:00,26.5,meteoswiss_ch1,malcesine,Navene,22.4,1.9,127,,,,,,,
2026-08-01 00:31,2026-08-01 02:31,4,2026-08-02 04:00,2026-08-02 06:00,27.5,meteoswiss_ch1,malcesine,Navene,20.6,3.8,15,,,,,,,
2026-08-01 00:31,2026-08-01 02:31,4,2026-08-02 05:00,2026-08-02 07:00,28.5,meteoswiss_ch1,malcesine,Navene,13.8,4.7,17,,,,,,,
2026-08-01 00:31,2026-08-01 02:31,4,2026-08-02 06:00,2026-08-02 08:00,29.5,meteoswiss_ch1,malcesine,Navene,12.6,6.3,30,,,,,,,
2026-08-01 00:31,2026-08-01 02:31,4,2026-08-02 07:00,2026-08-02 09:00,30.5,meteoswiss_ch1,malcesine,Navene,,,,,,,,,,
2026-08-01 00:31,2026-08-01 02:31,4,2026-08-02 08:00,2026-08-02 10:00,31.5,meteoswiss_ch1,malcesine,Navene,,,,,,,,,,
2026-08-01 00:31,2026-08-01 02:31,4,2026-08-02 09:00,2026-08-02 11:00,32.5,meteoswiss_ch1,malcesine,Navene,,,,,,,,,,
2026-08-01 00:31,2026-08-01 02:31,4,2026-08-02 10:00,2026-08-02 12:00,33.5,meteoswiss_ch1,malcesine,Navene,,,,,,,,,,
2026-08-01 00:31,2026-08-01 02:31,4,2026-08-02 11:00,2026-08-02 13:00,34.5,meteoswiss_ch1,malcesine,Navene,,,,,,,,,,
2026-08-01 00:31,2026-08-01 02:31,4,2026-08-02 12:00,2026-08-02 14:00,35.5,meteoswiss_ch1,malcesine,Navene,,,,,,,,,,
2026-08-01 00:31,2026-08-01 02:31,4,2026-08-02 13:00,2026-08-02 15:00,36.5,meteoswiss_ch1,malcesine,Navene,,,,,,,,,,
2026-08-01 00:31,2026-08-01 02:31,4,2026-08-02 14:00,2026-08-02 16:00,37.5,meteoswiss_ch1,malcesine,Navene,,,,,,,,,,
2026-08-01 00:31,2026-08-01 02:31,4,2026-08-02 15:00,2026-08-02 17:00,38.5,meteoswiss_ch1,malcesine,Navene,,,,,,,,,,
2026-08-01 00:31,2026-08-01 02:31,4,2026-08-02 16:00,2026-08-02 18:00,39.5,meteoswiss_ch1,malcesine,Navene,,,,,,,,,,
2026-08-01 00:31,2026-08-01 02:31,4,2026-08-02 17:00,2026-08-02 19:00,40.5,meteoswiss_ch1,malcesine,Navene,,,,,,,,,,
2026-08-01 00:31,2026-08-01 02:31,4,2026-08-02 18:00,2026-08-02 20:00,41.5,meteoswiss_ch1,malcesine,Navene,,,,,,,,,,
2026-08-01 00:31,2026-08-01 02:31,4,2026-08-02 19:00,2026-08-02 21:00,42.5,meteoswiss_ch1,malcesine,Navene,,,,,,,,,,
2026-08-01 00:31,2026-08-01 02:31,4,2026-08-02 20:00,2026-08-02 22:00,43.5,meteoswiss_ch1,malcesine,Navene,,,,,,,,,,
2026-08-01 00:31,2026-08-01 02:31,4,2026-08-02 21:00,2026-08-02 23:00,44.5,meteoswiss_ch1,malcesine,Navene,,,,,,,,,,
2026-08-01 00:31,2026-08-01 02:31,4,2026-08-02 22:00,2026-08-03 00:00,45.5,meteoswiss_ch1,malcesine,Navene,,,,,,,,,,
2026-08-01 00:31,2026-08-01 02:31,4,2026-08-02 23:00,2026-08-03 01:00,46.5,meteoswiss_ch1,malcesine,Navene,,,,,,,,,,
2026-08-01 00:31,2026-08-01 02:31,4,2026-08-01 01:00,2026-08-01 03:00,0.5,meteoswiss_ch1,malcesine,Parcheggione,9.7,3.7,25,,,,,,,
2026-08-01 00:31,2026-08-01 02:31,4,2026-08-01 02:00,2026-08-01 04:00,1.5,meteoswiss_ch1,malcesine,Parcheggione,9.9,3.9,37,,,,,,,
2026-08-01 00:31,2026-08-01 02:31,4,2026-08-01 03:00,2026-08-01 05:00,2.5,meteoswiss_ch1,malcesine,Parcheggione,34.4,3.6,9,,,,,,,
2026-08-01 00:31,2026-08-01 02:31,4,2026-08-01 04:00,2026-08-01 06:00,3.5,meteoswiss_ch1,malcesine,Parcheggione,10.7,4.4,105,,,,,,,
2026-08-01 00:31,2026-08-01 02:31,4,2026-08-01 05:00,2026-08-01 07:00,4.5,meteoswiss_ch1,malcesine,Parcheggione,11.3,2.8,34,,,,,,,
2026-08-01 00:31,2026-08-01 02:31,4,2026-08-01 06:00,2026-08-01 08:00,5.5,meteoswiss_ch1,malcesine,Parcheggione,6.2,3.5,38,,,,,,,
2026-08-01 00:31,2026-08-01 02:31,4,2026-08-01 07:00,2026-08-01 09:00,6.5,meteoswiss_ch1,malcesine,Parcheggione,6.8,3.6,36,,,,,,,
2026-08-01 00:31,2026-08-01 02:31,4,2026-08-01 08:00,2026-08-01 10:00,7.5,meteoswiss_ch1,malcesine,Parcheggione,7.2,3.6,29,,,,,,,
2026-08-01 00:31,2026-08-01 02:31,4,2026-08-01 09:00,2026-08-01 11:00,8.5,meteoswiss_ch1,malcesine,Parcheggione,10.7,5.0,16,,,,,,,
2026-08-01 00:31,2026-08-01 02:31,4,2026-08-01 10:00,2026-08-01 12:00,9.5,meteoswiss_ch1,malcesine,Parcheggione,12.9,5.4,13,,,,,,,
2026-08-01 00:31,2026-08-01 02:31,4,2026-08-01 11:00,2026-08-01 13:00,10.5,meteoswiss_ch1,malcesine,Parcheggione,13.8,6.0,360,,,,,,,
2026-08-01 00:31,2026-08-01 02:31,4,2026-08-01 12:00,2026-08-01 14:00,11.5,meteoswiss_ch1,malcesine,Parcheggione,13.8,5.6,346,,,,,,,
2026-08-01 00:31,2026-08-01 02:31,4,2026-08-01 13:00,2026-08-01 15:00,12.5,meteoswiss_ch1,malcesine,Parcheggione,12.9,4.8,320,,,,,,,
2026-08-01 00:31,2026-08-01 02:31,4,2026-08-01 14:00,2026-08-01 16:00,13.5,meteoswiss_ch1,malcesine,Parcheggione,11.3,3.3,280,,,,,,,
2026-08-01 00:31,2026-08-01 02:31,4,2026-08-01 15:00,2026-08-01 17:00,14.5,meteoswiss_ch1,malcesine,Parcheggione,8.5,1.2,231,,,,,,,
2026-08-01 00:31,2026-08-01 02:31,4,2026-08-01 16:00,2026-08-01 18:00,15.5,meteoswiss_ch1,malcesine,Parcheggione,7.0,1.6,150,,,,,,,
2026-08-01 00:31,2026-08-01 02:31,4,2026-08-01 17:00,2026-08-01 19:00,16.5,meteoswiss_ch1,malcesine,Parcheggione,3.9,1.0,90,,,,,,,
2026-08-01 00:31,2026-08-01 02:31,4,2026-08-01 18:00,2026-08-01 20:00,17.5,meteoswiss_ch1,malcesine,Parcheggione,7.8,4.0,125,,,,,,,
2026-08-01 00:31,2026-08-01 02:31,4,2026-08-01 19:00,2026-08-01 21:00,18.5,meteoswiss_ch1,malcesine,Parcheggione,11.9,6.0,132,,,,,,,
2026-08-01 00:31,2026-08-01 02:31,4,2026-08-01 20:00,2026-08-01 22:00,19.5,meteoswiss_ch1,malcesine,Parcheggione,12.0,4.6,118,,,,,,,
2026-08-01 00:31,2026-08-01 02:31,4,2026-08-01 21:00,2026-08-01 23:00,20.5,meteoswiss_ch1,malcesine,Parcheggione,8.5,2.7,69,,,,,,,
2026-08-01 00:31,2026-08-01 02:31,4,2026-08-01 22:00,2026-08-02 00:00,21.5,meteoswiss_ch1,malcesine,Parcheggione,16.3,3.2,33,,,,,,,
2026-08-01 00:31,2026-08-01 02:31,4,2026-08-01 23:00,2026-08-02 01:00,22.5,meteoswiss_ch1,malcesine,Parcheggione,13.2,5.3,186,,,,,,,
2026-08-01 00:31,2026-08-01 02:31,4,2026-08-02 00:00,2026-08-02 02:00,23.5,meteoswiss_ch1,malcesine,Parcheggione,10.3,3.5,27,,,,,,,
2026-08-01 00:31,2026-08-01 02:31,4,2026-08-02 01:00,2026-08-02 03:00,24.5,meteoswiss_ch1,malcesine,Parcheggione,9.0,4.7,73,,,,,,,
2026-08-01 00:31,2026-08-01 02:31,4,2026-08-02 02:00,2026-08-02 04:00,25.5,meteoswiss_ch1,malcesine,Parcheggione,9.0,4.3,90,,,,,,,
2026-08-01 00:31,2026-08-01 02:31,4,2026-08-02 03:00,2026-08-02 05:00,26.5,meteoswiss_ch1,malcesine,Parcheggione,11.1,5.7,184,,,,,,,
2026-08-01 00:31,2026-08-01 02:31,4,2026-08-02 04:00,2026-08-02 06:00,27.5,meteoswiss_ch1,malcesine,Parcheggione,19.4,1.0,360,,,,,,,
2026-08-01 00:31,2026-08-01 02:31,4,2026-08-02 05:00,2026-08-02 07:00,28.5,meteoswiss_ch1,malcesine,Parcheggione,9.0,2.9,20,,,,,,,
2026-08-01 00:31,2026-08-01 02:31,4,2026-08-02 06:00,2026-08-02 08:00,29.5,meteoswiss_ch1,malcesine,Parcheggione,7.6,2.9,37,,,,,,,
2026-08-01 00:31,2026-08-01 02:31,4,2026-08-02 07:00,2026-08-02 09:00,30.5,meteoswiss_ch1,malcesine,Parcheggione,,,,,,,,,,
2026-08-01 00:31,2026-08-01 02:31,4,2026-08-02 08:00,2026-08-02 10:00,31.5,meteoswiss_ch1,malcesine,Parcheggione,,,,,,,,,,
2026-08-01 00:31,2026-08-01 02:31,4,2026-08-02 09:00,2026-08-02 11:00,32.5,meteoswiss_ch1,malcesine,Parcheggione,,,,,,,,,,
2026-08-01 00:31,2026-08-01 02:31,4,2026-08-02 10:00,2026-08-02 12:00,33.5,meteoswiss_ch1,malcesine,Parcheggione,,,,,,,,,,
2026-08-01 00:31,2026-08-01 02:31,4,2026-08-02 11:00,2026-08-02 13:00,34.5,meteoswiss_ch1,malcesine,Parcheggione,,,,,,,,,,
2026-08-01 00:31,2026-08-01 02:31,4,2026-08-02 12:00,2026-08-02 14:00,35.5,meteoswiss_ch1,malcesine,Parcheggione,,,,,,,,,,
2026-08-01 00:31,2026-08-01 02:31,4,2026-08-02 13:00,2026-08-02 15:00,36.5,meteoswiss_ch1,malcesine,Parcheggione,,,,,,,,,,
2026-08-01 00:31,2026-08-01 02:31,4,2026-08-02 14:00,2026-08-02 16:00,37.5,meteoswiss_ch1,malcesine,Parcheggione,,,,,,,,,,
2026-08-01 00:31,2026-08-01 02:31,4,2026-08-02 15:00,2026-08-02 17:00,38.5,meteoswiss_ch1,malcesine,Parcheggione,,,,,,,,,,
2026-08-01 00:31,2026-08-01 02:31,4,2026-08-02 16:00,2026-08-02 18:00,39.5,meteoswiss_ch1,malcesine,Parcheggione,,,,,,,,,,
2026-08-01 00:31,2026-08-01 02:31,4,2026-08-02 17:00,2026-08-02 19:00,40.5,meteoswiss_ch1,malcesine,Parcheggione,,,,,,,,,,
2026-08-01 00:31,2026-08-01 02:31,4,2026-08-02 18:00,2026-08-02 20:00,41.5,meteoswiss_ch1,malcesine,Parcheggione,,,,,,,,,,
2026-08-01 00:31,2026-08-01 02:31,4,2026-08-02 19:00,2026-08-02 21:00,42.5,meteoswiss_ch1,malcesine,Parcheggione,,,,,,,,,,
2026-08-01 00:31,2026-08-01 02:31,4,2026-08-02 20:00,2026-08-02 22:00,43.5,meteoswiss_ch1,malcesine,Parcheggione,,,,,,,,,,
2026-08-01 00:31,2026-08-01 02:31,4,2026-08-02 21:00,2026-08-02 23:00,44.5,meteoswiss_ch1,malcesine,Parcheggione,,,,,,,,,,
2026-08-01 00:31,2026-08-01 02:31,4,2026-08-02 22:00,2026-08-03 00:00,45.5,meteoswiss_ch1,malcesine,Parcheggione,,,,,,,,,,
2026-08-01 00:31,2026-08-01 02:31,4,2026-08-02 23:00,2026-08-03 01:00,46.5,meteoswiss_ch1,malcesine,Parcheggione,,,,,,,,,,
2026-08-01 00:31,2026-08-01 02:31,4,2026-08-01 01:00,2026-08-01 03:00,0.5,meteoswiss_ch1,torbole,Conca d'Oro,21.6,8.4,64,,,,,,,
2026-08-01 00:31,2026-08-01 02:31,4,2026-08-01 02:00,2026-08-01 04:00,1.5,meteoswiss_ch1,torbole,Conca d'Oro,21.4,9.5,75,,,,,,,
2026-08-01 00:31,2026-08-01 02:31,4,2026-08-01 03:00,2026-08-01 05:00,2.5,meteoswiss_ch1,torbole,Conca d'Oro,23.3,3.9,357,,,,,,,
2026-08-01 00:31,2026-08-01 02:31,4,2026-08-01 04:00,2026-08-01 06:00,3.5,meteoswiss_ch1,torbole,Conca d'Oro,24.3,12.5,67,,,,,,,
2026-08-01 00:31,2026-08-01 02:31,4,2026-08-01 05:00,2026-08-01 07:00,4.5,meteoswiss_ch1,torbole,Conca d'Oro,24.3,6.7,39,,,,,,,
2026-08-01 00:31,2026-08-01 02:31,4,2026-08-01 06:00,2026-08-01 08:00,5.5,meteoswiss_ch1,torbole,Conca d'Oro,18.1,9.1,79,,,,,,,
2026-08-01 00:31,2026-08-01 02:31,4,2026-08-01 07:00,2026-08-01 09:00,6.5,meteoswiss_ch1,torbole,Conca d'Oro,19.2,9.2,82,,,,,,,
2026-08-01 00:31,2026-08-01 02:31,4,2026-08-01 08:00,2026-08-01 10:00,7.5,meteoswiss_ch1,torbole,Conca d'Oro,19.8,9.6,83,,,,,,,
2026-08-01 00:31,2026-08-01 02:31,4,2026-08-01 09:00,2026-08-01 11:00,8.5,meteoswiss_ch1,torbole,Conca d'Oro,20.0,9.0,85,,,,,,,
2026-08-01 00:31,2026-08-01 02:31,4,2026-08-01 10:00,2026-08-01 12:00,9.5,meteoswiss_ch1,torbole,Conca d'Oro,18.7,7.7,83,,,,,,,
2026-08-01 00:31,2026-08-01 02:31,4,2026-08-01 11:00,2026-08-01 13:00,10.5,meteoswiss_ch1,torbole,Conca d'Oro,16.5,6.1,81,,,,,,,
2026-08-01 00:31,2026-08-01 02:31,4,2026-08-01 12:00,2026-08-01 14:00,11.5,meteoswiss_ch1,torbole,Conca d'Oro,13.8,4.0,76,,,,,,,
2026-08-01 00:31,2026-08-01 02:31,4,2026-08-01 13:00,2026-08-01 15:00,12.5,meteoswiss_ch1,torbole,Conca d'Oro,9.5,1.3,180,,,,,,,
2026-08-01 00:31,2026-08-01 02:31,4,2026-08-01 14:00,2026-08-01 16:00,13.5,meteoswiss_ch1,torbole,Conca d'Oro,9.3,4.1,245,,,,,,,
2026-08-01 00:31,2026-08-01 02:31,4,2026-08-01 15:00,2026-08-01 17:00,14.5,meteoswiss_ch1,torbole,Conca d'Oro,10.3,4.2,229,,,,,,,
2026-08-01 00:31,2026-08-01 02:31,4,2026-08-01 16:00,2026-08-01 18:00,15.5,meteoswiss_ch1,torbole,Conca d'Oro,9.0,1.6,210,,,,,,,
2026-08-01 00:31,2026-08-01 02:31,4,2026-08-01 17:00,2026-08-01 19:00,16.5,meteoswiss_ch1,torbole,Conca d'Oro,7.8,0.6,198,,,,,,,
2026-08-01 00:31,2026-08-01 02:31,4,2026-08-01 18:00,2026-08-01 20:00,17.5,meteoswiss_ch1,torbole,Conca d'Oro,2.2,1.0,101,,,,,,,
2026-08-01 00:31,2026-08-01 02:31,4,2026-08-01 19:00,2026-08-01 21:00,18.5,meteoswiss_ch1,torbole,Conca d'Oro,10.3,5.2,86,,,,,,,
2026-08-01 00:31,2026-08-01 02:31,4,2026-08-01 20:00,2026-08-01 22:00,19.5,meteoswiss_ch1,torbole,Conca d'Oro,18.5,9.4,58,,,,,,,
2026-08-01 00:31,2026-08-01 02:31,4,2026-08-01 21:00,2026-08-01 23:00,20.5,meteoswiss_ch1,torbole,Conca d'Oro,19.7,9.3,79,,,,,,,
2026-08-01 00:31,2026-08-01 02:31,4,2026-08-01 22:00,2026-08-02 00:00,21.5,meteoswiss_ch1,torbole,Conca d'Oro,18.3,6.4,76,,,,,,,
2026-08-01 00:31,2026-08-01 02:31,4,2026-08-01 23:00,2026-08-02 01:00,22.5,meteoswiss_ch1,torbole,Conca d'Oro,27.2,4.2,77,,,,,,,
2026-08-01 00:31,2026-08-01 02:31,4,2026-08-02 00:00,2026-08-02 02:00,23.5,meteoswiss_ch1,torbole,Conca d'Oro,22.0,1.9,174,,,,,,,
2026-08-01 00:31,2026-08-01 02:31,4,2026-08-02 01:00,2026-08-02 03:00,24.5,meteoswiss_ch1,torbole,Conca d'Oro,9.0,4.6,126,,,,,,,
2026-08-01 00:31,2026-08-01 02:31,4,2026-08-02 02:00,2026-08-02 04:00,25.5,meteoswiss_ch1,torbole,Conca d'Oro,9.5,2.1,112,,,,,,,
2026-08-01 00:31,2026-08-01 02:31,4,2026-08-02 03:00,2026-08-02 05:00,26.5,meteoswiss_ch1,torbole,Conca d'Oro,11.3,3.2,33,,,,,,,
2026-08-01 00:31,2026-08-01 02:31,4,2026-08-02 04:00,2026-08-02 06:00,27.5,meteoswiss_ch1,torbole,Conca d'Oro,12.4,6.1,53,,,,,,,
2026-08-01 00:31,2026-08-01 02:31,4,2026-08-02 05:00,2026-08-02 07:00,28.5,meteoswiss_ch1,torbole,Conca d'Oro,11.9,4.3,60,,,,,,,
2026-08-01 00:31,2026-08-01 02:31,4,2026-08-02 06:00,2026-08-02 08:00,29.5,meteoswiss_ch1,torbole,Conca d'Oro,16.7,8.5,21,,,,,,,
2026-08-01 00:31,2026-08-01 02:31,4,2026-08-02 07:00,2026-08-02 09:00,30.5,meteoswiss_ch1,torbole,Conca d'Oro,,,,,,,,,,
2026-08-01 00:31,2026-08-01 02:31,4,2026-08-02 08:00,2026-08-02 10:00,31.5,meteoswiss_ch1,torbole,Conca d'Oro,,,,,,,,,,
2026-08-01 00:31,2026-08-01 02:31,4,2026-08-02 09:00,2026-08-02 11:00,32.5,meteoswiss_ch1,torbole,Conca d'Oro,,,,,,,,,,
2026-08-01 00:31,2026-08-01 02:31,4,2026-08-02 10:00,2026-08-02 12:00,33.5,meteoswiss_ch1,torbole,Conca d'Oro,,,,,,,,,,
2026-08-01 00:31,2026-08-01 02:31,4,2026-08-02 11:00,2026-08-02 13:00,34.5,meteoswiss_ch1,torbole,Conca d'Oro,,,,,,,,,,
2026-08-01 00:31,2026-08-01 02:31,4,2026-08-02 12:00,2026-08-02 14:00,35.5,meteoswiss_ch1,torbole,Conca d'Oro,,,,,,,,,,
2026-08-01 00:31,2026-08-01 02:31,4,2026-08-02 13:00,2026-08-02 15:00,36.5,meteoswiss_ch1,torbole,Conca d'Oro,,,,,,,,,,
2026-08-01 00:31,2026-08-01 02:31,4,2026-08-02 14:00,2026-08-02 16:00,37.5,meteoswiss_ch1,torbole,Conca d'Oro,,,,,,,,,,
2026-08-01 00:31,2026-08-01 02:31,4,2026-08-02 15:00,2026-08-02 17:00,38.5,meteoswiss_ch1,torbole,Conca d'Oro,,,,,,,,,,
2026-08-01 00:31,2026-08-01 02:31,4,2026-08-02 16:00,2026-08-02 18:00,39.5,meteoswiss_ch1,torbole,Conca d'Oro,,,,,,,,,,
2026-08-01 00:31,2026-08-01 02:31,4,2026-08-02 17:00,2026-08-02 19:00,40.5,meteoswiss_ch1,torbole,Conca d'Oro,,,,,,,,,,
2026-08-01 00:31,2026-08-01 02:31,4,2026-08-02 18:00,2026-08-02 20:00,41.5,meteoswiss_ch1,torbole,Conca d'Oro,,,,,,,,,,
2026-08-01 00:31,2026-08-01 02:31,4,2026-08-02 19:00,2026-08-02 21:00,42.5,meteoswiss_ch1,torbole,Conca d'Oro,,,,,,,,,,
2026-08-01 00:31,2026-08-01 02:31,4,2026-08-02 20:00,2026-08-02 22:00,43.5,meteoswiss_ch1,torbole,Conca d'Oro,,,,,,,,,,
2026-08-01 00:31,2026-08-01 02:31,4,2026-08-02 21:00,2026-08-02 23:00,44.5,meteoswiss_ch1,torbole,Conca d'Oro,,,,,,,,,,
2026-08-01 00:31,2026-08-01 02:31,4,2026-08-02 22:00,2026-08-03 00:00,45.5,meteoswiss_ch1,torbole,Conca d'Oro,,,,,,,,,,
2026-08-01 00:31,2026-08-01 02:31,4,2026-08-02 23:00,2026-08-03 01:00,46.5,meteoswiss_ch1,torbole,Conca d'Oro,,,,,,,,,,
2026-08-01 00:31,2026-08-01 02:31,4,2026-08-01 01:00,2026-08-01 03:00,0.5,meteoswiss_ch1,torbole,Hotel Pier,20.6,12.4,352,,,,,,,
2026-08-01 00:31,2026-08-01 02:31,4,2026-08-01 02:00,2026-08-01 04:00,1.5,meteoswiss_ch1,torbole,Hotel Pier,21.0,13.0,3,,,,,,,
2026-08-01 00:31,2026-08-01 02:31,4,2026-08-01 03:00,2026-08-01 05:00,2.5,meteoswiss_ch1,torbole,Hotel Pier,26.2,10.2,3,,,,,,,
2026-08-01 00:31,2026-08-01 02:31,4,2026-08-01 04:00,2026-08-01 06:00,3.5,meteoswiss_ch1,torbole,Hotel Pier,28.0,16.0,357,,,,,,,
2026-08-01 00:31,2026-08-01 02:31,4,2026-08-01 05:00,2026-08-01 07:00,4.5,meteoswiss_ch1,torbole,Hotel Pier,28.0,10.9,356,,,,,,,
2026-08-01 00:31,2026-08-01 02:31,4,2026-08-01 06:00,2026-08-01 08:00,5.5,meteoswiss_ch1,torbole,Hotel Pier,19.1,11.7,7,,,,,,,
2026-08-01 00:31,2026-08-01 02:31,4,2026-08-01 07:00,2026-08-01 09:00,6.5,meteoswiss_ch1,torbole,Hotel Pier,19.7,11.7,12,,,,,,,
2026-08-01 00:31,2026-08-01 02:31,4,2026-08-01 08:00,2026-08-01 10:00,7.5,meteoswiss_ch1,torbole,Hotel Pier,20.2,12.0,18,,,,,,,
2026-08-01 00:31,2026-08-01 02:31,4,2026-08-01 09:00,2026-08-01 11:00,8.5,meteoswiss_ch1,torbole,Hotel Pier,20.0,10.9,19,,,,,,,
2026-08-01 00:31,2026-08-01 02:31,4,2026-08-01 10:00,2026-08-01 12:00,9.5,meteoswiss_ch1,torbole,Hotel Pier,18.3,9.9,20,,,,,,,
2026-08-01 00:31,2026-08-01 02:31,4,2026-08-01 11:00,2026-08-01 13:00,10.5,meteoswiss_ch1,torbole,Hotel Pier,16.5,8.4,13,,,,,,,
2026-08-01 00:31,2026-08-01 02:31,4,2026-08-01 12:00,2026-08-01 14:00,11.5,meteoswiss_ch1,torbole,Hotel Pier,14.2,6.4,5,,,,,,,
2026-08-01 00:31,2026-08-01 02:31,4,2026-08-01 13:00,2026-08-01 15:00,12.5,meteoswiss_ch1,torbole,Hotel Pier,11.1,3.1,22,,,,,,,
2026-08-01 00:31,2026-08-01 02:31,4,2026-08-01 14:00,2026-08-01 16:00,13.5,meteoswiss_ch1,torbole,Hotel Pier,5.8,2.9,188,,,,,,,
2026-08-01 00:31,2026-08-01 02:31,4,2026-08-01 15:00,2026-08-01 17:00,14.5,meteoswiss_ch1,torbole,Hotel Pier,9.1,5.3,190,,,,,,,
2026-08-01 00:31,2026-08-01 02:31,4,2026-08-01 16:00,2026-08-01 18:00,15.5,meteoswiss_ch1,torbole,Hotel Pier,10.5,5.1,198,,,,,,,
2026-08-01 00:31,2026-08-01 02:31,4,2026-08-01 17:00,2026-08-01 19:00,16.5,meteoswiss_ch1,torbole,Hotel Pier,8.2,4.8,289,,,,,,,
2026-08-01 00:31,2026-08-01 02:31,4,2026-08-01 18:00,2026-08-01 20:00,17.5,meteoswiss_ch1,torbole,Hotel Pier,12.0,7.6,293,,,,,,,
2026-08-01 00:31,2026-08-01 02:31,4,2026-08-01 19:00,2026-08-01 21:00,18.5,meteoswiss_ch1,torbole,Hotel Pier,13.0,8.2,303,,,,,,,
2026-08-01 00:31,2026-08-01 02:31,4,2026-08-01 20:00,2026-08-01 22:00,19.5,meteoswiss_ch1,torbole,Hotel Pier,19.1,12.0,347,,,,,,,
2026-08-01 00:31,2026-08-01 02:31,4,2026-08-01 21:00,2026-08-01 23:00,20.5,meteoswiss_ch1,torbole,Hotel Pier,19.2,11.1,356,,,,,,,
2026-08-01 00:31,2026-08-01 02:31,4,2026-08-01 22:00,2026-08-02 00:00,21.5,meteoswiss_ch1,torbole,Hotel Pier,17.7,5.2,315,,,,,,,
2026-08-01 00:31,2026-08-01 02:31,4,2026-08-01 23:00,2026-08-02 01:00,22.5,meteoswiss_ch1,torbole,Hotel Pier,11.9,1.9,264,,,,,,,
2026-08-01 00:31,2026-08-01 02:31,4,2026-08-02 00:00,2026-08-02 02:00,23.5,meteoswiss_ch1,torbole,Hotel Pier,19.2,7.6,318,,,,,,,
2026-08-01 00:31,2026-08-01 02:31,4,2026-08-02 01:00,2026-08-02 03:00,24.5,meteoswiss_ch1,torbole,Hotel Pier,22.9,12.0,295,,,,,,,
2026-08-01 00:31,2026-08-01 02:31,4,2026-08-02 02:00,2026-08-02 04:00,25.5,meteoswiss_ch1,torbole,Hotel Pier,19.7,8.2,324,,,,,,,
2026-08-01 00:31,2026-08-01 02:31,4,2026-08-02 03:00,2026-08-02 05:00,26.5,meteoswiss_ch1,torbole,Hotel Pier,14.6,6.2,319,,,,,,,
2026-08-01 00:31,2026-08-01 02:31,4,2026-08-02 04:00,2026-08-02 06:00,27.5,meteoswiss_ch1,torbole,Hotel Pier,14.6,9.2,352,,,,,,,
2026-08-01 00:31,2026-08-01 02:31,4,2026-08-02 05:00,2026-08-02 07:00,28.5,meteoswiss_ch1,torbole,Hotel Pier,14.8,8.2,25,,,,,,,
2026-08-01 00:31,2026-08-01 02:31,4,2026-08-02 06:00,2026-08-02 08:00,29.5,meteoswiss_ch1,torbole,Hotel Pier,18.8,11.9,1,,,,,,,
2026-08-01 00:31,2026-08-01 02:31,4,2026-08-02 07:00,2026-08-02 09:00,30.5,meteoswiss_ch1,torbole,Hotel Pier,,,,,,,,,,
2026-08-01 00:31,2026-08-01 02:31,4,2026-08-02 08:00,2026-08-02 10:00,31.5,meteoswiss_ch1,torbole,Hotel Pier,,,,,,,,,,
2026-08-01 00:31,2026-08-01 02:31,4,2026-08-02 09:00,2026-08-02 11:00,32.5,meteoswiss_ch1,torbole,Hotel Pier,,,,,,,,,,
2026-08-01 00:31,2026-08-01 02:31,4,2026-08-02 10:00,2026-08-02 12:00,33.5,meteoswiss_ch1,torbole,Hotel Pier,,,,,,,,,,
2026-08-01 00:31,2026-08-01 02:31,4,2026-08-02 11:00,2026-08-02 13:00,34.5,meteoswiss_ch1,torbole,Hotel Pier,,,,,,,,,,
2026-08-01 00:31,2026-08-01 02:31,4,2026-08-02 12:00,2026-08-02 14:00,35.5,meteoswiss_ch1,torbole,Hotel Pier,,,,,,,,,,
2026-08-01 00:31,2026-08-01 02:31,4,2026-08-02 13:00,2026-08-02 15:00,36.5,meteoswiss_ch1,torbole,Hotel Pier,,,,,,,,,,
2026-08-01 00:31,2026-08-01 02:31,4,2026-08-02 14:00,2026-08-02 16:00,37.5,meteoswiss_ch1,torbole,Hotel Pier,,,,,,,,,,
2026-08-01 00:31,2026-08-01 02:31,4,2026-08-02 15:00,2026-08-02 17:00,38.5,meteoswiss_ch1,torbole,Hotel Pier,,,,,,,,,,
2026-08-01 00:31,2026-08-01 02:31,4,2026-08-02 16:00,2026-08-02 18:00,39.5,meteoswiss_ch1,torbole,Hotel Pier,,,,,,,,,,
2026-08-01 00:31,2026-08-01 02:31,4,2026-08-02 17:00,2026-08-02 19:00,40.5,meteoswiss_ch1,torbole,Hotel Pier,,,,,,,,,,
2026-08-01 00:31,2026-08-01 02:31,4,2026-08-02 18:00,2026-08-02 20:00,41.5,meteoswiss_ch1,torbole,Hotel Pier,,,,,,,,,,
2026-08-01 00:31,2026-08-01 02:31,4,2026-08-02 19:00,2026-08-02 21:00,42.5,meteoswiss_ch1,torbole,Hotel Pier,,,,,,,,,,
2026-08-01 00:31,2026-08-01 02:31,4,2026-08-02 20:00,2026-08-02 22:00,43.5,meteoswiss_ch1,torbole,Hotel Pier,,,,,,,,,,
2026-08-01 00:31,2026-08-01 02:31,4,2026-08-02 21:00,2026-08-02 23:00,44.5,meteoswiss_ch1,torbole,Hotel Pier,,,,,,,,,,
2026-08-01 00:31,2026-08-01 02:31,4,2026-08-02 22:00,2026-08-03 00:00,45.5,meteoswiss_ch1,torbole,Hotel Pier,,,,,,,,,,
2026-08-01 00:31,2026-08-01 02:31,4,2026-08-02 23:00,2026-08-03 01:00,46.5,meteoswiss_ch1,torbole,Hotel Pier,,,,,,,,,,
2026-08-01 00:31,2026-08-01 02:31,4,2026-08-01 01:00,2026-08-01 03:00,0.5,meteoswiss_ch1,torbole,Spiaggia Lucertole,21.6,11.1,27,,,,,,,
2026-08-01 00:31,2026-08-01 02:31,4,2026-08-01 02:00,2026-08-01 04:00,1.5,meteoswiss_ch1,torbole,Spiaggia Lucertole,22.9,11.8,9,,,,,,,
2026-08-01 00:31,2026-08-01 02:31,4,2026-08-01 03:00,2026-08-01 05:00,2.5,meteoswiss_ch1,torbole,Spiaggia Lucertole,31.9,11.9,24,,,,,,,
2026-08-01 00:31,2026-08-01 02:31,4,2026-08-01 04:00,2026-08-01 06:00,3.5,meteoswiss_ch1,torbole,Spiaggia Lucertole,24.7,10.2,43,,,,,,,
2026-08-01 00:31,2026-08-01 02:31,4,2026-08-01 05:00,2026-08-01 07:00,4.5,meteoswiss_ch1,torbole,Spiaggia Lucertole,28.4,12.5,11,,,,,,,
2026-08-01 00:31,2026-08-01 02:31,4,2026-08-01 06:00,2026-08-01 08:00,5.5,meteoswiss_ch1,torbole,Spiaggia Lucertole,23.5,9.6,20,,,,,,,
2026-08-01 00:31,2026-08-01 02:31,4,2026-08-01 07:00,2026-08-01 09:00,6.5,meteoswiss_ch1,torbole,Spiaggia Lucertole,18.5,9.8,17,,,,,,,
2026-08-01 00:31,2026-08-01 02:31,4,2026-08-01 08:00,2026-08-01 10:00,7.5,meteoswiss_ch1,torbole,Spiaggia Lucertole,19.1,9.9,11,,,,,,,
2026-08-01 00:31,2026-08-01 02:31,4,2026-08-01 09:00,2026-08-01 11:00,8.5,meteoswiss_ch1,torbole,Spiaggia Lucertole,18.8,9.0,2,,,,,,,
2026-08-01 00:31,2026-08-01 02:31,4,2026-08-01 10:00,2026-08-01 12:00,9.5,meteoswiss_ch1,torbole,Spiaggia Lucertole,17.7,8.0,352,,,,,,,
2026-08-01 00:31,2026-08-01 02:31,4,2026-08-01 11:00,2026-08-01 13:00,10.5,meteoswiss_ch1,torbole,Spiaggia Lucertole,16.3,7.6,341,,,,,,,
2026-08-01 00:31,2026-08-01 02:31,4,2026-08-01 12:00,2026-08-01 14:00,11.5,meteoswiss_ch1,torbole,Spiaggia Lucertole,15.3,6.5,327,,,,,,,
2026-08-01 00:31,2026-08-01 02:31,4,2026-08-01 13:00,2026-08-01 15:00,12.5,meteoswiss_ch1,torbole,Spiaggia Lucertole,13.2,3.3,320,,,,,,,
2026-08-01 00:31,2026-08-01 02:31,4,2026-08-01 14:00,2026-08-01 16:00,13.5,meteoswiss_ch1,torbole,Spiaggia Lucertole,7.6,2.6,253,,,,,,,
2026-08-01 00:31,2026-08-01 02:31,4,2026-08-01 15:00,2026-08-01 17:00,14.5,meteoswiss_ch1,torbole,Spiaggia Lucertole,11.7,5.3,199,,,,,,,
2026-08-01 00:31,2026-08-01 02:31,4,2026-08-01 16:00,2026-08-01 18:00,15.5,meteoswiss_ch1,torbole,Spiaggia Lucertole,14.0,6.7,172,,,,,,,
2026-08-01 00:31,2026-08-01 02:31,4,2026-08-01 17:00,2026-08-01 19:00,16.5,meteoswiss_ch1,torbole,Spiaggia Lucertole,13.4,0.8,76,,,,,,,
2026-08-01 00:31,2026-08-01 02:31,4,2026-08-01 18:00,2026-08-01 20:00,17.5,meteoswiss_ch1,torbole,Spiaggia Lucertole,8.2,4.5,88,,,,,,,
2026-08-01 00:31,2026-08-01 02:31,4,2026-08-01 19:00,2026-08-01 21:00,18.5,meteoswiss_ch1,torbole,Spiaggia Lucertole,10.7,5.7,86,,,,,,,
2026-08-01 00:31,2026-08-01 02:31,4,2026-08-01 20:00,2026-08-01 22:00,19.5,meteoswiss_ch1,torbole,Spiaggia Lucertole,10.3,4.2,28,,,,,,,
2026-08-01 00:31,2026-08-01 02:31,4,2026-08-01 21:00,2026-08-01 23:00,20.5,meteoswiss_ch1,torbole,Spiaggia Lucertole,15.6,8.4,29,,,,,,,
2026-08-01 00:31,2026-08-01 02:31,4,2026-08-01 22:00,2026-08-02 00:00,21.5,meteoswiss_ch1,torbole,Spiaggia Lucertole,17.9,8.6,177,,,,,,,
2026-08-01 00:31,2026-08-01 02:31,4,2026-08-01 23:00,2026-08-02 01:00,22.5,meteoswiss_ch1,torbole,Spiaggia Lucertole,43.1,5.9,169,,,,,,,
2026-08-01 00:31,2026-08-01 02:31,4,2026-08-02 00:00,2026-08-02 02:00,23.5,meteoswiss_ch1,torbole,Spiaggia Lucertole,20.4,4.5,72,,,,,,,
2026-08-01 00:31,2026-08-01 02:31,4,2026-08-02 01:00,2026-08-02 03:00,24.5,meteoswiss_ch1,torbole,Spiaggia Lucertole,12.0,6.3,68,,,,,,,
2026-08-01 00:31,2026-08-01 02:31,4,2026-08-02 02:00,2026-08-02 04:00,25.5,meteoswiss_ch1,torbole,Spiaggia Lucertole,14.6,6.9,50,,,,,,,
2026-08-01 00:31,2026-08-01 02:31,4,2026-08-02 03:00,2026-08-02 05:00,26.5,meteoswiss_ch1,torbole,Spiaggia Lucertole,20.8,9.1,47,,,,,,,
2026-08-01 00:31,2026-08-01 02:31,4,2026-08-02 04:00,2026-08-02 06:00,27.5,meteoswiss_ch1,torbole,Spiaggia Lucertole,17.9,9.0,30,,,,,,,
2026-08-01 00:31,2026-08-01 02:31,4,2026-08-02 05:00,2026-08-02 07:00,28.5,meteoswiss_ch1,torbole,Spiaggia Lucertole,17.1,7.4,27,,,,,,,
2026-08-01 00:31,2026-08-01 02:31,4,2026-08-02 06:00,2026-08-02 08:00,29.5,meteoswiss_ch1,torbole,Spiaggia Lucertole,19.8,10.3,357,,,,,,,
2026-08-01 00:31,2026-08-01 02:31,4,2026-08-02 07:00,2026-08-02 09:00,30.5,meteoswiss_ch1,torbole,Spiaggia Lucertole,,,,,,,,,,
2026-08-01 00:31,2026-08-01 02:31,4,2026-08-02 08:00,2026-08-02 10:00,31.5,meteoswiss_ch1,torbole,Spiaggia Lucertole,,,,,,,,,,
2026-08-01 00:31,2026-08-01 02:31,4,2026-08-02 09:00,2026-08-02 11:00,32.5,meteoswiss_ch1,torbole,Spiaggia Lucertole,,,,,,,,,,
2026-08-01 00:31,2026-08-01 02:31,4,2026-08-02 10:00,2026-08-02 12:00,33.5,meteoswiss_ch1,torbole,Spiaggia Lucertole,,,,,,,,,,
2026-08-01 00:31,2026-08-01 02:31,4,2026-08-02 11:00,2026-08-02 13:00,34.5,meteoswiss_ch1,torbole,Spiaggia Lucertole,,,,,,,,,,
2026-08-01 00:31,2026-08-01 02:31,4,2026-08-02 12:00,2026-08-02 14:00,35.5,meteoswiss_ch1,torbole,Spiaggia Lucertole,,,,,,,,,,
2026-08-01 00:31,2026-08-01 02:31,4,2026-08-02 13:00,2026-08-02 15:00,36.5,meteoswiss_ch1,torbole,Spiaggia Lucertole,,,,,,,,,,
2026-08-01 00:31,2026-08-01 02:31,4,2026-08-02 14:00,2026-08-02 16:00,37.5,meteoswiss_ch1,torbole,Spiaggia Lucertole,,,,,,,,,,
2026-08-01 00:31,2026-08-01 02:31,4,2026-08-02 15:00,2026-08-02 17:00,38.5,meteoswiss_ch1,torbole,Spiaggia Lucertole,,,,,,,,,,
2026-08-01 00:31,2026-08-01 02:31,4,2026-08-02 16:00,2026-08-02 18:00,39.5,meteoswiss_ch1,torbole,Spiaggia Lucertole,,,,,,,,,,
2026-08-01 00:31,2026-08-01 02:31,4,2026-08-02 17:00,2026-08-02 19:00,40.5,meteoswiss_ch1,torbole,Spiaggia Lucertole,,,,,,,,,,
2026-08-01 00:31,2026-08-01 02:31,4,2026-08-02 18:00,2026-08-02 20:00,41.5,meteoswiss_ch1,torbole,Spiaggia Lucertole,,,,,,,,,,
2026-08-01 00:31,2026-08-01 02:31,4,2026-08-02 19:00,2026-08-02 21:00,42.5,meteoswiss_ch1,torbole,Spiaggia Lucertole,,,,,,,,,,
2026-08-01 00:31,2026-08-01 02:31,4,2026-08-02 20:00,2026-08-02 22:00,43.5,meteoswiss_ch1,torbole,Spiaggia Lucertole,,,,,,,,,,
2026-08-01 00:31,2026-08-01 02:31,4,2026-08-02 21:00,2026-08-02 23:00,44.5,meteoswiss_ch1,torbole,Spiaggia Lucertole,,,,,,,,,,
2026-08-01 00:31,2026-08-01 02:31,4,2026-08-02 22:00,2026-08-03 00:00,45.5,meteoswiss_ch1,torbole,Spiaggia Lucertole,,,,,,,,,,
2026-08-01 00:31,2026-08-01 02:31,4,2026-08-02 23:00,2026-08-03 01:00,46.5,meteoswiss_ch1,torbole,Spiaggia Lucertole,,,,,,,,,,
2026-08-01 00:31,2026-08-01 02:31,4,2026-08-01 01:00,2026-08-01 03:00,0.5,meteoswiss_ch1,torbole,Terrazza Ponale,5.8,2.9,352,,,,,,,
2026-08-01 00:31,2026-08-01 02:31,4,2026-08-01 02:00,2026-08-01 04:00,1.5,meteoswiss_ch1,torbole,Terrazza Ponale,8.4,1.6,14,,,,,,,
2026-08-01 00:31,2026-08-01 02:31,4,2026-08-01 03:00,2026-08-01 05:00,2.5,meteoswiss_ch1,torbole,Terrazza Ponale,15.2,1.7,306,,,,,,,
2026-08-01 00:31,2026-08-01 02:31,4,2026-08-01 04:00,2026-08-01 06:00,3.5,meteoswiss_ch1,torbole,Terrazza Ponale,10.3,5.2,20,,,,,,,
2026-08-01 00:31,2026-08-01 02:31,4,2026-08-01 05:00,2026-08-01 07:00,4.5,meteoswiss_ch1,torbole,Terrazza Ponale,10.3,3.6,344,,,,,,,
2026-08-01 00:31,2026-08-01 02:31,4,2026-08-01 06:00,2026-08-01 08:00,5.5,meteoswiss_ch1,torbole,Terrazza Ponale,7.2,1.5,23,,,,,,,
2026-08-01 00:31,2026-08-01 02:31,4,2026-08-01 07:00,2026-08-01 09:00,6.5,meteoswiss_ch1,torbole,Terrazza Ponale,4.9,1.7,69,,,,,,,
2026-08-01 00:31,2026-08-01 02:31,4,2026-08-01 08:00,2026-08-01 10:00,7.5,meteoswiss_ch1,torbole,Terrazza Ponale,7.2,2.9,82,,,,,,,
2026-08-01 00:31,2026-08-01 02:31,4,2026-08-01 09:00,2026-08-01 11:00,8.5,meteoswiss_ch1,torbole,Terrazza Ponale,7.6,3.0,79,,,,,,,
2026-08-01 00:31,2026-08-01 02:31,4,2026-08-01 10:00,2026-08-01 12:00,9.5,meteoswiss_ch1,torbole,Terrazza Ponale,7.4,2.7,69,,,,,,,
2026-08-01 00:31,2026-08-01 02:31,4,2026-08-01 11:00,2026-08-01 13:00,10.5,meteoswiss_ch1,torbole,Terrazza Ponale,7.0,2.1,68,,,,,,,
2026-08-01 00:31,2026-08-01 02:31,4,2026-08-01 12:00,2026-08-01 14:00,11.5,meteoswiss_ch1,torbole,Terrazza Ponale,5.8,1.6,7,,,,,,,
2026-08-01 00:31,2026-08-01 02:31,4,2026-08-01 13:00,2026-08-01 15:00,12.5,meteoswiss_ch1,torbole,Terrazza Ponale,5.2,1.0,307,,,,,,,
2026-08-01 00:31,2026-08-01 02:31,4,2026-08-01 14:00,2026-08-01 16:00,13.5,meteoswiss_ch1,torbole,Terrazza Ponale,8.5,3.6,225,,,,,,,
2026-08-01 00:31,2026-08-01 02:31,4,2026-08-01 15:00,2026-08-01 17:00,14.5,meteoswiss_ch1,torbole,Terrazza Ponale,11.4,3.9,186,,,,,,,
2026-08-01 00:31,2026-08-01 02:31,4,2026-08-01 16:00,2026-08-01 18:00,15.5,meteoswiss_ch1,torbole,Terrazza Ponale,9.0,1.9,53,,,,,,,
2026-08-01 00:31,2026-08-01 02:31,4,2026-08-01 17:00,2026-08-01 19:00,16.5,meteoswiss_ch1,torbole,Terrazza Ponale,5.2,0.6,270,,,,,,,
2026-08-01 00:31,2026-08-01 02:31,4,2026-08-01 18:00,2026-08-01 20:00,17.5,meteoswiss_ch1,torbole,Terrazza Ponale,3.7,1.6,7,,,,,,,
2026-08-01 00:31,2026-08-01 02:31,4,2026-08-01 19:00,2026-08-01 21:00,18.5,meteoswiss_ch1,torbole,Terrazza Ponale,5.5,2.4,61,,,,,,,
2026-08-01 00:31,2026-08-01 02:31,4,2026-08-01 20:00,2026-08-01 22:00,19.5,meteoswiss_ch1,torbole,Terrazza Ponale,8.5,1.9,84,,,,,,,
2026-08-01 00:31,2026-08-01 02:31,4,2026-08-01 21:00,2026-08-01 23:00,20.5,meteoswiss_ch1,torbole,Terrazza Ponale,4.3,1.7,45,,,,,,,
2026-08-01 00:31,2026-08-01 02:31,4,2026-08-01 22:00,2026-08-02 00:00,21.5,meteoswiss_ch1,torbole,Terrazza Ponale,3.9,2.1,131,,,,,,,
2026-08-01 00:31,2026-08-01 02:31,4,2026-08-01 23:00,2026-08-02 01:00,22.5,meteoswiss_ch1,torbole,Terrazza Ponale,13.4,6.5,136,,,,,,,
2026-08-01 00:31,2026-08-01 02:31,4,2026-08-02 00:00,2026-08-02 02:00,23.5,meteoswiss_ch1,torbole,Terrazza Ponale,13.0,2.3,318,,,,,,,
2026-08-01 00:31,2026-08-01 02:31,4,2026-08-02 01:00,2026-08-02 03:00,24.5,meteoswiss_ch1,torbole,Terrazza Ponale,6.8,2.2,105,,,,,,,
2026-08-01 00:31,2026-08-01 02:31,4,2026-08-02 02:00,2026-08-02 04:00,25.5,meteoswiss_ch1,torbole,Terrazza Ponale,5.2,0.7,146,,,,,,,
2026-08-01 00:31,2026-08-01 02:31,4,2026-08-02 03:00,2026-08-02 05:00,26.5,meteoswiss_ch1,torbole,Terrazza Ponale,11.1,4.4,337,,,,,,,
2026-08-01 00:31,2026-08-01 02:31,4,2026-08-02 04:00,2026-08-02 06:00,27.5,meteoswiss_ch1,torbole,Terrazza Ponale,12.0,3.6,68,,,,,,,
2026-08-01 00:31,2026-08-01 02:31,4,2026-08-02 05:00,2026-08-02 07:00,28.5,meteoswiss_ch1,torbole,Terrazza Ponale,12.6,2.2,360,,,,,,,
2026-08-01 00:31,2026-08-01 02:31,4,2026-08-02 06:00,2026-08-02 08:00,29.5,meteoswiss_ch1,torbole,Terrazza Ponale,6.6,3.0,15,,,,,,,
2026-08-01 00:31,2026-08-01 02:31,4,2026-08-02 07:00,2026-08-02 09:00,30.5,meteoswiss_ch1,torbole,Terrazza Ponale,,,,,,,,,,
2026-08-01 00:31,2026-08-01 02:31,4,2026-08-02 08:00,2026-08-02 10:00,31.5,meteoswiss_ch1,torbole,Terrazza Ponale,,,,,,,,,,
2026-08-01 00:31,2026-08-01 02:31,4,2026-08-02 09:00,2026-08-02 11:00,32.5,meteoswiss_ch1,torbole,Terrazza Ponale,,,,,,,,,,
2026-08-01 00:31,2026-08-01 02:31,4,2026-08-02 10:00,2026-08-02 12:00,33.5,meteoswiss_ch1,torbole,Terrazza Ponale,,,,,,,,,,
2026-08-01 00:31,2026-08-01 02:31,4,2026-08-02 11:00,2026-08-02 13:00,34.5,meteoswiss_ch1,torbole,Terrazza Ponale,,,,,,,,,,
2026-08-01 00:31,2026-08-01 02:31,4,2026-08-02 12:00,2026-08-02 14:00,35.5,meteoswiss_ch1,torbole,Terrazza Ponale,,,,,,,,,,
2026-08-01 00:31,2026-08-01 02:31,4,2026-08-02 13:00,2026-08-02 15:00,36.5,meteoswiss_ch1,torbole,Terrazza Ponale,,,,,,,,,,
2026-08-01 00:31,2026-08-01 02:31,4,2026-08-02 14:00,2026-08-02 16:00,37.5,meteoswiss_ch1,torbole,Terrazza Ponale,,,,,,,,,,
2026-08-01 00:31,2026-08-01 02:31,4,2026-08-02 15:00,2026-08-02 17:00,38.5,meteoswiss_ch1,torbole,Terrazza Ponale,,,,,,,,,,
2026-08-01 00:31,2026-08-01 02:31,4,2026-08-02 16:00,2026-08-02 18:00,39.5,meteoswiss_ch1,torbole,Terrazza Ponale,,,,,,,,,,
2026-08-01 00:31,2026-08-01 02:31,4,2026-08-02 17:00,2026-08-02 19:00,40.5,meteoswiss_ch1,torbole,Terrazza Ponale,,,,,,,,,,
2026-08-01 00:31,2026-08-01 02:31,4,2026-08-02 18:00,2026-08-02 20:00,41.5,meteoswiss_ch1,torbole,Terrazza Ponale,,,,,,,,,,
2026-08-01 00:31,2026-08-01 02:31,4,2026-08-02 19:00,2026-08-02 21:00,42.5,meteoswiss_ch1,torbole,Terrazza Ponale,,,,,,,,,,
2026-08-01 00:31,2026-08-01 02:31,4,2026-08-02 20:00,2026-08-02 22:00,43.5,meteoswiss_ch1,torbole,Terrazza Ponale,,,,,,,,,,
2026-08-01 00:31,2026-08-01 02:31,4,2026-08-02 21:00,2026-08-02 23:00,44.5,meteoswiss_ch1,torbole,Terrazza Ponale,,,,,,,,,,
2026-08-01 00:31,2026-08-01 02:31,4,2026-08-02 22:00,2026-08-03 00:00,45.5,meteoswiss_ch1,torbole,Terrazza Ponale,,,,,,,,,,
2026-08-01 00:31,2026-08-01 02:31,4,2026-08-02 23:00,2026-08-03 01:00,46.5,meteoswiss_ch1,torbole,Terrazza Ponale,,,,,,,,,,
2026-08-01 04:30,2026-08-01 06:30,5,2026-08-01 05:00,2026-08-01 07:00,0.5,condizioni,torbole,,,,,,,,23.5,27,0.0,0
2026-08-01 04:30,2026-08-01 06:30,5,2026-08-01 06:00,2026-08-01 08:00,1.5,condizioni,torbole,,,,,,,,24.9,0,0.0,0
2026-08-01 04:30,2026-08-01 06:30,5,2026-08-01 07:00,2026-08-01 09:00,2.5,condizioni,torbole,,,,,,,,26.6,0,0.0,0
2026-08-01 04:30,2026-08-01 06:30,5,2026-08-01 08:00,2026-08-01 10:00,3.5,condizioni,torbole,,,,,,,,28.3,0,0.0,3
2026-08-01 04:30,2026-08-01 06:30,5,2026-08-01 09:00,2026-08-01 11:00,4.5,condizioni,torbole,,,,,,,,30.0,0,0.0,0
2026-08-01 04:30,2026-08-01 06:30,5,2026-08-01 10:00,2026-08-01 12:00,5.5,condizioni,torbole,,,,,,,,31.8,0,0.0,2
2026-08-01 04:30,2026-08-01 06:30,5,2026-08-01 11:00,2026-08-01 13:00,6.5,condizioni,torbole,,,,,,,,33.6,0,0.0,0
2026-08-01 04:30,2026-08-01 06:30,5,2026-08-01 12:00,2026-08-01 14:00,7.5,condizioni,torbole,,,,,,,,35.5,0,0.0,0
2026-08-01 04:30,2026-08-01 06:30,5,2026-08-01 13:00,2026-08-01 15:00,8.5,condizioni,torbole,,,,,,,,35.0,0,0.0,0
2026-08-01 04:30,2026-08-01 06:30,5,2026-08-01 14:00,2026-08-01 16:00,9.5,condizioni,torbole,,,,,,,,34.8,0,0.0,0
2026-08-01 04:30,2026-08-01 06:30,5,2026-08-01 15:00,2026-08-01 17:00,10.5,condizioni,torbole,,,,,,,,34.8,0,0.0,0
2026-08-01 04:30,2026-08-01 06:30,5,2026-08-01 16:00,2026-08-01 18:00,11.5,condizioni,torbole,,,,,,,,33.6,0,0.0,3
2026-08-01 04:30,2026-08-01 06:30,5,2026-08-01 17:00,2026-08-01 19:00,12.5,condizioni,torbole,,,,,,,,33.5,0,0.0,0
2026-08-01 04:30,2026-08-01 06:30,5,2026-08-01 18:00,2026-08-01 20:00,13.5,condizioni,torbole,,,,,,,,32.1,18,0.0,0
2026-08-01 04:30,2026-08-01 06:30,5,2026-08-01 19:00,2026-08-01 21:00,14.5,condizioni,torbole,,,,,,,,29.7,18,0.0,3
2026-08-01 04:30,2026-08-01 06:30,5,2026-08-01 20:00,2026-08-01 22:00,15.5,condizioni,torbole,,,,,,,,29.6,0,0.0,3
2026-08-01 04:30,2026-08-01 06:30,5,2026-08-01 21:00,2026-08-01 23:00,16.5,condizioni,torbole,,,,,,,,29.0,0,0.0,3
2026-08-01 04:30,2026-08-01 06:30,5,2026-08-01 22:00,2026-08-02 00:00,17.5,condizioni,torbole,,,,,,,,26.0,9,0.1,51
2026-08-01 04:30,2026-08-01 06:30,5,2026-08-01 23:00,2026-08-02 01:00,18.5,condizioni,torbole,,,,,,,,25.1,0,0.0,3
2026-08-01 04:30,2026-08-01 06:30,5,2026-08-02 00:00,2026-08-02 02:00,19.5,condizioni,torbole,,,,,,,,25.6,9,0.3,51
2026-08-01 04:30,2026-08-01 06:30,5,2026-08-02 01:00,2026-08-02 03:00,20.5,condizioni,torbole,,,,,,,,24.4,9,0.3,51
2026-08-01 04:30,2026-08-01 06:30,5,2026-08-02 02:00,2026-08-02 04:00,21.5,condizioni,torbole,,,,,,,,23.2,9,6.4,63
2026-08-01 04:30,2026-08-01 06:30,5,2026-08-02 03:00,2026-08-02 05:00,22.5,condizioni,torbole,,,,,,,,23.3,9,1.1,55
2026-08-01 04:30,2026-08-01 06:30,5,2026-08-02 04:00,2026-08-02 06:00,23.5,condizioni,torbole,,,,,,,,23.2,18,1.2,55
2026-08-01 04:30,2026-08-01 06:30,5,2026-08-02 05:00,2026-08-02 07:00,24.5,condizioni,torbole,,,,,,,,23.8,18,0.1,51
2026-08-01 04:30,2026-08-01 06:30,5,2026-08-02 06:00,2026-08-02 08:00,25.5,condizioni,torbole,,,,,,,,24.1,9,0.1,51
2026-08-01 04:30,2026-08-01 06:30,5,2026-08-02 07:00,2026-08-02 09:00,26.5,condizioni,torbole,,,,,,,,24.8,9,0.0,3
2026-08-01 04:30,2026-08-01 06:30,5,2026-08-02 08:00,2026-08-02 10:00,27.5,condizioni,torbole,,,,,,,,25.1,9,0.0,3
2026-08-01 04:30,2026-08-01 06:30,5,2026-08-02 09:00,2026-08-02 11:00,28.5,condizioni,torbole,,,,,,,,26.0,9,0.0,3
2026-08-01 04:30,2026-08-01 06:30,5,2026-08-02 10:00,2026-08-02 12:00,29.5,condizioni,torbole,,,,,,,,,,,
2026-08-01 04:30,2026-08-01 06:30,5,2026-08-02 11:00,2026-08-02 13:00,30.5,condizioni,torbole,,,,,,,,,,,
2026-08-01 04:30,2026-08-01 06:30,5,2026-08-02 12:00,2026-08-02 14:00,31.5,condizioni,torbole,,,,,,,,,,,
2026-08-01 04:30,2026-08-01 06:30,5,2026-08-02 13:00,2026-08-02 15:00,32.5,condizioni,torbole,,,,,,,,,,,
2026-08-01 04:30,2026-08-01 06:30,5,2026-08-02 14:00,2026-08-02 16:00,33.5,condizioni,torbole,,,,,,,,,,,
2026-08-01 04:30,2026-08-01 06:30,5,2026-08-02 15:00,2026-08-02 17:00,34.5,condizioni,torbole,,,,,,,,,,,
2026-08-01 04:30,2026-08-01 06:30,5,2026-08-02 16:00,2026-08-02 18:00,35.5,condizioni,torbole,,,,,,,,,,,
2026-08-01 04:30,2026-08-01 06:30,5,2026-08-02 17:00,2026-08-02 19:00,36.5,condizioni,torbole,,,,,,,,,,,
2026-08-01 04:30,2026-08-01 06:30,5,2026-08-02 18:00,2026-08-02 20:00,37.5,condizioni,torbole,,,,,,,,,,,
2026-08-01 04:30,2026-08-01 06:30,5,2026-08-02 19:00,2026-08-02 21:00,38.5,condizioni,torbole,,,,,,,,,,,
2026-08-01 04:30,2026-08-01 06:30,5,2026-08-02 20:00,2026-08-02 22:00,39.5,condizioni,torbole,,,,,,,,,,,
2026-08-01 04:30,2026-08-01 06:30,5,2026-08-02 21:00,2026-08-02 23:00,40.5,condizioni,torbole,,,,,,,,,,,
2026-08-01 04:30,2026-08-01 06:30,5,2026-08-02 22:00,2026-08-03 00:00,41.5,condizioni,torbole,,,,,,,,,,,
2026-08-01 04:30,2026-08-01 06:30,5,2026-08-02 23:00,2026-08-03 01:00,42.5,condizioni,torbole,,,,,,,,,,,
2026-08-01 04:30,2026-08-01 06:30,5,2026-08-03 00:00,2026-08-03 02:00,43.5,condizioni,torbole,,,,,,,,25.0,0,0.0,1
2026-08-01 04:30,2026-08-01 06:30,5,2026-08-03 01:00,2026-08-03 03:00,44.5,condizioni,torbole,,,,,,,,24.7,0,0.0,2
2026-08-01 04:30,2026-08-01 06:30,5,2026-08-03 02:00,2026-08-03 04:00,45.5,condizioni,torbole,,,,,,,,24.4,0,0.0,2
2026-08-01 04:30,2026-08-01 06:30,5,2026-08-03 03:00,2026-08-03 05:00,46.5,condizioni,torbole,,,,,,,,23.6,0,0.0,1
2026-08-01 04:30,2026-08-01 06:30,5,2026-08-03 04:00,2026-08-03 06:00,47.5,condizioni,torbole,,,,,,,,23.0,0,0.0,0
2026-08-01 04:30,2026-08-01 06:30,5,2026-08-01 05:00,2026-08-01 07:00,0.5,meteoswiss_ch1,torbole,Conca d'Oro,25.6,11.3,29,,,,,,,
2026-08-01 04:30,2026-08-01 06:30,5,2026-08-01 06:00,2026-08-01 08:00,1.5,meteoswiss_ch1,torbole,Conca d'Oro,22.0,7.4,63,,,,,,,
2026-08-01 04:30,2026-08-01 06:30,5,2026-08-01 07:00,2026-08-01 09:00,2.5,meteoswiss_ch1,torbole,Conca d'Oro,17.5,8.7,80,,,,,,,
2026-08-01 04:30,2026-08-01 06:30,5,2026-08-01 08:00,2026-08-01 10:00,3.5,meteoswiss_ch1,torbole,Conca d'Oro,18.5,8.9,80,,,,,,,
2026-08-01 04:30,2026-08-01 06:30,5,2026-08-01 09:00,2026-08-01 11:00,4.5,meteoswiss_ch1,torbole,Conca d'Oro,19.2,8.8,84,,,,,,,
2026-08-01 04:30,2026-08-01 06:30,5,2026-08-01 10:00,2026-08-01 12:00,5.5,meteoswiss_ch1,torbole,Conca d'Oro,18.5,6.9,80,,,,,,,
2026-08-01 04:30,2026-08-01 06:30,5,2026-08-01 11:00,2026-08-01 13:00,6.5,meteoswiss_ch1,torbole,Conca d'Oro,15.0,4.4,67,,,,,,,
2026-08-01 04:30,2026-08-01 06:30,5,2026-08-01 12:00,2026-08-01 14:00,7.5,meteoswiss_ch1,torbole,Conca d'Oro,10.1,0.5,315,,,,,,,
2026-08-01 04:30,2026-08-01 06:30,5,2026-08-01 13:00,2026-08-01 15:00,8.5,meteoswiss_ch1,torbole,Conca d'Oro,8.4,3.4,257,,,,,,,
2026-08-01 04:30,2026-08-01 06:30,5,2026-08-01 14:00,2026-08-01 16:00,9.5,meteoswiss_ch1,torbole,Conca d'Oro,15.8,7.6,212,,,,,,,
2026-08-01 04:30,2026-08-01 06:30,5,2026-08-01 15:00,2026-08-01 17:00,10.5,meteoswiss_ch1,torbole,Conca d'Oro,18.1,8.3,210,,,,,,,
2026-08-01 04:30,2026-08-01 06:30,5,2026-08-01 16:00,2026-08-01 18:00,11.5,meteoswiss_ch1,torbole,Conca d'Oro,16.9,4.2,311,,,,,,,
2026-08-01 04:30,2026-08-01 06:30,5,2026-08-01 17:00,2026-08-01 19:00,12.5,meteoswiss_ch1,torbole,Conca d'Oro,10.3,3.9,27,,,,,,,
2026-08-01 04:30,2026-08-01 06:30,5,2026-08-01 18:00,2026-08-01 20:00,13.5,meteoswiss_ch1,torbole,Conca d'Oro,8.4,1.5,23,,,,,,,
2026-08-01 04:30,2026-08-01 06:30,5,2026-08-01 19:00,2026-08-01 21:00,14.5,meteoswiss_ch1,torbole,Conca d'Oro,9.1,4.8,81,,,,,,,
2026-08-01 04:30,2026-08-01 06:30,5,2026-08-01 20:00,2026-08-01 22:00,15.5,meteoswiss_ch1,torbole,Conca d'Oro,16.9,8.6,52,,,,,,,
2026-08-01 04:30,2026-08-01 06:30,5,2026-08-01 21:00,2026-08-01 23:00,16.5,meteoswiss_ch1,torbole,Conca d'Oro,26.0,5.1,81,,,,,,,
2026-08-01 04:30,2026-08-01 06:30,5,2026-08-01 22:00,2026-08-02 00:00,17.5,meteoswiss_ch1,torbole,Conca d'Oro,24.3,12.1,96,,,,,,,
2026-08-01 04:30,2026-08-01 06:30,5,2026-08-01 23:00,2026-08-02 01:00,18.5,meteoswiss_ch1,torbole,Conca d'Oro,24.1,6.9,74,,,,,,,
2026-08-01 04:30,2026-08-01 06:30,5,2026-08-02 00:00,2026-08-02 02:00,19.5,meteoswiss_ch1,torbole,Conca d'Oro,14.6,5.9,113,,,,,,,
2026-08-01 04:30,2026-08-01 06:30,5,2026-08-02 01:00,2026-08-02 03:00,20.5,meteoswiss_ch1,torbole,Conca d'Oro,13.6,4.5,92,,,,,,,
2026-08-01 04:30,2026-08-01 06:30,5,2026-08-02 02:00,2026-08-02 04:00,21.5,meteoswiss_ch1,torbole,Conca d'Oro,12.0,3.5,19,,,,,,,
2026-08-01 04:30,2026-08-01 06:30,5,2026-08-02 03:00,2026-08-02 05:00,22.5,meteoswiss_ch1,torbole,Conca d'Oro,10.5,4.2,56,,,,,,,
2026-08-01 04:30,2026-08-01 06:30,5,2026-08-02 04:00,2026-08-02 06:00,23.5,meteoswiss_ch1,torbole,Conca d'Oro,20.8,10.6,50,,,,,,,
2026-08-01 04:30,2026-08-01 06:30,5,2026-08-02 05:00,2026-08-02 07:00,24.5,meteoswiss_ch1,torbole,Conca d'Oro,21.8,9.4,71,,,,,,,
2026-08-01 04:30,2026-08-01 06:30,5,2026-08-02 06:00,2026-08-02 08:00,25.5,meteoswiss_ch1,torbole,Conca d'Oro,18.7,9.5,75,,,,,,,
2026-08-01 04:30,2026-08-01 06:30,5,2026-08-02 07:00,2026-08-02 09:00,26.5,meteoswiss_ch1,torbole,Conca d'Oro,20.4,9.7,75,,,,,,,
2026-08-01 04:30,2026-08-01 06:30,5,2026-08-02 08:00,2026-08-02 10:00,27.5,meteoswiss_ch1,torbole,Conca d'Oro,21.4,10.6,82,,,,,,,
2026-08-01 04:30,2026-08-01 06:30,5,2026-08-02 09:00,2026-08-02 11:00,28.5,meteoswiss_ch1,torbole,Conca d'Oro,22.0,10.7,86,,,,,,,
2026-08-01 04:30,2026-08-01 06:30,5,2026-08-02 10:00,2026-08-02 12:00,29.5,meteoswiss_ch1,torbole,Conca d'Oro,,,,,,,,,,
2026-08-01 04:30,2026-08-01 06:30,5,2026-08-02 11:00,2026-08-02 13:00,30.5,meteoswiss_ch1,torbole,Conca d'Oro,,,,,,,,,,
2026-08-01 04:30,2026-08-01 06:30,5,2026-08-02 12:00,2026-08-02 14:00,31.5,meteoswiss_ch1,torbole,Conca d'Oro,,,,,,,,,,
2026-08-01 04:30,2026-08-01 06:30,5,2026-08-02 13:00,2026-08-02 15:00,32.5,meteoswiss_ch1,torbole,Conca d'Oro,,,,,,,,,,
2026-08-01 04:30,2026-08-01 06:30,5,2026-08-02 14:00,2026-08-02 16:00,33.5,meteoswiss_ch1,torbole,Conca d'Oro,,,,,,,,,,
2026-08-01 04:30,2026-08-01 06:30,5,2026-08-02 15:00,2026-08-02 17:00,34.5,meteoswiss_ch1,torbole,Conca d'Oro,,,,,,,,,,
2026-08-01 04:30,2026-08-01 06:30,5,2026-08-02 16:00,2026-08-02 18:00,35.5,meteoswiss_ch1,torbole,Conca d'Oro,,,,,,,,,,
2026-08-01 04:30,2026-08-01 06:30,5,2026-08-02 17:00,2026-08-02 19:00,36.5,meteoswiss_ch1,torbole,Conca d'Oro,,,,,,,,,,
2026-08-01 04:30,2026-08-01 06:30,5,2026-08-02 18:00,2026-08-02 20:00,37.5,meteoswiss_ch1,torbole,Conca d'Oro,,,,,,,,,,
2026-08-01 04:30,2026-08-01 06:30,5,2026-08-02 19:00,2026-08-02 21:00,38.5,meteoswiss_ch1,torbole,Conca d'Oro,,,,,,,,,,
2026-08-01 04:30,2026-08-01 06:30,5,2026-08-02 20:00,2026-08-02 22:00,39.5,meteoswiss_ch1,torbole,Conca d'Oro,,,,,,,,,,
2026-08-01 04:30,2026-08-01 06:30,5,2026-08-02 21:00,2026-08-02 23:00,40.5,meteoswiss_ch1,torbole,Conca d'Oro,,,,,,,,,,
2026-08-01 04:30,2026-08-01 06:30,5,2026-08-02 22:00,2026-08-03 00:00,41.5,meteoswiss_ch1,torbole,Conca d'Oro,,,,,,,,,,
2026-08-01 04:30,2026-08-01 06:30,5,2026-08-02 23:00,2026-08-03 01:00,42.5,meteoswiss_ch1,torbole,Conca d'Oro,,,,,,,,,,
2026-08-01 04:30,2026-08-01 06:30,5,2026-08-01 05:00,2026-08-01 07:00,0.5,meteoswiss_ch1,torbole,Hotel Pier,28.6,15.8,354,,,,,,,
2026-08-01 04:30,2026-08-01 06:30,5,2026-08-01 06:00,2026-08-01 08:00,1.5,meteoswiss_ch1,torbole,Hotel Pier,25.5,11.6,9,,,,,,,
2026-08-01 04:30,2026-08-01 06:30,5,2026-08-01 07:00,2026-08-01 09:00,2.5,meteoswiss_ch1,torbole,Hotel Pier,19.2,11.3,15,,,,,,,
2026-08-01 04:30,2026-08-01 06:30,5,2026-08-01 08:00,2026-08-01 10:00,3.5,meteoswiss_ch1,torbole,Hotel Pier,19.2,11.6,18,,,,,,,
2026-08-01 04:30,2026-08-01 06:30,5,2026-08-01 09:00,2026-08-01 11:00,4.5,meteoswiss_ch1,torbole,Hotel Pier,19.4,11.2,20,,,,,,,
2026-08-01 04:30,2026-08-01 06:30,5,2026-08-01 10:00,2026-08-01 12:00,5.5,meteoswiss_ch1,torbole,Hotel Pier,18.8,9.6,20,,,,,,,
2026-08-01 04:30,2026-08-01 06:30,5,2026-08-01 11:00,2026-08-01 13:00,6.5,meteoswiss_ch1,torbole,Hotel Pier,16.1,7.0,14,,,,,,,
2026-08-01 04:30,2026-08-01 06:30,5,2026-08-01 12:00,2026-08-01 14:00,7.5,meteoswiss_ch1,torbole,Hotel Pier,12.0,4.8,19,,,,,,,
2026-08-01 04:30,2026-08-01 06:30,5,2026-08-01 13:00,2026-08-01 15:00,8.5,meteoswiss_ch1,torbole,Hotel Pier,8.4,1.7,69,,,,,,,
2026-08-01 04:30,2026-08-01 06:30,5,2026-08-01 14:00,2026-08-01 16:00,9.5,meteoswiss_ch1,torbole,Hotel Pier,15.3,9.2,188,,,,,,,
2026-08-01 04:30,2026-08-01 06:30,5,2026-08-01 15:00,2026-08-01 17:00,10.5,meteoswiss_ch1,torbole,Hotel Pier,15.0,7.6,193,,,,,,,
2026-08-01 04:30,2026-08-01 06:30,5,2026-08-01 16:00,2026-08-01 18:00,11.5,meteoswiss_ch1,torbole,Hotel Pier,12.0,3.9,290,,,,,,,
2026-08-01 04:30,2026-08-01 06:30,5,2026-08-01 17:00,2026-08-01 19:00,12.5,meteoswiss_ch1,torbole,Hotel Pier,10.7,5.8,312,,,,,,,
2026-08-01 04:30,2026-08-01 06:30,5,2026-08-01 18:00,2026-08-01 20:00,13.5,meteoswiss_ch1,torbole,Hotel Pier,9.7,6.2,302,,,,,,,
2026-08-01 04:30,2026-08-01 06:30,5,2026-08-01 19:00,2026-08-01 21:00,14.5,meteoswiss_ch1,torbole,Hotel Pier,11.4,6.5,311,,,,,,,
2026-08-01 04:30,2026-08-01 06:30,5,2026-08-01 20:00,2026-08-01 22:00,15.5,meteoswiss_ch1,torbole,Hotel Pier,20.0,11.2,352,,,,,,,
2026-08-01 04:30,2026-08-01 06:30,5,2026-08-01 21:00,2026-08-01 23:00,16.5,meteoswiss_ch1,torbole,Hotel Pier,22.4,6.3,225,,,,,,,
2026-08-01 04:30,2026-08-01 06:30,5,2026-08-01 22:00,2026-08-02 00:00,17.5,meteoswiss_ch1,torbole,Hotel Pier,32.8,15.9,292,,,,,,,
2026-08-01 04:30,2026-08-01 06:30,5,2026-08-01 23:00,2026-08-02 01:00,18.5,meteoswiss_ch1,torbole,Hotel Pier,25.9,8.0,331,,,,,,,
2026-08-01 04:30,2026-08-01 06:30,5,2026-08-02 00:00,2026-08-02 02:00,19.5,meteoswiss_ch1,torbole,Hotel Pier,12.9,6.0,205,,,,,,,
2026-08-01 04:30,2026-08-01 06:30,5,2026-08-02 01:00,2026-08-02 03:00,20.5,meteoswiss_ch1,torbole,Hotel Pier,10.5,5.9,311,,,,,,,
2026-08-01 04:30,2026-08-01 06:30,5,2026-08-02 02:00,2026-08-02 04:00,21.5,meteoswiss_ch1,torbole,Hotel Pier,12.3,6.6,360,,,,,,,
2026-08-01 04:30,2026-08-01 06:30,5,2026-08-02 03:00,2026-08-02 05:00,22.5,meteoswiss_ch1,torbole,Hotel Pier,10.5,4.0,343,,,,,,,
2026-08-01 04:30,2026-08-01 06:30,5,2026-08-02 04:00,2026-08-02 06:00,23.5,meteoswiss_ch1,torbole,Hotel Pier,23.9,14.5,354,,,,,,,
2026-08-01 04:30,2026-08-01 06:30,5,2026-08-02 05:00,2026-08-02 07:00,24.5,meteoswiss_ch1,torbole,Hotel Pier,23.3,12.3,6,,,,,,,
2026-08-01 04:30,2026-08-01 06:30,5,2026-08-02 06:00,2026-08-02 08:00,25.5,meteoswiss_ch1,torbole,Hotel Pier,19.7,11.1,355,,,,,,,
2026-08-01 04:30,2026-08-01 06:30,5,2026-08-02 07:00,2026-08-02 09:00,26.5,meteoswiss_ch1,torbole,Hotel Pier,18.7,11.2,347,,,,,,,
2026-08-01 04:30,2026-08-01 06:30,5,2026-08-02 08:00,2026-08-02 10:00,27.5,meteoswiss_ch1,torbole,Hotel Pier,18.8,11.7,4,,,,,,,
2026-08-01 04:30,2026-08-01 06:30,5,2026-08-02 09:00,2026-08-02 11:00,28.5,meteoswiss_ch1,torbole,Hotel Pier,20.4,11.9,7,,,,,,,
2026-08-01 04:30,2026-08-01 06:30,5,2026-08-02 10:00,2026-08-02 12:00,29.5,meteoswiss_ch1,torbole,Hotel Pier,,,,,,,,,,
2026-08-01 04:30,2026-08-01 06:30,5,2026-08-02 11:00,2026-08-02 13:00,30.5,meteoswiss_ch1,torbole,Hotel Pier,,,,,,,,,,
2026-08-01 04:30,2026-08-01 06:30,5,2026-08-02 12:00,2026-08-02 14:00,31.5,meteoswiss_ch1,torbole,Hotel Pier,,,,,,,,,,
2026-08-01 04:30,2026-08-01 06:30,5,2026-08-02 13:00,2026-08-02 15:00,32.5,meteoswiss_ch1,torbole,Hotel Pier,,,,,,,,,,
2026-08-01 04:30,2026-08-01 06:30,5,2026-08-02 14:00,2026-08-02 16:00,33.5,meteoswiss_ch1,torbole,Hotel Pier,,,,,,,,,,
2026-08-01 04:30,2026-08-01 06:30,5,2026-08-02 15:00,2026-08-02 17:00,34.5,meteoswiss_ch1,torbole,Hotel Pier,,,,,,,,,,
2026-08-01 04:30,2026-08-01 06:30,5,2026-08-02 16:00,2026-08-02 18:00,35.5,meteoswiss_ch1,torbole,Hotel Pier,,,,,,,,,,
2026-08-01 04:30,2026-08-01 06:30,5,2026-08-02 17:00,2026-08-02 19:00,36.5,meteoswiss_ch1,torbole,Hotel Pier,,,,,,,,,,
2026-08-01 04:30,2026-08-01 06:30,5,2026-08-02 18:00,2026-08-02 20:00,37.5,meteoswiss_ch1,torbole,Hotel Pier,,,,,,,,,,
2026-08-01 04:30,2026-08-01 06:30,5,2026-08-02 19:00,2026-08-02 21:00,38.5,meteoswiss_ch1,torbole,Hotel Pier,,,,,,,,,,
2026-08-01 04:30,2026-08-01 06:30,5,2026-08-02 20:00,2026-08-02 22:00,39.5,meteoswiss_ch1,torbole,Hotel Pier,,,,,,,,,,
2026-08-01 04:30,2026-08-01 06:30,5,2026-08-02 21:00,2026-08-02 23:00,40.5,meteoswiss_ch1,torbole,Hotel Pier,,,,,,,,,,
2026-08-01 04:30,2026-08-01 06:30,5,2026-08-02 22:00,2026-08-03 00:00,41.5,meteoswiss_ch1,torbole,Hotel Pier,,,,,,,,,,
2026-08-01 04:30,2026-08-01 06:30,5,2026-08-02 23:00,2026-08-03 01:00,42.5,meteoswiss_ch1,torbole,Hotel Pier,,,,,,,,,,
2026-08-01 04:30,2026-08-01 06:30,5,2026-08-01 05:00,2026-08-01 07:00,0.5,meteoswiss_ch1,torbole,Spiaggia Lucertole,25.1,13.2,2,,,,,,,
2026-08-01 04:30,2026-08-01 06:30,5,2026-08-01 06:00,2026-08-01 08:00,1.5,meteoswiss_ch1,torbole,Spiaggia Lucertole,28.6,11.3,12,,,,,,,
2026-08-01 04:30,2026-08-01 06:30,5,2026-08-01 07:00,2026-08-01 09:00,2.5,meteoswiss_ch1,torbole,Spiaggia Lucertole,21.4,9.4,13,,,,,,,
2026-08-01 04:30,2026-08-01 06:30,5,2026-08-01 08:00,2026-08-01 10:00,3.5,meteoswiss_ch1,torbole,Spiaggia Lucertole,18.7,9.7,3,,,,,,,
2026-08-01 04:30,2026-08-01 06:30,5,2026-08-01 09:00,2026-08-01 11:00,4.5,meteoswiss_ch1,torbole,Spiaggia Lucertole,19.2,9.5,360,,,,,,,
2026-08-01 04:30,2026-08-01 06:30,5,2026-08-01 10:00,2026-08-01 12:00,5.5,meteoswiss_ch1,torbole,Spiaggia Lucertole,18.3,8.4,353,,,,,,,
2026-08-01 04:30,2026-08-01 06:30,5,2026-08-01 11:00,2026-08-01 13:00,6.5,meteoswiss_ch1,torbole,Spiaggia Lucertole,16.9,7.1,334,,,,,,,
2026-08-01 04:30,2026-08-01 06:30,5,2026-08-01 12:00,2026-08-01 14:00,7.5,meteoswiss_ch1,torbole,Spiaggia Lucertole,14.4,4.9,323,,,,,,,
2026-08-01 04:30,2026-08-01 06:30,5,2026-08-01 13:00,2026-08-01 15:00,8.5,meteoswiss_ch1,torbole,Spiaggia Lucertole,10.5,2.2,308,,,,,,,
2026-08-01 04:30,2026-08-01 06:30,5,2026-08-01 14:00,2026-08-01 16:00,9.5,meteoswiss_ch1,torbole,Spiaggia Lucertole,16.3,7.5,201,,,,,,,
2026-08-01 04:30,2026-08-01 06:30,5,2026-08-01 15:00,2026-08-01 17:00,10.5,meteoswiss_ch1,torbole,Spiaggia Lucertole,16.9,7.4,203,,,,,,,
2026-08-01 04:30,2026-08-01 06:30,5,2026-08-01 16:00,2026-08-01 18:00,11.5,meteoswiss_ch1,torbole,Spiaggia Lucertole,16.1,4.1,177,,,,,,,
2026-08-01 04:30,2026-08-01 06:30,5,2026-08-01 17:00,2026-08-01 19:00,12.5,meteoswiss_ch1,torbole,Spiaggia Lucertole,11.7,5.9,32,,,,,,,
2026-08-01 04:30,2026-08-01 06:30,5,2026-08-01 18:00,2026-08-01 20:00,13.5,meteoswiss_ch1,torbole,Spiaggia Lucertole,12.6,4.4,32,,,,,,,
2026-08-01 04:30,2026-08-01 06:30,5,2026-08-01 19:00,2026-08-01 21:00,14.5,meteoswiss_ch1,torbole,Spiaggia Lucertole,11.4,6.0,77,,,,,,,
2026-08-01 04:30,2026-08-01 06:30,5,2026-08-01 20:00,2026-08-01 22:00,15.5,meteoswiss_ch1,torbole,Spiaggia Lucertole,14.4,6.9,7,,,,,,,
2026-08-01 04:30,2026-08-01 06:30,5,2026-08-01 21:00,2026-08-01 23:00,16.5,meteoswiss_ch1,torbole,Spiaggia Lucertole,27.8,7.8,127,,,,,,,
2026-08-01 04:30,2026-08-01 06:30,5,2026-08-01 22:00,2026-08-02 00:00,17.5,meteoswiss_ch1,torbole,Spiaggia Lucertole,34.0,5.8,310,,,,,,,
2026-08-01 04:30,2026-08-01 06:30,5,2026-08-01 23:00,2026-08-02 01:00,18.5,meteoswiss_ch1,torbole,Spiaggia Lucertole,19.1,9.0,34,,,,,,,
2026-08-01 04:30,2026-08-01 06:30,5,2026-08-02 00:00,2026-08-02 02:00,19.5,meteoswiss_ch1,torbole,Spiaggia Lucertole,17.5,6.4,160,,,,,,,
2026-08-01 04:30,2026-08-01 06:30,5,2026-08-02 01:00,2026-08-02 03:00,20.5,meteoswiss_ch1,torbole,Spiaggia Lucertole,14.6,6.9,75,,,,,,,
2026-08-01 04:30,2026-08-01 06:30,5,2026-08-02 02:00,2026-08-02 04:00,21.5,meteoswiss_ch1,torbole,Spiaggia Lucertole,18.7,8.4,28,,,,,,,
2026-08-01 04:30,2026-08-01 06:30,5,2026-08-02 03:00,2026-08-02 05:00,22.5,meteoswiss_ch1,torbole,Spiaggia Lucertole,16.5,2.6,17,,,,,,,
2026-08-01 04:30,2026-08-01 06:30,5,2026-08-02 04:00,2026-08-02 06:00,23.5,meteoswiss_ch1,torbole,Spiaggia Lucertole,17.3,9.1,360,,,,,,,
2026-08-01 04:30,2026-08-01 06:30,5,2026-08-02 05:00,2026-08-02 07:00,24.5,meteoswiss_ch1,torbole,Spiaggia Lucertole,19.2,9.4,8,,,,,,,
2026-08-01 04:30,2026-08-01 06:30,5,2026-08-02 06:00,2026-08-02 08:00,25.5,meteoswiss_ch1,torbole,Spiaggia Lucertole,18.1,7.2,5,,,,,,,
2026-08-01 04:30,2026-08-01 06:30,5,2026-08-02 07:00,2026-08-02 09:00,26.5,meteoswiss_ch1,torbole,Spiaggia Lucertole,13.6,5.5,2,,,,,,,
2026-08-01 04:30,2026-08-01 06:30,5,2026-08-02 08:00,2026-08-02 10:00,27.5,meteoswiss_ch1,torbole,Spiaggia Lucertole,16.3,8.4,19,,,,,,,
2026-08-01 04:30,2026-08-01 06:30,5,2026-08-02 09:00,2026-08-02 11:00,28.5,meteoswiss_ch1,torbole,Spiaggia Lucertole,19.4,10.4,24,,,,,,,
2026-08-01 04:30,2026-08-01 06:30,5,2026-08-02 10:00,2026-08-02 12:00,29.5,meteoswiss_ch1,torbole,Spiaggia Lucertole,,,,,,,,,,
2026-08-01 04:30,2026-08-01 06:30,5,2026-08-02 11:00,2026-08-02 13:00,30.5,meteoswiss_ch1,torbole,Spiaggia Lucertole,,,,,,,,,,
2026-08-01 04:30,2026-08-01 06:30,5,2026-08-02 12:00,2026-08-02 14:00,31.5,meteoswiss_ch1,torbole,Spiaggia Lucertole,,,,,,,,,,
2026-08-01 04:30,2026-08-01 06:30,5,2026-08-02 13:00,2026-08-02 15:00,32.5,meteoswiss_ch1,torbole,Spiaggia Lucertole,,,,,,,,,,
2026-08-01 04:30,2026-08-01 06:30,5,2026-08-02 14:00,2026-08-02 16:00,33.5,meteoswiss_ch1,torbole,Spiaggia Lucertole,,,,,,,,,,
2026-08-01 04:30,2026-08-01 06:30,5,2026-08-02 15:00,2026-08-02 17:00,34.5,meteoswiss_ch1,torbole,Spiaggia Lucertole,,,,,,,,,,
2026-08-01 04:30,2026-08-01 06:30,5,2026-08-02 16:00,2026-08-02 18:00,35.5,meteoswiss_ch1,torbole,Spiaggia Lucertole,,,,,,,,,,
2026-08-01 04:30,2026-08-01 06:30,5,2026-08-02 17:00,2026-08-02 19:00,36.5,meteoswiss_ch1,torbole,Spiaggia Lucertole,,,,,,,,,,
2026-08-01 04:30,2026-08-01 06:30,5,2026-08-02 18:00,2026-08-02 20:00,37.5,meteoswiss_ch1,torbole,Spiaggia Lucertole,,,,,,,,,,
2026-08-01 04:30,2026-08-01 06:30,5,2026-08-02 19:00,2026-08-02 21:00,38.5,meteoswiss_ch1,torbole,Spiaggia Lucertole,,,,,,,,,,
2026-08-01 04:30,2026-08-01 06:30,5,2026-08-02 20:00,2026-08-02 22:00,39.5,meteoswiss_ch1,torbole,Spiaggia Lucertole,,,,,,,,,,
2026-08-01 04:30,2026-08-01 06:30,5,2026-08-02 21:00,2026-08-02 23:00,40.5,meteoswiss_ch1,torbole,Spiaggia Lucertole,,,,,,,,,,
2026-08-01 04:30,2026-08-01 06:30,5,2026-08-02 22:00,2026-08-03 00:00,41.5,meteoswiss_ch1,torbole,Spiaggia Lucertole,,,,,,,,,,
2026-08-01 04:30,2026-08-01 06:30,5,2026-08-02 23:00,2026-08-03 01:00,42.5,meteoswiss_ch1,torbole,Spiaggia Lucertole,,,,,,,,,,
2026-08-01 04:30,2026-08-01 06:30,5,2026-08-01 05:00,2026-08-01 07:00,0.5,meteoswiss_ch1,torbole,Terrazza Ponale,12.0,5.1,53,,,,,,,
2026-08-01 04:30,2026-08-01 06:30,5,2026-08-01 06:00,2026-08-01 08:00,1.5,meteoswiss_ch1,torbole,Terrazza Ponale,10.9,1.7,36,,,,,,,
2026-08-01 04:30,2026-08-01 06:30,5,2026-08-01 07:00,2026-08-01 09:00,2.5,meteoswiss_ch1,torbole,Terrazza Ponale,5.6,2.3,48,,,,,,,
2026-08-01 04:30,2026-08-01 06:30,5,2026-08-01 08:00,2026-08-01 10:00,3.5,meteoswiss_ch1,torbole,Terrazza Ponale,6.6,2.6,73,,,,,,,
2026-08-01 04:30,2026-08-01 06:30,5,2026-08-01 09:00,2026-08-01 11:00,4.5,meteoswiss_ch1,torbole,Terrazza Ponale,6.6,2.5,72,,,,,,,
2026-08-01 04:30,2026-08-01 06:30,5,2026-08-01 10:00,2026-08-01 12:00,5.5,meteoswiss_ch1,torbole,Terrazza Ponale,7.4,2.8,65,,,,,,,
2026-08-01 04:30,2026-08-01 06:30,5,2026-08-01 11:00,2026-08-01 13:00,6.5,meteoswiss_ch1,torbole,Terrazza Ponale,7.2,1.8,32,,,,,,,
2026-08-01 04:30,2026-08-01 06:30,5,2026-08-01 12:00,2026-08-01 14:00,7.5,meteoswiss_ch1,torbole,Terrazza Ponale,6.0,1.9,336,,,,,,,
2026-08-01 04:30,2026-08-01 06:30,5,2026-08-01 13:00,2026-08-01 15:00,8.5,meteoswiss_ch1,torbole,Terrazza Ponale,6.4,2.3,228,,,,,,,
2026-08-01 04:30,2026-08-01 06:30,5,2026-08-01 14:00,2026-08-01 16:00,9.5,meteoswiss_ch1,torbole,Terrazza Ponale,14.4,6.6,187,,,,,,,
2026-08-01 04:30,2026-08-01 06:30,5,2026-08-01 15:00,2026-08-01 17:00,10.5,meteoswiss_ch1,torbole,Terrazza Ponale,15.8,7.2,185,,,,,,,
2026-08-01 04:30,2026-08-01 06:30,5,2026-08-01 16:00,2026-08-01 18:00,11.5,meteoswiss_ch1,torbole,Terrazza Ponale,15.6,5.1,358,,,,,,,
2026-08-01 04:30,2026-08-01 06:30,5,2026-08-01 17:00,2026-08-01 19:00,12.5,meteoswiss_ch1,torbole,Terrazza Ponale,12.9,2.9,37,,,,,,,
2026-08-01 04:30,2026-08-01 06:30,5,2026-08-01 18:00,2026-08-01 20:00,13.5,meteoswiss_ch1,torbole,Terrazza Ponale,6.6,0.8,346,,,,,,,
2026-08-01 04:30,2026-08-01 06:30,5,2026-08-01 19:00,2026-08-01 21:00,14.5,meteoswiss_ch1,torbole,Terrazza Ponale,4.5,1.9,45,,,,,,,
2026-08-01 04:30,2026-08-01 06:30,5,2026-08-01 20:00,2026-08-01 22:00,15.5,meteoswiss_ch1,torbole,Terrazza Ponale,6.4,2.5,108,,,,,,,
2026-08-01 04:30,2026-08-01 06:30,5,2026-08-01 21:00,2026-08-01 23:00,16.5,meteoswiss_ch1,torbole,Terrazza Ponale,9.1,4.0,104,,,,,,,
2026-08-01 04:30,2026-08-01 06:30,5,2026-08-01 22:00,2026-08-02 00:00,17.5,meteoswiss_ch1,torbole,Terrazza Ponale,16.7,6.2,114,,,,,,,
2026-08-01 04:30,2026-08-01 06:30,5,2026-08-01 23:00,2026-08-02 01:00,18.5,meteoswiss_ch1,torbole,Terrazza Ponale,12.6,4.1,65,,,,,,,
2026-08-01 04:30,2026-08-01 06:30,5,2026-08-02 00:00,2026-08-02 02:00,19.5,meteoswiss_ch1,torbole,Terrazza Ponale,8.2,4.2,118,,,,,,,
2026-08-01 04:30,2026-08-01 06:30,5,2026-08-02 01:00,2026-08-02 03:00,20.5,meteoswiss_ch1,torbole,Terrazza Ponale,9.5,2.5,86,,,,,,,
2026-08-01 04:30,2026-08-01 06:30,5,2026-08-02 02:00,2026-08-02 04:00,21.5,meteoswiss_ch1,torbole,Terrazza Ponale,8.0,2.5,360,,,,,,,
2026-08-01 04:30,2026-08-01 06:30,5,2026-08-02 03:00,2026-08-02 05:00,22.5,meteoswiss_ch1,torbole,Terrazza Ponale,5.8,1.8,77,,,,,,,
2026-08-01 04:30,2026-08-01 06:30,5,2026-08-02 04:00,2026-08-02 06:00,23.5,meteoswiss_ch1,torbole,Terrazza Ponale,6.6,1.7,333,,,,,,,
2026-08-01 04:30,2026-08-01 06:30,5,2026-08-02 05:00,2026-08-02 07:00,24.5,meteoswiss_ch1,torbole,Terrazza Ponale,8.5,2.3,42,,,,,,,
2026-08-01 04:30,2026-08-01 06:30,5,2026-08-02 06:00,2026-08-02 08:00,25.5,meteoswiss_ch1,torbole,Terrazza Ponale,4.9,1.6,346,,,,,,,
2026-08-01 04:30,2026-08-01 06:30,5,2026-08-02 07:00,2026-08-02 09:00,26.5,meteoswiss_ch1,torbole,Terrazza Ponale,4.1,1.7,339,,,,,,,
2026-08-01 04:30,2026-08-01 06:30,5,2026-08-02 08:00,2026-08-02 10:00,27.5,meteoswiss_ch1,torbole,Terrazza Ponale,5.2,2.2,80,,,,,,,
2026-08-01 04:30,2026-08-01 06:30,5,2026-08-02 09:00,2026-08-02 11:00,28.5,meteoswiss_ch1,torbole,Terrazza Ponale,8.0,3.5,96,,,,,,,
2026-08-01 04:30,2026-08-01 06:30,5,2026-08-02 10:00,2026-08-02 12:00,29.5,meteoswiss_ch1,torbole,Terrazza Ponale,,,,,,,,,,
2026-08-01 04:30,2026-08-01 06:30,5,2026-08-02 11:00,2026-08-02 13:00,30.5,meteoswiss_ch1,torbole,Terrazza Ponale,,,,,,,,,,
2026-08-01 04:30,2026-08-01 06:30,5,2026-08-02 12:00,2026-08-02 14:00,31.5,meteoswiss_ch1,torbole,Terrazza Ponale,,,,,,,,,,
2026-08-01 04:30,2026-08-01 06:30,5,2026-08-02 13:00,2026-08-02 15:00,32.5,meteoswiss_ch1,torbole,Terrazza Ponale,,,,,,,,,,
2026-08-01 04:30,2026-08-01 06:30,5,2026-08-02 14:00,2026-08-02 16:00,33.5,meteoswiss_ch1,torbole,Terrazza Ponale,,,,,,,,,,
2026-08-01 04:30,2026-08-01 06:30,5,2026-08-02 15:00,2026-08-02 17:00,34.5,meteoswiss_ch1,torbole,Terrazza Ponale,,,,,,,,,,
2026-08-01 04:30,2026-08-01 06:30,5,2026-08-02 16:00,2026-08-02 18:00,35.5,meteoswiss_ch1,torbole,Terrazza Ponale,,,,,,,,,,
2026-08-01 04:30,2026-08-01 06:30,5,2026-08-02 17:00,2026-08-02 19:00,36.5,meteoswiss_ch1,torbole,Terrazza Ponale,,,,,,,,,,
2026-08-01 04:30,2026-08-01 06:30,5,2026-08-02 18:00,2026-08-02 20:00,37.5,meteoswiss_ch1,torbole,Terrazza Ponale,,,,,,,,,,
2026-08-01 04:30,2026-08-01 06:30,5,2026-08-02 19:00,2026-08-02 21:00,38.5,meteoswiss_ch1,torbole,Terrazza Ponale,,,,,,,,,,
2026-08-01 04:30,2026-08-01 06:30,5,2026-08-02 20:00,2026-08-02 22:00,39.5,meteoswiss_ch1,torbole,Terrazza Ponale,,,,,,,,,,
2026-08-01 04:30,2026-08-01 06:30,5,2026-08-02 21:00,2026-08-02 23:00,40.5,meteoswiss_ch1,torbole,Terrazza Ponale,,,,,,,,,,
2026-08-01 04:30,2026-08-01 06:30,5,2026-08-02 22:00,2026-08-03 00:00,41.5,meteoswiss_ch1,torbole,Terrazza Ponale,,,,,,,,,,
2026-08-01 04:30,2026-08-01 06:30,5,2026-08-02 23:00,2026-08-03 01:00,42.5,meteoswiss_ch1,torbole,Terrazza Ponale,,,,,,,,,,
2026-08-01 04:31,2026-08-01 06:31,5,2026-08-01 05:00,2026-08-01 07:00,0.5,condizioni,malcesine,,,,,,,,24.9,9,0.0,1
2026-08-01 04:31,2026-08-01 06:31,5,2026-08-01 06:00,2026-08-01 08:00,1.5,condizioni,malcesine,,,,,,,,25.2,0,0.0,0
2026-08-01 04:31,2026-08-01 06:31,5,2026-08-01 07:00,2026-08-01 09:00,2.5,condizioni,malcesine,,,,,,,,27.4,0,0.0,0
2026-08-01 04:31,2026-08-01 06:31,5,2026-08-01 08:00,2026-08-01 10:00,3.5,condizioni,malcesine,,,,,,,,28.5,0,0.0,0
2026-08-01 04:31,2026-08-01 06:31,5,2026-08-01 09:00,2026-08-01 11:00,4.5,condizioni,malcesine,,,,,,,,29.6,0,0.0,0
2026-08-01 04:31,2026-08-01 06:31,5,2026-08-01 10:00,2026-08-01 12:00,5.5,condizioni,malcesine,,,,,,,,31.0,0,0.0,1
2026-08-01 04:31,2026-08-01 06:31,5,2026-08-01 11:00,2026-08-01 13:00,6.5,condizioni,malcesine,,,,,,,,32.3,0,0.0,1
2026-08-01 04:31,2026-08-01 06:31,5,2026-08-01 12:00,2026-08-01 14:00,7.5,condizioni,malcesine,,,,,,,,33.2,0,0.0,0
2026-08-01 04:31,2026-08-01 06:31,5,2026-08-01 13:00,2026-08-01 15:00,8.5,condizioni,malcesine,,,,,,,,34.0,0,0.0,0
2026-08-01 04:31,2026-08-01 06:31,5,2026-08-01 14:00,2026-08-01 16:00,9.5,condizioni,malcesine,,,,,,,,34.1,0,0.0,0
2026-08-01 04:31,2026-08-01 06:31,5,2026-08-01 15:00,2026-08-01 17:00,10.5,condizioni,malcesine,,,,,,,,34.7,0,0.0,1
2026-08-01 04:31,2026-08-01 06:31,5,2026-08-01 16:00,2026-08-01 18:00,11.5,condizioni,malcesine,,,,,,,,33.6,0,0.0,3
2026-08-01 04:31,2026-08-01 06:31,5,2026-08-01 17:00,2026-08-01 19:00,12.5,condizioni,malcesine,,,,,,,,32.5,9,0.0,3
2026-08-01 04:31,2026-08-01 06:31,5,2026-08-01 18:00,2026-08-01 20:00,13.5,condizioni,malcesine,,,,,,,,31.2,18,0.0,0
2026-08-01 04:31,2026-08-01 06:31,5,2026-08-01 19:00,2026-08-01 21:00,14.5,condizioni,malcesine,,,,,,,,30.0,18,0.0,3
2026-08-01 04:31,2026-08-01 06:31,5,2026-08-01 20:00,2026-08-01 22:00,15.5,condizioni,malcesine,,,,,,,,29.3,0,0.0,3
2026-08-01 04:31,2026-08-01 06:31,5,2026-08-01 21:00,2026-08-01 23:00,16.5,condizioni,malcesine,,,,,,,,27.2,9,0.4,51
2026-08-01 04:31,2026-08-01 06:31,5,2026-08-01 22:00,2026-08-02 00:00,17.5,condizioni,malcesine,,,,,,,,26.9,0,0.0,3
2026-08-01 04:31,2026-08-01 06:31,5,2026-08-01 23:00,2026-08-02 01:00,18.5,condizioni,malcesine,,,,,,,,26.5,0,0.0,3
2026-08-01 04:31,2026-08-01 06:31,5,2026-08-02 00:00,2026-08-02 02:00,19.5,condizioni,malcesine,,,,,,,,23.5,9,7.5,63
2026-08-01 04:31,2026-08-01 06:31,5,2026-08-02 01:00,2026-08-02 03:00,20.5,condizioni,malcesine,,,,,,,,23.2,9,4.8,63
2026-08-01 04:31,2026-08-01 06:31,5,2026-08-02 02:00,2026-08-02 04:00,21.5,condizioni,malcesine,,,,,,,,23.8,9,5.9,63
2026-08-01 04:31,2026-08-01 06:31,5,2026-08-02 03:00,2026-08-02 05:00,22.5,condizioni,malcesine,,,,,,,,22.9,18,10.3,65
2026-08-01 04:31,2026-08-01 06:31,5,2026-08-02 04:00,2026-08-02 06:00,23.5,condizioni,malcesine,,,,,,,,23.6,18,1.0,55
2026-08-01 04:31,2026-08-01 06:31,5,2026-08-02 05:00,2026-08-02 07:00,24.5,condizioni,malcesine,,,,,,,,24.7,0,0.0,3
2026-08-01 04:31,2026-08-01 06:31,5,2026-08-02 06:00,2026-08-02 08:00,25.5,condizioni,malcesine,,,,,,,,24.3,9,0.4,51
2026-08-01 04:31,2026-08-01 06:31,5,2026-08-02 07:00,2026-08-02 09:00,26.5,condizioni,malcesine,,,,,,,,23.8,9,1.4,61
2026-08-01 04:31,2026-08-01 06:31,5,2026-08-02 08:00,2026-08-02 10:00,27.5,condizioni,malcesine,,,,,,,,24.3,9,0.9,53
2026-08-01 04:31,2026-08-01 06:31,5,2026-08-02 09:00,2026-08-02 11:00,28.5,condizioni,malcesine,,,,,,,,25.1,0,0.0,3
2026-08-01 04:31,2026-08-01 06:31,5,2026-08-02 10:00,2026-08-02 12:00,29.5,condizioni,malcesine,,,,,,,,,,,
2026-08-01 04:31,2026-08-01 06:31,5,2026-08-02 11:00,2026-08-02 13:00,30.5,condizioni,malcesine,,,,,,,,,,,
2026-08-01 04:31,2026-08-01 06:31,5,2026-08-02 12:00,2026-08-02 14:00,31.5,condizioni,malcesine,,,,,,,,,,,
2026-08-01 04:31,2026-08-01 06:31,5,2026-08-02 13:00,2026-08-02 15:00,32.5,condizioni,malcesine,,,,,,,,,,,
2026-08-01 04:31,2026-08-01 06:31,5,2026-08-02 14:00,2026-08-02 16:00,33.5,condizioni,malcesine,,,,,,,,,,,
2026-08-01 04:31,2026-08-01 06:31,5,2026-08-02 15:00,2026-08-02 17:00,34.5,condizioni,malcesine,,,,,,,,,,,
2026-08-01 04:31,2026-08-01 06:31,5,2026-08-02 16:00,2026-08-02 18:00,35.5,condizioni,malcesine,,,,,,,,,,,
2026-08-01 04:31,2026-08-01 06:31,5,2026-08-02 17:00,2026-08-02 19:00,36.5,condizioni,malcesine,,,,,,,,,,,
2026-08-01 04:31,2026-08-01 06:31,5,2026-08-02 18:00,2026-08-02 20:00,37.5,condizioni,malcesine,,,,,,,,,,,
2026-08-01 04:31,2026-08-01 06:31,5,2026-08-02 19:00,2026-08-02 21:00,38.5,condizioni,malcesine,,,,,,,,,,,
2026-08-01 04:31,2026-08-01 06:31,5,2026-08-02 20:00,2026-08-02 22:00,39.5,condizioni,malcesine,,,,,,,,,,,
2026-08-01 04:31,2026-08-01 06:31,5,2026-08-02 21:00,2026-08-02 23:00,40.5,condizioni,malcesine,,,,,,,,,,,
2026-08-01 04:31,2026-08-01 06:31,5,2026-08-02 22:00,2026-08-03 00:00,41.5,condizioni,malcesine,,,,,,,,,,,
2026-08-01 04:31,2026-08-01 06:31,5,2026-08-02 23:00,2026-08-03 01:00,42.5,condizioni,malcesine,,,,,,,,,,,
2026-08-01 04:31,2026-08-01 06:31,5,2026-08-03 00:00,2026-08-03 02:00,43.5,condizioni,malcesine,,,,,,,,28.3,0,0.0,1
2026-08-01 04:31,2026-08-01 06:31,5,2026-08-03 01:00,2026-08-03 03:00,44.5,condizioni,malcesine,,,,,,,,27.8,0,0.0,1
2026-08-01 04:31,2026-08-01 06:31,5,2026-08-03 02:00,2026-08-03 04:00,45.5,condizioni,malcesine,,,,,,,,27.1,0,0.0,1
2026-08-01 04:31,2026-08-01 06:31,5,2026-08-03 03:00,2026-08-03 05:00,46.5,condizioni,malcesine,,,,,,,,26.4,0,0.0,3
2026-08-01 04:31,2026-08-01 06:31,5,2026-08-03 04:00,2026-08-03 06:00,47.5,condizioni,malcesine,,,,,,,,25.6,0,0.0,1
2026-08-01 04:31,2026-08-01 06:31,5,2026-08-01 05:00,2026-08-01 07:00,0.5,meteoswiss_ch1,malcesine,Campione,17.3,8.6,13,,,,,,,
2026-08-01 04:31,2026-08-01 06:31,5,2026-08-01 06:00,2026-08-01 08:00,1.5,meteoswiss_ch1,malcesine,Campione,18.3,6.3,16,,,,,,,
2026-08-01 04:31,2026-08-01 06:31,5,2026-08-01 07:00,2026-08-01 09:00,2.5,meteoswiss_ch1,malcesine,Campione,11.3,5.8,15,,,,,,,
2026-08-01 04:31,2026-08-01 06:31,5,2026-08-01 08:00,2026-08-01 10:00,3.5,meteoswiss_ch1,malcesine,Campione,14.8,7.6,18,,,,,,,
2026-08-01 04:31,2026-08-01 06:31,5,2026-08-01 09:00,2026-08-01 11:00,4.5,meteoswiss_ch1,malcesine,Campione,15.8,8.0,23,,,,,,,
2026-08-01 04:31,2026-08-01 06:31,5,2026-08-01 10:00,2026-08-01 12:00,5.5,meteoswiss_ch1,malcesine,Campione,15.8,7.4,18,,,,,,,
2026-08-01 04:31,2026-08-01 06:31,5,2026-08-01 11:00,2026-08-01 13:00,6.5,meteoswiss_ch1,malcesine,Campione,14.6,6.6,5,,,,,,,
2026-08-01 04:31,2026-08-01 06:31,5,2026-08-01 12:00,2026-08-01 14:00,7.5,meteoswiss_ch1,malcesine,Campione,14.0,6.0,360,,,,,,,
2026-08-01 04:31,2026-08-01 06:31,5,2026-08-01 13:00,2026-08-01 15:00,8.5,meteoswiss_ch1,malcesine,Campione,12.4,2.5,302,,,,,,,
2026-08-01 04:31,2026-08-01 06:31,5,2026-08-01 14:00,2026-08-01 16:00,9.5,meteoswiss_ch1,malcesine,Campione,9.1,4.2,248,,,,,,,
2026-08-01 04:31,2026-08-01 06:31,5,2026-08-01 15:00,2026-08-01 17:00,10.5,meteoswiss_ch1,malcesine,Campione,9.5,4.2,233,,,,,,,
2026-08-01 04:31,2026-08-01 06:31,5,2026-08-01 16:00,2026-08-01 18:00,11.5,meteoswiss_ch1,malcesine,Campione,8.7,2.1,197,,,,,,,
2026-08-01 04:31,2026-08-01 06:31,5,2026-08-01 17:00,2026-08-01 19:00,12.5,meteoswiss_ch1,malcesine,Campione,4.6,2.3,31,,,,,,,
2026-08-01 04:31,2026-08-01 06:31,5,2026-08-01 18:00,2026-08-01 20:00,13.5,meteoswiss_ch1,malcesine,Campione,8.5,3.2,33,,,,,,,
2026-08-01 04:31,2026-08-01 06:31,5,2026-08-01 19:00,2026-08-01 21:00,14.5,meteoswiss_ch1,malcesine,Campione,8.7,4.8,122,,,,,,,
2026-08-01 04:31,2026-08-01 06:31,5,2026-08-01 20:00,2026-08-01 22:00,15.5,meteoswiss_ch1,malcesine,Campione,8.4,1.7,36,,,,,,,
2026-08-01 04:31,2026-08-01 06:31,5,2026-08-01 21:00,2026-08-01 23:00,16.5,meteoswiss_ch1,malcesine,Campione,16.7,3.6,319,,,,,,,
2026-08-01 04:31,2026-08-01 06:31,5,2026-08-01 22:00,2026-08-02 00:00,17.5,meteoswiss_ch1,malcesine,Campione,15.6,7.9,57,,,,,,,
2026-08-01 04:31,2026-08-01 06:31,5,2026-08-01 23:00,2026-08-02 01:00,18.5,meteoswiss_ch1,malcesine,Campione,14.2,2.8,8,,,,,,,
2026-08-01 04:31,2026-08-01 06:31,5,2026-08-02 00:00,2026-08-02 02:00,19.5,meteoswiss_ch1,malcesine,Campione,13.8,2.3,31,,,,,,,
2026-08-01 04:31,2026-08-01 06:31,5,2026-08-02 01:00,2026-08-02 03:00,20.5,meteoswiss_ch1,malcesine,Campione,16.3,3.3,315,,,,,,,
2026-08-01 04:31,2026-08-01 06:31,5,2026-08-02 02:00,2026-08-02 04:00,21.5,meteoswiss_ch1,malcesine,Campione,14.8,4.8,159,,,,,,,
2026-08-01 04:31,2026-08-01 06:31,5,2026-08-02 03:00,2026-08-02 05:00,22.5,meteoswiss_ch1,malcesine,Campione,15.3,5.3,17,,,,,,,
2026-08-01 04:31,2026-08-01 06:31,5,2026-08-02 04:00,2026-08-02 06:00,23.5,meteoswiss_ch1,malcesine,Campione,13.2,6.7,26,,,,,,,
2026-08-01 04:31,2026-08-01 06:31,5,2026-08-02 05:00,2026-08-02 07:00,24.5,meteoswiss_ch1,malcesine,Campione,12.0,4.1,25,,,,,,,
2026-08-01 04:31,2026-08-01 06:31,5,2026-08-02 06:00,2026-08-02 08:00,25.5,meteoswiss_ch1,malcesine,Campione,8.4,3.4,24,,,,,,,
2026-08-01 04:31,2026-08-01 06:31,5,2026-08-02 07:00,2026-08-02 09:00,26.5,meteoswiss_ch1,malcesine,Campione,10.3,5.7,16,,,,,,,
2026-08-01 04:31,2026-08-01 06:31,5,2026-08-02 08:00,2026-08-02 10:00,27.5,meteoswiss_ch1,malcesine,Campione,12.4,6.7,17,,,,,,,
2026-08-01 04:31,2026-08-01 06:31,5,2026-08-02 09:00,2026-08-02 11:00,28.5,meteoswiss_ch1,malcesine,Campione,14.0,6.4,23,,,,,,,
2026-08-01 04:31,2026-08-01 06:31,5,2026-08-02 10:00,2026-08-02 12:00,29.5,meteoswiss_ch1,malcesine,Campione,,,,,,,,,,
2026-08-01 04:31,2026-08-01 06:31,5,2026-08-02 11:00,2026-08-02 13:00,30.5,meteoswiss_ch1,malcesine,Campione,,,,,,,,,,
2026-08-01 04:31,2026-08-01 06:31,5,2026-08-02 12:00,2026-08-02 14:00,31.5,meteoswiss_ch1,malcesine,Campione,,,,,,,,,,
2026-08-01 04:31,2026-08-01 06:31,5,2026-08-02 13:00,2026-08-02 15:00,32.5,meteoswiss_ch1,malcesine,Campione,,,,,,,,,,
2026-08-01 04:31,2026-08-01 06:31,5,2026-08-02 14:00,2026-08-02 16:00,33.5,meteoswiss_ch1,malcesine,Campione,,,,,,,,,,
2026-08-01 04:31,2026-08-01 06:31,5,2026-08-02 15:00,2026-08-02 17:00,34.5,meteoswiss_ch1,malcesine,Campione,,,,,,,,,,
2026-08-01 04:31,2026-08-01 06:31,5,2026-08-02 16:00,2026-08-02 18:00,35.5,meteoswiss_ch1,malcesine,Campione,,,,,,,,,,
2026-08-01 04:31,2026-08-01 06:31,5,2026-08-02 17:00,2026-08-02 19:00,36.5,meteoswiss_ch1,malcesine,Campione,,,,,,,,,,
2026-08-01 04:31,2026-08-01 06:31,5,2026-08-02 18:00,2026-08-02 20:00,37.5,meteoswiss_ch1,malcesine,Campione,,,,,,,,,,
2026-08-01 04:31,2026-08-01 06:31,5,2026-08-02 19:00,2026-08-02 21:00,38.5,meteoswiss_ch1,malcesine,Campione,,,,,,,,,,
2026-08-01 04:31,2026-08-01 06:31,5,2026-08-02 20:00,2026-08-02 22:00,39.5,meteoswiss_ch1,malcesine,Campione,,,,,,,,,,
2026-08-01 04:31,2026-08-01 06:31,5,2026-08-02 21:00,2026-08-02 23:00,40.5,meteoswiss_ch1,malcesine,Campione,,,,,,,,,,
2026-08-01 04:31,2026-08-01 06:31,5,2026-08-02 22:00,2026-08-03 00:00,41.5,meteoswiss_ch1,malcesine,Campione,,,,,,,,,,
2026-08-01 04:31,2026-08-01 06:31,5,2026-08-02 23:00,2026-08-03 01:00,42.5,meteoswiss_ch1,malcesine,Campione,,,,,,,,,,
2026-08-01 04:31,2026-08-01 06:31,5,2026-08-01 05:00,2026-08-01 07:00,0.5,meteoswiss_ch1,malcesine,Limone,9.9,3.7,321,,,,,,,
2026-08-01 04:31,2026-08-01 06:31,5,2026-08-01 06:00,2026-08-01 08:00,1.5,meteoswiss_ch1,malcesine,Limone,6.6,3.9,84,,,,,,,
2026-08-01 04:31,2026-08-01 06:31,5,2026-08-01 07:00,2026-08-01 09:00,2.5,meteoswiss_ch1,malcesine,Limone,9.0,4.8,69,,,,,,,
2026-08-01 04:31,2026-08-01 06:31,5,2026-08-01 08:00,2026-08-01 10:00,3.5,meteoswiss_ch1,malcesine,Limone,10.3,5.7,66,,,,,,,
2026-08-01 04:31,2026-08-01 06:31,5,2026-08-01 09:00,2026-08-01 11:00,4.5,meteoswiss_ch1,malcesine,Limone,11.9,6.5,67,,,,,,,
2026-08-01 04:31,2026-08-01 06:31,5,2026-08-01 10:00,2026-08-01 12:00,5.5,meteoswiss_ch1,malcesine,Limone,12.0,6.3,68,,,,,,,
2026-08-01 04:31,2026-08-01 06:31,5,2026-08-01 11:00,2026-08-01 13:00,6.5,meteoswiss_ch1,malcesine,Limone,11.3,4.8,69,,,,,,,
2026-08-01 04:31,2026-08-01 06:31,5,2026-08-01 12:00,2026-08-01 14:00,7.5,meteoswiss_ch1,malcesine,Limone,9.3,4.4,69,,,,,,,
2026-08-01 04:31,2026-08-01 06:31,5,2026-08-01 13:00,2026-08-01 15:00,8.5,meteoswiss_ch1,malcesine,Limone,8.4,2.5,86,,,,,,,
2026-08-01 04:31,2026-08-01 06:31,5,2026-08-01 14:00,2026-08-01 16:00,9.5,meteoswiss_ch1,malcesine,Limone,7.4,3.4,167,,,,,,,
2026-08-01 04:31,2026-08-01 06:31,5,2026-08-01 15:00,2026-08-01 17:00,10.5,meteoswiss_ch1,malcesine,Limone,6.8,1.1,149,,,,,,,
2026-08-01 04:31,2026-08-01 06:31,5,2026-08-01 16:00,2026-08-01 18:00,11.5,meteoswiss_ch1,malcesine,Limone,3.1,1.7,45,,,,,,,
2026-08-01 04:31,2026-08-01 06:31,5,2026-08-01 17:00,2026-08-01 19:00,12.5,meteoswiss_ch1,malcesine,Limone,4.6,2.9,360,,,,,,,
2026-08-01 04:31,2026-08-01 06:31,5,2026-08-01 18:00,2026-08-01 20:00,13.5,meteoswiss_ch1,malcesine,Limone,10.5,6.4,305,,,,,,,
2026-08-01 04:31,2026-08-01 06:31,5,2026-08-01 19:00,2026-08-01 21:00,14.5,meteoswiss_ch1,malcesine,Limone,12.4,7.6,299,,,,,,,
2026-08-01 04:31,2026-08-01 06:31,5,2026-08-01 20:00,2026-08-01 22:00,15.5,meteoswiss_ch1,malcesine,Limone,12.3,4.6,285,,,,,,,
2026-08-01 04:31,2026-08-01 06:31,5,2026-08-01 21:00,2026-08-01 23:00,16.5,meteoswiss_ch1,malcesine,Limone,19.4,4.4,52,,,,,,,
2026-08-01 04:31,2026-08-01 06:31,5,2026-08-01 22:00,2026-08-02 00:00,17.5,meteoswiss_ch1,malcesine,Limone,25.6,13.0,309,,,,,,,
2026-08-01 04:31,2026-08-01 06:31,5,2026-08-01 23:00,2026-08-02 01:00,18.5,meteoswiss_ch1,malcesine,Limone,22.4,7.1,287,,,,,,,
2026-08-01 04:31,2026-08-01 06:31,5,2026-08-02 00:00,2026-08-02 02:00,19.5,meteoswiss_ch1,malcesine,Limone,16.1,5.7,311,,,,,,,
2026-08-01 04:31,2026-08-01 06:31,5,2026-08-02 01:00,2026-08-02 03:00,20.5,meteoswiss_ch1,malcesine,Limone,14.8,2.8,8,,,,,,,
2026-08-01 04:31,2026-08-01 06:31,5,2026-08-02 02:00,2026-08-02 04:00,21.5,meteoswiss_ch1,malcesine,Limone,7.8,3.6,261,,,,,,,
2026-08-01 04:31,2026-08-01 06:31,5,2026-08-02 03:00,2026-08-02 05:00,22.5,meteoswiss_ch1,malcesine,Limone,8.7,4.7,315,,,,,,,
2026-08-01 04:31,2026-08-01 06:31,5,2026-08-02 04:00,2026-08-02 06:00,23.5,meteoswiss_ch1,malcesine,Limone,8.5,3.9,290,,,,,,,
2026-08-01 04:31,2026-08-01 06:31,5,2026-08-02 05:00,2026-08-02 07:00,24.5,meteoswiss_ch1,malcesine,Limone,7.8,1.3,8,,,,,,,
2026-08-01 04:31,2026-08-01 06:31,5,2026-08-02 06:00,2026-08-02 08:00,25.5,meteoswiss_ch1,malcesine,Limone,1.9,0.4,297,,,,,,,
2026-08-01 04:31,2026-08-01 06:31,5,2026-08-02 07:00,2026-08-02 09:00,26.5,meteoswiss_ch1,malcesine,Limone,6.0,1.3,172,,,,,,,
2026-08-01 04:31,2026-08-01 06:31,5,2026-08-02 08:00,2026-08-02 10:00,27.5,meteoswiss_ch1,malcesine,Limone,4.6,1.4,16,,,,,,,
2026-08-01 04:31,2026-08-01 06:31,5,2026-08-02 09:00,2026-08-02 11:00,28.5,meteoswiss_ch1,malcesine,Limone,7.0,4.0,47,,,,,,,
2026-08-01 04:31,2026-08-01 06:31,5,2026-08-02 10:00,2026-08-02 12:00,29.5,meteoswiss_ch1,malcesine,Limone,,,,,,,,,,
2026-08-01 04:31,2026-08-01 06:31,5,2026-08-02 11:00,2026-08-02 13:00,30.5,meteoswiss_ch1,malcesine,Limone,,,,,,,,,,
2026-08-01 04:31,2026-08-01 06:31,5,2026-08-02 12:00,2026-08-02 14:00,31.5,meteoswiss_ch1,malcesine,Limone,,,,,,,,,,
2026-08-01 04:31,2026-08-01 06:31,5,2026-08-02 13:00,2026-08-02 15:00,32.5,meteoswiss_ch1,malcesine,Limone,,,,,,,,,,
2026-08-01 04:31,2026-08-01 06:31,5,2026-08-02 14:00,2026-08-02 16:00,33.5,meteoswiss_ch1,malcesine,Limone,,,,,,,,,,
2026-08-01 04:31,2026-08-01 06:31,5,2026-08-02 15:00,2026-08-02 17:00,34.5,meteoswiss_ch1,malcesine,Limone,,,,,,,,,,
2026-08-01 04:31,2026-08-01 06:31,5,2026-08-02 16:00,2026-08-02 18:00,35.5,meteoswiss_ch1,malcesine,Limone,,,,,,,,,,
2026-08-01 04:31,2026-08-01 06:31,5,2026-08-02 17:00,2026-08-02 19:00,36.5,meteoswiss_ch1,malcesine,Limone,,,,,,,,,,
2026-08-01 04:31,2026-08-01 06:31,5,2026-08-02 18:00,2026-08-02 20:00,37.5,meteoswiss_ch1,malcesine,Limone,,,,,,,,,,
2026-08-01 04:31,2026-08-01 06:31,5,2026-08-02 19:00,2026-08-02 21:00,38.5,meteoswiss_ch1,malcesine,Limone,,,,,,,,,,
2026-08-01 04:31,2026-08-01 06:31,5,2026-08-02 20:00,2026-08-02 22:00,39.5,meteoswiss_ch1,malcesine,Limone,,,,,,,,,,
2026-08-01 04:31,2026-08-01 06:31,5,2026-08-02 21:00,2026-08-02 23:00,40.5,meteoswiss_ch1,malcesine,Limone,,,,,,,,,,
2026-08-01 04:31,2026-08-01 06:31,5,2026-08-02 22:00,2026-08-03 00:00,41.5,meteoswiss_ch1,malcesine,Limone,,,,,,,,,,
2026-08-01 04:31,2026-08-01 06:31,5,2026-08-02 23:00,2026-08-03 01:00,42.5,meteoswiss_ch1,malcesine,Limone,,,,,,,,,,
2026-08-01 04:31,2026-08-01 06:31,5,2026-08-01 05:00,2026-08-01 07:00,0.5,meteoswiss_ch1,malcesine,Navene,27.2,8.2,22,,,,,,,
2026-08-01 04:31,2026-08-01 06:31,5,2026-08-01 06:00,2026-08-01 08:00,1.5,meteoswiss_ch1,malcesine,Navene,21.4,9.0,33,,,,,,,
2026-08-01 04:31,2026-08-01 06:31,5,2026-08-01 07:00,2026-08-01 09:00,2.5,meteoswiss_ch1,malcesine,Navene,19.8,8.3,37,,,,,,,
2026-08-01 04:31,2026-08-01 06:31,5,2026-08-01 08:00,2026-08-01 10:00,3.5,meteoswiss_ch1,malcesine,Navene,20.2,9.0,24,,,,,,,
2026-08-01 04:31,2026-08-01 06:31,5,2026-08-01 09:00,2026-08-01 11:00,4.5,meteoswiss_ch1,malcesine,Navene,20.8,9.3,23,,,,,,,
2026-08-01 04:31,2026-08-01 06:31,5,2026-08-01 10:00,2026-08-01 12:00,5.5,meteoswiss_ch1,malcesine,Navene,20.8,8.4,23,,,,,,,
2026-08-01 04:31,2026-08-01 06:31,5,2026-08-01 11:00,2026-08-01 13:00,6.5,meteoswiss_ch1,malcesine,Navene,19.2,6.3,9,,,,,,,
2026-08-01 04:31,2026-08-01 06:31,5,2026-08-01 12:00,2026-08-01 14:00,7.5,meteoswiss_ch1,malcesine,Navene,15.9,5.8,348,,,,,,,
2026-08-01 04:31,2026-08-01 06:31,5,2026-08-01 13:00,2026-08-01 15:00,8.5,meteoswiss_ch1,malcesine,Navene,14.0,4.3,294,,,,,,,
2026-08-01 04:31,2026-08-01 06:31,5,2026-08-01 14:00,2026-08-01 16:00,9.5,meteoswiss_ch1,malcesine,Navene,14.0,5.6,241,,,,,,,
2026-08-01 04:31,2026-08-01 06:31,5,2026-08-01 15:00,2026-08-01 17:00,10.5,meteoswiss_ch1,malcesine,Navene,15.0,5.8,225,,,,,,,
2026-08-01 04:31,2026-08-01 06:31,5,2026-08-01 16:00,2026-08-01 18:00,11.5,meteoswiss_ch1,malcesine,Navene,14.2,2.5,203,,,,,,,
2026-08-01 04:31,2026-08-01 06:31,5,2026-08-01 17:00,2026-08-01 19:00,12.5,meteoswiss_ch1,malcesine,Navene,8.4,3.3,357,,,,,,,
2026-08-01 04:31,2026-08-01 06:31,5,2026-08-01 18:00,2026-08-01 20:00,13.5,meteoswiss_ch1,malcesine,Navene,12.9,5.5,18,,,,,,,
2026-08-01 04:31,2026-08-01 06:31,5,2026-08-01 19:00,2026-08-01 21:00,14.5,meteoswiss_ch1,malcesine,Navene,11.9,5.1,99,,,,,,,
2026-08-01 04:31,2026-08-01 06:31,5,2026-08-01 20:00,2026-08-01 22:00,15.5,meteoswiss_ch1,malcesine,Navene,12.9,5.0,48,,,,,,,
2026-08-01 04:31,2026-08-01 06:31,5,2026-08-01 21:00,2026-08-01 23:00,16.5,meteoswiss_ch1,malcesine,Navene,35.4,2.2,135,,,,,,,
2026-08-01 04:31,2026-08-01 06:31,5,2026-08-01 22:00,2026-08-02 00:00,17.5,meteoswiss_ch1,malcesine,Navene,20.0,7.1,55,,,,,,,
2026-08-01 04:31,2026-08-01 06:31,5,2026-08-01 23:00,2026-08-02 01:00,18.5,meteoswiss_ch1,malcesine,Navene,16.3,4.8,40,,,,,,,
2026-08-01 04:31,2026-08-01 06:31,5,2026-08-02 00:00,2026-08-02 02:00,19.5,meteoswiss_ch1,malcesine,Navene,14.6,7.1,68,,,,,,,
2026-08-01 04:31,2026-08-01 06:31,5,2026-08-02 01:00,2026-08-02 03:00,20.5,meteoswiss_ch1,malcesine,Navene,15.8,2.9,352,,,,,,,
2026-08-01 04:31,2026-08-01 06:31,5,2026-08-02 02:00,2026-08-02 04:00,21.5,meteoswiss_ch1,malcesine,Navene,14.6,5.2,141,,,,,,,
2026-08-01 04:31,2026-08-01 06:31,5,2026-08-02 03:00,2026-08-02 05:00,22.5,meteoswiss_ch1,malcesine,Navene,24.1,3.8,21,,,,,,,
2026-08-01 04:31,2026-08-01 06:31,5,2026-08-02 04:00,2026-08-02 06:00,23.5,meteoswiss_ch1,malcesine,Navene,13.0,6.4,25,,,,,,,
2026-08-01 04:31,2026-08-01 06:31,5,2026-08-02 05:00,2026-08-02 07:00,24.5,meteoswiss_ch1,malcesine,Navene,14.4,5.9,46,,,,,,,
2026-08-01 04:31,2026-08-01 06:31,5,2026-08-02 06:00,2026-08-02 08:00,25.5,meteoswiss_ch1,malcesine,Navene,12.0,4.2,41,,,,,,,
2026-08-01 04:31,2026-08-01 06:31,5,2026-08-02 07:00,2026-08-02 09:00,26.5,meteoswiss_ch1,malcesine,Navene,10.5,4.3,39,,,,,,,
2026-08-01 04:31,2026-08-01 06:31,5,2026-08-02 08:00,2026-08-02 10:00,27.5,meteoswiss_ch1,malcesine,Navene,13.0,6.0,21,,,,,,,
2026-08-01 04:31,2026-08-01 06:31,5,2026-08-02 09:00,2026-08-02 11:00,28.5,meteoswiss_ch1,malcesine,Navene,15.3,7.3,17,,,,,,,
2026-08-01 04:31,2026-08-01 06:31,5,2026-08-02 10:00,2026-08-02 12:00,29.5,meteoswiss_ch1,malcesine,Navene,,,,,,,,,,
2026-08-01 04:31,2026-08-01 06:31,5,2026-08-02 11:00,2026-08-02 13:00,30.5,meteoswiss_ch1,malcesine,Navene,,,,,,,,,,
2026-08-01 04:31,2026-08-01 06:31,5,2026-08-02 12:00,2026-08-02 14:00,31.5,meteoswiss_ch1,malcesine,Navene,,,,,,,,,,
2026-08-01 04:31,2026-08-01 06:31,5,2026-08-02 13:00,2026-08-02 15:00,32.5,meteoswiss_ch1,malcesine,Navene,,,,,,,,,,
2026-08-01 04:31,2026-08-01 06:31,5,2026-08-02 14:00,2026-08-02 16:00,33.5,meteoswiss_ch1,malcesine,Navene,,,,,,,,,,
2026-08-01 04:31,2026-08-01 06:31,5,2026-08-02 15:00,2026-08-02 17:00,34.5,meteoswiss_ch1,malcesine,Navene,,,,,,,,,,
2026-08-01 04:31,2026-08-01 06:31,5,2026-08-02 16:00,2026-08-02 18:00,35.5,meteoswiss_ch1,malcesine,Navene,,,,,,,,,,
2026-08-01 04:31,2026-08-01 06:31,5,2026-08-02 17:00,2026-08-02 19:00,36.5,meteoswiss_ch1,malcesine,Navene,,,,,,,,,,
2026-08-01 04:31,2026-08-01 06:31,5,2026-08-02 18:00,2026-08-02 20:00,37.5,meteoswiss_ch1,malcesine,Navene,,,,,,,,,,
2026-08-01 04:31,2026-08-01 06:31,5,2026-08-02 19:00,2026-08-02 21:00,38.5,meteoswiss_ch1,malcesine,Navene,,,,,,,,,,
2026-08-01 04:31,2026-08-01 06:31,5,2026-08-02 20:00,2026-08-02 22:00,39.5,meteoswiss_ch1,malcesine,Navene,,,,,,,,,,
2026-08-01 04:31,2026-08-01 06:31,5,2026-08-02 21:00,2026-08-02 23:00,40.5,meteoswiss_ch1,malcesine,Navene,,,,,,,,,,
2026-08-01 04:31,2026-08-01 06:31,5,2026-08-02 22:00,2026-08-03 00:00,41.5,meteoswiss_ch1,malcesine,Navene,,,,,,,,,,
2026-08-01 04:31,2026-08-01 06:31,5,2026-08-02 23:00,2026-08-03 01:00,42.5,meteoswiss_ch1,malcesine,Navene,,,,,,,,,,
2026-08-01 04:31,2026-08-01 06:31,5,2026-08-01 05:00,2026-08-01 07:00,0.5,meteoswiss_ch1,malcesine,Parcheggione,11.3,2.6,36,,,,,,,
2026-08-01 04:31,2026-08-01 06:31,5,2026-08-01 06:00,2026-08-01 08:00,1.5,meteoswiss_ch1,malcesine,Parcheggione,9.1,2.5,39,,,,,,,
2026-08-01 04:31,2026-08-01 06:31,5,2026-08-01 07:00,2026-08-01 09:00,2.5,meteoswiss_ch1,malcesine,Parcheggione,4.5,1.9,45,,,,,,,
2026-08-01 04:31,2026-08-01 06:31,5,2026-08-01 08:00,2026-08-01 10:00,3.5,meteoswiss_ch1,malcesine,Parcheggione,6.6,3.4,24,,,,,,,
2026-08-01 04:31,2026-08-01 06:31,5,2026-08-01 09:00,2026-08-01 11:00,4.5,meteoswiss_ch1,malcesine,Parcheggione,11.1,5.3,17,,,,,,,
2026-08-01 04:31,2026-08-01 06:31,5,2026-08-01 10:00,2026-08-01 12:00,5.5,meteoswiss_ch1,malcesine,Parcheggione,12.4,5.5,10,,,,,,,
2026-08-01 04:31,2026-08-01 06:31,5,2026-08-01 11:00,2026-08-01 13:00,6.5,meteoswiss_ch1,malcesine,Parcheggione,12.9,5.1,349,,,,,,,
2026-08-01 04:31,2026-08-01 06:31,5,2026-08-01 12:00,2026-08-01 14:00,7.5,meteoswiss_ch1,malcesine,Parcheggione,13.4,5.2,333,,,,,,,
2026-08-01 04:31,2026-08-01 06:31,5,2026-08-01 13:00,2026-08-01 15:00,8.5,meteoswiss_ch1,malcesine,Parcheggione,12.6,3.5,289,,,,,,,
2026-08-01 04:31,2026-08-01 06:31,5,2026-08-01 14:00,2026-08-01 16:00,9.5,meteoswiss_ch1,malcesine,Parcheggione,11.9,4.8,256,,,,,,,
2026-08-01 04:31,2026-08-01 06:31,5,2026-08-01 15:00,2026-08-01 17:00,10.5,meteoswiss_ch1,malcesine,Parcheggione,12.6,4.7,246,,,,,,,
2026-08-01 04:31,2026-08-01 06:31,5,2026-08-01 16:00,2026-08-01 18:00,11.5,meteoswiss_ch1,malcesine,Parcheggione,11.4,2.3,204,,,,,,,
2026-08-01 04:31,2026-08-01 06:31,5,2026-08-01 17:00,2026-08-01 19:00,12.5,meteoswiss_ch1,malcesine,Parcheggione,5.5,1.0,338,,,,,,,
2026-08-01 04:31,2026-08-01 06:31,5,2026-08-01 18:00,2026-08-01 20:00,13.5,meteoswiss_ch1,malcesine,Parcheggione,8.2,2.5,360,,,,,,,
2026-08-01 04:31,2026-08-01 06:31,5,2026-08-01 19:00,2026-08-01 21:00,14.5,meteoswiss_ch1,malcesine,Parcheggione,11.9,5.7,125,,,,,,,
2026-08-01 04:31,2026-08-01 06:31,5,2026-08-01 20:00,2026-08-01 22:00,15.5,meteoswiss_ch1,malcesine,Parcheggione,11.3,1.9,143,,,,,,,
2026-08-01 04:31,2026-08-01 06:31,5,2026-08-01 21:00,2026-08-01 23:00,16.5,meteoswiss_ch1,malcesine,Parcheggione,18.8,2.6,243,,,,,,,
2026-08-01 04:31,2026-08-01 06:31,5,2026-08-01 22:00,2026-08-02 00:00,17.5,meteoswiss_ch1,malcesine,Parcheggione,11.4,4.3,82,,,,,,,
2026-08-01 04:31,2026-08-01 06:31,5,2026-08-01 23:00,2026-08-02 01:00,18.5,meteoswiss_ch1,malcesine,Parcheggione,8.2,1.7,216,,,,,,,
2026-08-01 04:31,2026-08-01 06:31,5,2026-08-02 00:00,2026-08-02 02:00,19.5,meteoswiss_ch1,malcesine,Parcheggione,15.6,5.8,86,,,,,,,
2026-08-01 04:31,2026-08-01 06:31,5,2026-08-02 01:00,2026-08-02 03:00,20.5,meteoswiss_ch1,malcesine,Parcheggione,14.0,2.7,270,,,,,,,
2026-08-01 04:31,2026-08-01 06:31,5,2026-08-02 02:00,2026-08-02 04:00,21.5,meteoswiss_ch1,malcesine,Parcheggione,13.2,6.0,165,,,,,,,
2026-08-01 04:31,2026-08-01 06:31,5,2026-08-02 03:00,2026-08-02 05:00,22.5,meteoswiss_ch1,malcesine,Parcheggione,19.8,1.8,354,,,,,,,
2026-08-01 04:31,2026-08-01 06:31,5,2026-08-02 04:00,2026-08-02 06:00,23.5,meteoswiss_ch1,malcesine,Parcheggione,7.6,3.3,21,,,,,,,
2026-08-01 04:31,2026-08-01 06:31,5,2026-08-02 05:00,2026-08-02 07:00,24.5,meteoswiss_ch1,malcesine,Parcheggione,8.7,2.1,68,,,,,,,
2026-08-01 04:31,2026-08-01 06:31,5,2026-08-02 06:00,2026-08-02 08:00,25.5,meteoswiss_ch1,malcesine,Parcheggione,5.5,0.4,90,,,,,,,
2026-08-01 04:31,2026-08-01 06:31,5,2026-08-02 07:00,2026-08-02 09:00,26.5,meteoswiss_ch1,malcesine,Parcheggione,3.7,1.9,37,,,,,,,
2026-08-01 04:31,2026-08-01 06:31,5,2026-08-02 08:00,2026-08-02 10:00,27.5,meteoswiss_ch1,malcesine,Parcheggione,6.4,2.3,24,,,,,,,
2026-08-01 04:31,2026-08-01 06:31,5,2026-08-02 09:00,2026-08-02 11:00,28.5,meteoswiss_ch1,malcesine,Parcheggione,7.2,2.6,13,,,,,,,
2026-08-01 04:31,2026-08-01 06:31,5,2026-08-02 10:00,2026-08-02 12:00,29.5,meteoswiss_ch1,malcesine,Parcheggione,,,,,,,,,,
2026-08-01 04:31,2026-08-01 06:31,5,2026-08-02 11:00,2026-08-02 13:00,30.5,meteoswiss_ch1,malcesine,Parcheggione,,,,,,,,,,
2026-08-01 04:31,2026-08-01 06:31,5,2026-08-02 12:00,2026-08-02 14:00,31.5,meteoswiss_ch1,malcesine,Parcheggione,,,,,,,,,,
2026-08-01 04:31,2026-08-01 06:31,5,2026-08-02 13:00,2026-08-02 15:00,32.5,meteoswiss_ch1,malcesine,Parcheggione,,,,,,,,,,
2026-08-01 04:31,2026-08-01 06:31,5,2026-08-02 14:00,2026-08-02 16:00,33.5,meteoswiss_ch1,malcesine,Parcheggione,,,,,,,,,,
2026-08-01 04:31,2026-08-01 06:31,5,2026-08-02 15:00,2026-08-02 17:00,34.5,meteoswiss_ch1,malcesine,Parcheggione,,,,,,,,,,
2026-08-01 04:31,2026-08-01 06:31,5,2026-08-02 16:00,2026-08-02 18:00,35.5,meteoswiss_ch1,malcesine,Parcheggione,,,,,,,,,,
2026-08-01 04:31,2026-08-01 06:31,5,2026-08-02 17:00,2026-08-02 19:00,36.5,meteoswiss_ch1,malcesine,Parcheggione,,,,,,,,,,
2026-08-01 04:31,2026-08-01 06:31,5,2026-08-02 18:00,2026-08-02 20:00,37.5,meteoswiss_ch1,malcesine,Parcheggione,,,,,,,,,,
2026-08-01 04:31,2026-08-01 06:31,5,2026-08-02 19:00,2026-08-02 21:00,38.5,meteoswiss_ch1,malcesine,Parcheggione,,,,,,,,,,
2026-08-01 04:31,2026-08-01 06:31,5,2026-08-02 20:00,2026-08-02 22:00,39.5,meteoswiss_ch1,malcesine,Parcheggione,,,,,,,,,,
2026-08-01 04:31,2026-08-01 06:31,5,2026-08-02 21:00,2026-08-02 23:00,40.5,meteoswiss_ch1,malcesine,Parcheggione,,,,,,,,,,
2026-08-01 04:31,2026-08-01 06:31,5,2026-08-02 22:00,2026-08-03 00:00,41.5,meteoswiss_ch1,malcesine,Parcheggione,,,,,,,,,,
2026-08-01 04:31,2026-08-01 06:31,5,2026-08-02 23:00,2026-08-03 01:00,42.5,meteoswiss_ch1,malcesine,Parcheggione,,,,,,,,,,
2026-08-01 06:11,2026-08-01 08:11,2,2026-08-01 07:00,2026-08-01 09:00,0.8,pressione,garda,,,,,-4.5,1017.0,1012.5,,,,
2026-08-01 06:11,2026-08-01 08:11,2,2026-08-01 08:00,2026-08-01 10:00,1.8,pressione,garda,,,,,-3.8,1016.2,1012.4,,,,
2026-08-01 06:11,2026-08-01 08:11,2,2026-08-01 09:00,2026-08-01 11:00,2.8,pressione,garda,,,,,-2.9,1015.3,1012.4,,,,
2026-08-01 06:11,2026-08-01 08:11,2,2026-08-01 10:00,2026-08-01 12:00,3.8,pressione,garda,,,,,-2.4,1014.4,1012.0,,,,
2026-08-01 06:11,2026-08-01 08:11,2,2026-08-01 11:00,2026-08-01 13:00,4.8,pressione,garda,,,,,-1.7,1013.3,1011.6,,,,
2026-08-01 06:11,2026-08-01 08:11,2,2026-08-01 12:00,2026-08-01 14:00,5.8,pressione,garda,,,,,-1.2,1012.4,1011.2,,,,
2026-08-01 06:11,2026-08-01 08:11,2,2026-08-01 13:00,2026-08-01 15:00,6.8,pressione,garda,,,,,-0.8,1011.6,1010.8,,,,
2026-08-01 06:11,2026-08-01 08:11,2,2026-08-01 14:00,2026-08-01 16:00,7.8,pressione,garda,,,,,-1.0,1011.3,1010.3,,,,
2026-08-01 06:11,2026-08-01 08:11,2,2026-08-01 15:00,2026-08-01 17:00,8.8,pressione,garda,,,,,-1.3,1011.1,1009.8,,,,
2026-08-01 06:11,2026-08-01 08:11,2,2026-08-01 16:00,2026-08-01 18:00,9.8,pressione,garda,,,,,-1.7,1011.2,1009.5,,,,
2026-08-01 06:11,2026-08-01 08:11,2,2026-08-01 17:00,2026-08-01 19:00,10.8,pressione,garda,,,,,-2.5,1011.8,1009.3,,,,
2026-08-01 06:11,2026-08-01 08:11,2,2026-08-01 18:00,2026-08-01 20:00,11.8,pressione,garda,,,,,-3.2,1012.6,1009.4,,,,
2026-08-01 06:11,2026-08-01 08:11,2,2026-08-01 19:00,2026-08-01 21:00,12.8,pressione,garda,,,,,-4.2,1013.9,1009.7,,,,
2026-08-01 06:11,2026-08-01 08:11,2,2026-08-01 20:00,2026-08-01 22:00,13.8,pressione,garda,,,,,-4.9,1015.0,1010.1,,,,
2026-08-01 06:11,2026-08-01 08:11,2,2026-08-01 21:00,2026-08-01 23:00,14.8,pressione,garda,,,,,-5.3,1015.9,1010.6,,,,
2026-08-01 06:11,2026-08-01 08:11,2,2026-08-01 22:00,2026-08-02 00:00,15.8,pressione,garda,,,,,-5.6,1016.6,1011.0,,,,
2026-08-01 06:11,2026-08-01 08:11,2,2026-08-01 23:00,2026-08-02 01:00,16.8,pressione,garda,,,,,-5.8,1017.1,1011.3,,,,
2026-08-01 06:11,2026-08-01 08:11,2,2026-08-02 00:00,2026-08-02 02:00,17.8,pressione,garda,,,,,-5.8,1017.2,1011.4,,,,
2026-08-01 06:11,2026-08-01 08:11,2,2026-08-02 01:00,2026-08-02 03:00,18.8,pressione,garda,,,,,-5.6,1017.1,1011.5,,,,
2026-08-01 06:11,2026-08-01 08:11,2,2026-08-02 02:00,2026-08-02 04:00,19.8,pressione,garda,,,,,-5.6,1017.2,1011.6,,,,
2026-08-01 06:11,2026-08-01 08:11,2,2026-08-02 03:00,2026-08-02 05:00,20.8,pressione,garda,,,,,-5.5,1017.0,1011.5,,,,
2026-08-01 06:11,2026-08-01 08:11,2,2026-08-02 04:00,2026-08-02 06:00,21.8,pressione,garda,,,,,-5.3,1017.1,1011.8,,,,
2026-08-01 06:11,2026-08-01 08:11,2,2026-08-02 05:00,2026-08-02 07:00,22.8,pressione,garda,,,,,-4.9,1017.0,1012.1,,,,
2026-08-01 06:11,2026-08-01 08:11,2,2026-08-02 06:00,2026-08-02 08:00,23.8,pressione,garda,,,,,-4.7,1017.1,1012.4,,,,
2026-08-01 06:11,2026-08-01 08:11,2,2026-08-02 07:00,2026-08-02 09:00,24.8,pressione,garda,,,,,-4.5,1017.1,1012.6,,,,
2026-08-01 06:11,2026-08-01 08:11,2,2026-08-02 08:00,2026-08-02 10:00,25.8,pressione,garda,,,,,-4.2,1016.9,1012.7,,,,
2026-08-01 06:11,2026-08-01 08:11,2,2026-08-02 09:00,2026-08-02 11:00,26.8,pressione,garda,,,,,-3.9,1016.7,1012.8,,,,
2026-08-01 06:11,2026-08-01 08:11,2,2026-08-02 10:00,2026-08-02 12:00,27.8,pressione,garda,,,,,-3.4,1016.1,1012.7,,,,
2026-08-01 06:11,2026-08-01 08:11,2,2026-08-02 11:00,2026-08-02 13:00,28.8,pressione,garda,,,,,-2.7,1015.4,1012.7,,,,
2026-08-01 06:11,2026-08-01 08:11,2,2026-08-02 12:00,2026-08-02 14:00,29.8,pressione,garda,,,,,-2.1,1014.5,1012.4,,,,
2026-08-01 06:11,2026-08-01 08:11,2,2026-08-02 13:00,2026-08-02 15:00,30.8,pressione,garda,,,,,-1.8,1013.9,1012.1,,,,
2026-08-01 06:11,2026-08-01 08:11,2,2026-08-02 14:00,2026-08-02 16:00,31.8,pressione,garda,,,,,-1.9,1013.6,1011.7,,,,
2026-08-01 06:11,2026-08-01 08:11,2,2026-08-02 15:00,2026-08-02 17:00,32.8,pressione,garda,,,,,-1.4,1012.9,1011.5,,,,
2026-08-01 06:11,2026-08-01 08:11,2,2026-08-02 16:00,2026-08-02 18:00,33.8,pressione,garda,,,,,-1.7,1012.8,1011.1,,,,
2026-08-01 06:11,2026-08-01 08:11,2,2026-08-02 17:00,2026-08-02 19:00,34.8,pressione,garda,,,,,-2.0,1012.9,1010.9,,,,
2026-08-01 06:11,2026-08-01 08:11,2,2026-08-02 18:00,2026-08-02 20:00,35.8,pressione,garda,,,,,-2.6,1013.5,1010.9,,,,
2026-08-01 06:11,2026-08-01 08:11,2,2026-08-02 19:00,2026-08-02 21:00,36.8,pressione,garda,,,,,-3.3,1014.4,1011.1,,,,
2026-08-01 06:11,2026-08-01 08:11,2,2026-08-02 20:00,2026-08-02 22:00,37.8,pressione,garda,,,,,-3.9,1015.3,1011.4,,,,
2026-08-01 06:11,2026-08-01 08:11,2,2026-08-02 21:00,2026-08-02 23:00,38.8,pressione,garda,,,,,-4.1,1015.9,1011.8,,,,
2026-08-01 06:11,2026-08-01 08:11,2,2026-08-02 22:00,2026-08-03 00:00,39.8,pressione,garda,,,,,-4.2,1016.4,1012.2,,,,
2026-08-01 06:11,2026-08-01 08:11,2,2026-08-02 23:00,2026-08-03 01:00,40.8,pressione,garda,,,,,-4.3,1016.7,1012.4,,,,
2026-08-01 06:11,2026-08-01 08:11,2,2026-08-03 00:00,2026-08-03 02:00,41.8,pressione,garda,,,,,-4.5,1017.2,1012.7,,,,
2026-08-01 06:11,2026-08-01 08:11,2,2026-08-03 01:00,2026-08-03 03:00,42.8,pressione,garda,,,,,-4.3,1017.1,1012.8,,,,
2026-08-01 06:11,2026-08-01 08:11,2,2026-08-03 02:00,2026-08-03 04:00,43.8,pressione,garda,,,,,-4.3,1017.2,1012.9,,,,
2026-08-01 06:11,2026-08-01 08:11,2,2026-08-03 03:00,2026-08-03 05:00,44.8,pressione,garda,,,,,-4.2,1017.2,1013.0,,,,
2026-08-01 06:11,2026-08-01 08:11,2,2026-08-03 04:00,2026-08-03 06:00,45.8,pressione,garda,,,,,-4.4,1017.5,1013.1,,,,
2026-08-01 06:11,2026-08-01 08:11,2,2026-08-03 05:00,2026-08-03 07:00,46.8,pressione,garda,,,,,-4.5,1017.8,1013.3,,,,
2026-08-01 06:11,2026-08-01 08:11,2,2026-08-03 06:00,2026-08-03 08:00,47.8,pressione,garda,,,,,-4.3,1017.9,1013.6,,,,
2026-08-01 06:11,2026-08-01 08:11,2,2026-08-03 07:00,2026-08-03 09:00,48.8,pressione,garda,,,,,-4.0,1017.9,1013.9,,,,
2026-08-01 06:11,2026-08-01 08:11,2,2026-08-03 08:00,2026-08-03 10:00,49.8,pressione,garda,,,,,-3.5,1017.5,1014.0,,,,
2026-08-01 06:11,2026-08-01 08:11,2,2026-08-03 09:00,2026-08-03 11:00,50.8,pressione,garda,,,,,-3.1,1017.1,1014.0,,,,
2026-08-01 06:11,2026-08-01 08:11,2,2026-08-03 10:00,2026-08-03 12:00,51.8,pressione,garda,,,,,-2.2,1016.2,1014.0,,,,
2026-08-01 06:11,2026-08-01 08:11,2,2026-08-03 11:00,2026-08-03 13:00,52.8,pressione,garda,,,,,-1.6,1015.4,1013.8,,,,
2026-08-01 06:11,2026-08-01 08:11,2,2026-08-03 12:00,2026-08-03 14:00,53.8,pressione,garda,,,,,-1.0,1014.7,1013.7,,,,
2026-08-01 06:11,2026-08-01 08:11,2,2026-08-03 13:00,2026-08-03 15:00,54.8,pressione,garda,,,,,-0.6,1014.0,1013.4,,,,
2026-08-01 06:11,2026-08-01 08:11,2,2026-08-03 14:00,2026-08-03 16:00,55.8,pressione,garda,,,,,-0.5,1013.5,1013.0,,,,
2026-08-01 06:11,2026-08-01 08:11,2,2026-08-03 15:00,2026-08-03 17:00,56.8,pressione,garda,,,,,-0.5,1013.1,1012.6,,,,
2026-08-01 06:11,2026-08-01 08:11,2,2026-08-03 16:00,2026-08-03 18:00,57.8,pressione,garda,,,,,-0.7,1013.1,1012.4,,,,
2026-08-01 06:11,2026-08-01 08:11,2,2026-08-03 17:00,2026-08-03 19:00,58.8,pressione,garda,,,,,-1.0,1013.3,1012.3,,,,
2026-08-01 06:11,2026-08-01 08:11,2,2026-08-03 18:00,2026-08-03 20:00,59.8,pressione,garda,,,,,-1.6,1013.6,1012.0,,,,
2026-08-01 06:11,2026-08-01 08:11,2,2026-08-03 19:00,2026-08-03 21:00,60.8,pressione,garda,,,,,-2.0,1014.4,1012.4,,,,
2026-08-01 06:11,2026-08-01 08:11,2,2026-08-03 20:00,2026-08-03 22:00,61.8,pressione,garda,,,,,-2.4,1015.1,1012.7,,,,
2026-08-01 06:11,2026-08-01 08:11,2,2026-08-03 21:00,2026-08-03 23:00,62.8,pressione,garda,,,,,-2.8,1015.8,1013.0,,,,
2026-08-01 06:11,2026-08-01 08:11,2,2026-08-03 22:00,2026-08-04 00:00,63.8,pressione,garda,,,,,-3.1,1016.4,1013.3,,,,
2026-08-01 06:11,2026-08-01 08:11,2,2026-08-03 23:00,2026-08-04 01:00,64.8,pressione,garda,,,,,-3.4,1016.8,1013.4,,,,
2026-08-01 06:11,2026-08-01 08:11,2,2026-08-04 00:00,2026-08-04 02:00,65.8,pressione,garda,,,,,-3.4,1016.9,1013.5,,,,
2026-08-01 06:11,2026-08-01 08:11,2,2026-08-04 01:00,2026-08-04 03:00,66.8,pressione,garda,,,,,-3.4,1017.0,1013.6,,,,
2026-08-01 06:11,2026-08-01 08:11,2,2026-08-04 02:00,2026-08-04 04:00,67.8,pressione,garda,,,,,-3.5,1017.2,1013.7,,,,
2026-08-01 06:11,2026-08-01 08:11,2,2026-08-04 03:00,2026-08-04 05:00,68.8,pressione,garda,,,,,-3.6,1017.4,1013.8,,,,
2026-08-01 06:11,2026-08-01 08:11,2,2026-08-04 04:00,2026-08-04 06:00,69.8,pressione,garda,,,,,-3.7,1017.6,1013.9,,,,
2026-08-01 06:11,2026-08-01 08:11,2,2026-08-04 05:00,2026-08-04 07:00,70.8,pressione,garda,,,,,-3.6,1017.8,1014.2,,,,
2026-08-01 06:11,2026-08-01 08:11,2,2026-08-04 06:00,2026-08-04 08:00,71.8,pressione,garda,,,,,-3.5,1018.0,1014.5,,,,
2026-08-01 06:11,2026-08-01 08:11,2,2026-08-04 07:00,2026-08-04 09:00,72.8,pressione,garda,,,,,-3.1,1017.9,1014.8,,,,
2026-08-01 06:11,2026-08-01 08:11,2,2026-08-04 08:00,2026-08-04 10:00,73.8,pressione,garda,,,,,-2.5,1017.5,1015.0,,,,
2026-08-01 06:11,2026-08-01 08:11,2,2026-08-04 09:00,2026-08-04 11:00,74.8,pressione,garda,,,,,-2.3,1017.2,1014.9,,,,
2026-08-01 06:11,2026-08-01 08:11,2,2026-08-04 10:00,2026-08-04 12:00,75.8,pressione,garda,,,,,-1.7,1016.5,1014.8,,,,
2026-08-01 06:11,2026-08-01 08:11,2,2026-08-04 11:00,2026-08-04 13:00,76.8,pressione,garda,,,,,-1.0,1015.7,1014.7,,,,
2026-08-01 06:11,2026-08-01 08:11,2,2026-08-04 12:00,2026-08-04 14:00,77.8,pressione,garda,,,,,-0.9,1015.1,1014.2,,,,
2026-08-01 06:11,2026-08-01 08:11,2,2026-08-04 13:00,2026-08-04 15:00,78.8,pressione,garda,,,,,-0.6,1014.5,1013.9,,,,
2026-08-01 06:11,2026-08-01 08:11,2,2026-08-04 14:00,2026-08-04 16:00,79.8,pressione,garda,,,,,-0.2,1013.9,1013.7,,,,
2026-08-01 06:11,2026-08-01 08:11,2,2026-08-04 15:00,2026-08-04 17:00,80.8,pressione,garda,,,,,-0.4,1013.8,1013.4,,,,
2026-08-01 06:11,2026-08-01 08:11,2,2026-08-04 16:00,2026-08-04 18:00,81.8,pressione,garda,,,,,-0.5,1013.8,1013.3,,,,
2026-08-01 06:11,2026-08-01 08:11,2,2026-08-04 17:00,2026-08-04 19:00,82.8,pressione,garda,,,,,-1.1,1014.2,1013.1,,,,
2026-08-01 06:11,2026-08-01 08:11,2,2026-08-04 18:00,2026-08-04 20:00,83.8,pressione,garda,,,,,-1.4,1014.7,1013.3,,,,
2026-08-01 06:11,2026-08-01 08:11,2,2026-08-04 19:00,2026-08-04 21:00,84.8,pressione,garda,,,,,-2.1,1015.5,1013.4,,,,
2026-08-01 06:11,2026-08-01 08:11,2,2026-08-04 20:00,2026-08-04 22:00,85.8,pressione,garda,,,,,-2.4,1016.3,1013.9,,,,
2026-08-01 06:11,2026-08-01 08:11,2,2026-08-04 21:00,2026-08-04 23:00,86.8,pressione,garda,,,,,-2.9,1017.0,1014.1,,,,
2026-08-01 06:11,2026-08-01 08:11,2,2026-08-04 22:00,2026-08-05 00:00,87.8,pressione,garda,,,,,-3.1,1017.4,1014.3,,,,
2026-08-01 06:11,2026-08-01 08:11,2,2026-08-04 23:00,2026-08-05 01:00,88.8,pressione,garda,,,,,-3.2,1017.7,1014.5,,,,
2026-08-01 06:11,2026-08-01 08:11,2,2026-08-05 00:00,2026-08-05 02:00,89.8,pressione,garda,,,,,-3.5,1018.3,1014.8,,,,
2026-08-01 06:11,2026-08-01 08:11,2,2026-08-05 01:00,2026-08-05 03:00,90.8,pressione,garda,,,,,-3.6,1018.3,1014.7,,,,
2026-08-01 06:11,2026-08-01 08:11,2,2026-08-05 02:00,2026-08-05 04:00,91.8,pressione,garda,,,,,-3.8,1018.5,1014.7,,,,
2026-08-01 06:11,2026-08-01 08:11,2,2026-08-05 03:00,2026-08-05 05:00,92.8,pressione,garda,,,,,-3.9,1018.6,1014.7,,,,
2026-08-01 06:11,2026-08-01 08:11,2,2026-08-05 04:00,2026-08-05 06:00,93.8,pressione,garda,,,,,-3.9,1018.6,1014.7,,,,
2026-08-01 06:11,2026-08-01 08:11,2,2026-08-05 05:00,2026-08-05 07:00,94.8,pressione,garda,,,,,-3.8,1018.9,1015.1,,,,
2026-08-01 06:11,2026-08-01 08:11,2,2026-08-05 06:00,2026-08-05 08:00,95.8,pressione,garda,,,,,-3.8,1019.1,1015.3,,,,
2026-08-01 06:11,2026-08-01 08:11,2,2026-08-05 07:00,2026-08-05 09:00,96.8,pressione,garda,,,,,-3.6,1019.0,1015.4,,,,
2026-08-01 06:11,2026-08-01 08:11,2,2026-08-05 08:00,2026-08-05 10:00,97.8,pressione,garda,,,,,-3.1,1018.7,1015.6,,,,
2026-08-01 06:11,2026-08-01 08:11,2,2026-08-05 09:00,2026-08-05 11:00,98.8,pressione,garda,,,,,-2.5,1018.2,1015.7,,,,
2026-08-01 06:11,2026-08-01 08:11,2,2026-08-05 10:00,2026-08-05 12:00,99.8,pressione,garda,,,,,-2.0,1017.5,1015.5,,,,
2026-08-01 06:11,2026-08-01 08:11,2,2026-08-05 11:00,2026-08-05 13:00,100.8,pressione,garda,,,,,-1.5,1016.8,1015.3,,,,
2026-08-01 06:11,2026-08-01 08:11,2,2026-08-05 12:00,2026-08-05 14:00,101.8,pressione,garda,,,,,-0.9,1016.0,1015.1,,,,
2026-08-01 06:11,2026-08-01 08:11,2,2026-08-05 13:00,2026-08-05 15:00,102.8,pressione,garda,,,,,-0.4,1015.2,1014.8,,,,
2026-08-01 06:11,2026-08-01 08:11,2,2026-08-05 14:00,2026-08-05 16:00,103.8,pressione,garda,,,,,-0.4,1014.7,1014.3,,,,
2026-08-01 06:11,2026-08-01 08:11,2,2026-08-05 15:00,2026-08-05 17:00,104.8,pressione,garda,,,,,-0.4,1014.5,1014.1,,,,
2026-08-01 06:11,2026-08-01 08:11,2,2026-08-05 16:00,2026-08-05 18:00,105.8,pressione,garda,,,,,-0.6,1014.4,1013.8,,,,
2026-08-01 06:11,2026-08-01 08:11,2,2026-08-05 17:00,2026-08-05 19:00,106.8,pressione,garda,,,,,-0.9,1014.7,1013.8,,,,
2026-08-01 06:11,2026-08-01 08:11,2,2026-08-05 18:00,2026-08-05 20:00,107.8,pressione,garda,,,,,-1.4,1015.3,1013.9,,,,
2026-08-01 06:11,2026-08-01 08:11,2,2026-08-05 19:00,2026-08-05 21:00,108.8,pressione,garda,,,,,-1.9,1016.1,1014.2,,,,
2026-08-01 06:11,2026-08-01 08:11,2,2026-08-05 20:00,2026-08-05 22:00,109.8,pressione,garda,,,,,-2.5,1017.2,1014.7,,,,
2026-08-01 06:11,2026-08-01 08:11,2,2026-08-05 21:00,2026-08-05 23:00,110.8,pressione,garda,,,,,-3.1,1018.1,1015.0,,,,
2026-08-01 06:11,2026-08-01 08:11,2,2026-08-05 22:00,2026-08-06 00:00,111.8,pressione,garda,,,,,-3.1,1018.4,1015.3,,,,
2026-08-01 06:11,2026-08-01 08:11,2,2026-08-05 23:00,2026-08-06 01:00,112.8,pressione,garda,,,,,-3.3,1018.8,1015.5,,,,
2026-08-01 06:11,2026-08-01 08:11,2,2026-08-06 00:00,2026-08-06 02:00,113.8,pressione,garda,,,,,-3.2,1019.1,1015.9,,,,
2026-08-01 06:11,2026-08-01 08:11,2,2026-08-06 01:00,2026-08-06 03:00,114.8,pressione,garda,,,,,-3.5,1019.4,1015.9,,,,
2026-08-01 06:11,2026-08-01 08:11,2,2026-08-06 02:00,2026-08-06 04:00,115.8,pressione,garda,,,,,-3.7,1019.6,1015.9,,,,
2026-08-01 06:11,2026-08-01 08:11,2,2026-08-06 03:00,2026-08-06 05:00,116.8,pressione,garda,,,,,-3.9,1019.8,1015.9,,,,
2026-08-01 06:11,2026-08-01 08:11,2,2026-08-06 04:00,2026-08-06 06:00,117.8,pressione,garda,,,,,-4.2,1020.1,1015.9,,,,
2026-08-01 06:11,2026-08-01 08:11,2,2026-08-06 05:00,2026-08-06 07:00,118.8,pressione,garda,,,,,-4.0,1020.1,1016.1,,,,
2026-08-01 06:11,2026-08-01 08:11,2,2026-08-06 06:00,2026-08-06 08:00,119.8,pressione,garda,,,,,-3.9,1020.1,1016.2,,,,
2026-08-01 06:11,2026-08-01 08:11,2,2026-08-06 07:00,2026-08-06 09:00,120.8,pressione,garda,,,,,-3.5,1019.9,1016.4,,,,
2026-08-01 06:11,2026-08-01 08:11,2,2026-08-06 08:00,2026-08-06 10:00,121.8,pressione,garda,,,,,-3.2,1019.4,1016.2,,,,
2026-08-01 06:11,2026-08-01 08:11,2,2026-08-06 09:00,2026-08-06 11:00,122.8,pressione,garda,,,,,-2.8,1018.9,1016.1,,,,
2026-08-01 06:11,2026-08-01 08:11,2,2026-08-06 10:00,2026-08-06 12:00,123.8,pressione,garda,,,,,-2.2,1018.2,1016.0,,,,
2026-08-01 06:11,2026-08-01 08:11,2,2026-08-06 11:00,2026-08-06 13:00,124.8,pressione,garda,,,,,-1.7,1017.5,1015.8,,,,
2026-08-01 06:11,2026-08-01 08:11,2,2026-08-06 12:00,2026-08-06 14:00,125.8,pressione,garda,,,,,-1.2,1016.7,1015.5,,,,
2026-08-01 06:11,2026-08-01 08:11,2,2026-08-06 13:00,2026-08-06 15:00,126.8,pressione,garda,,,,,-1.0,1016.1,1015.1,,,,
2026-08-01 06:11,2026-08-01 08:11,2,2026-08-06 14:00,2026-08-06 16:00,127.8,pressione,garda,,,,,-0.9,1015.6,1014.7,,,,
2026-08-01 06:11,2026-08-01 08:11,2,2026-08-06 15:00,2026-08-06 17:00,128.8,pressione,garda,,,,,-0.9,1015.2,1014.3,,,,
2026-08-01 06:11,2026-08-01 08:11,2,2026-08-06 16:00,2026-08-06 18:00,129.8,pressione,garda,,,,,-1.1,1015.0,1013.9,,,,
2026-08-01 06:11,2026-08-01 08:11,2,2026-08-06 17:00,2026-08-06 19:00,130.8,pressione,garda,,,,,-1.3,1015.5,1014.2,,,,
2026-08-01 06:11,2026-08-01 08:11,2,2026-08-06 18:00,2026-08-06 20:00,131.8,pressione,garda,,,,,-1.8,1015.9,1014.1,,,,
2026-08-01 06:11,2026-08-01 08:11,2,2026-08-06 19:00,2026-08-06 21:00,132.8,pressione,garda,,,,,-2.5,1016.9,1014.4,,,,
2026-08-01 06:11,2026-08-01 08:11,2,2026-08-06 20:00,2026-08-06 22:00,133.8,pressione,garda,,,,,-3.2,1017.7,1014.5,,,,
2026-08-01 06:11,2026-08-01 08:11,2,2026-08-06 21:00,2026-08-06 23:00,134.8,pressione,garda,,,,,-3.7,1018.4,1014.7,,,,
2026-08-01 06:11,2026-08-01 08:11,2,2026-08-06 22:00,2026-08-07 00:00,135.8,pressione,garda,,,,,-3.7,1018.7,1015.0,,,,
2026-08-01 06:11,2026-08-01 08:11,2,2026-08-06 23:00,2026-08-07 01:00,136.8,pressione,garda,,,,,-3.9,1019.1,1015.2,,,,
2026-08-01 06:11,2026-08-01 08:11,2,2026-08-07 00:00,2026-08-07 02:00,137.8,pressione,garda,,,,,-4.0,1019.3,1015.3,,,,
2026-08-01 06:11,2026-08-01 08:11,2,2026-08-07 01:00,2026-08-07 03:00,138.8,pressione,garda,,,,,-4.0,1019.3,1015.3,,,,
2026-08-01 06:11,2026-08-01 08:11,2,2026-08-07 02:00,2026-08-07 04:00,139.8,pressione,garda,,,,,-4.1,1019.3,1015.2,,,,
2026-08-01 06:11,2026-08-01 08:11,2,2026-08-07 03:00,2026-08-07 05:00,140.8,pressione,garda,,,,,-4.4,1019.5,1015.1,,,,
2026-08-01 06:11,2026-08-01 08:11,2,2026-08-07 04:00,2026-08-07 06:00,141.8,pressione,garda,,,,,-4.5,1019.7,1015.2,,,,
2026-08-01 06:11,2026-08-01 08:11,2,2026-08-07 05:00,2026-08-07 07:00,142.8,pressione,garda,,,,,-4.6,1019.9,1015.3,,,,
2026-08-01 06:11,2026-08-01 08:11,2,2026-08-07 06:00,2026-08-07 08:00,143.8,pressione,garda,,,,,-4.6,1020.0,1015.4,,,,
2026-08-01 06:11,2026-08-01 08:11,2,2026-08-07 07:00,2026-08-07 09:00,144.8,pressione,garda,,,,,-4.1,1019.7,1015.6,,,,
2026-08-01 06:11,2026-08-01 08:11,2,2026-08-07 08:00,2026-08-07 10:00,145.8,pressione,garda,,,,,-3.6,1019.3,1015.7,,,,
2026-08-01 06:11,2026-08-01 08:11,2,2026-08-07 09:00,2026-08-07 11:00,146.8,pressione,garda,,,,,-2.7,1018.6,1015.9,,,,
2026-08-01 06:11,2026-08-01 08:11,2,2026-08-07 10:00,2026-08-07 12:00,147.8,pressione,garda,,,,,-2.2,1017.9,1015.7,,,,
2026-08-01 06:11,2026-08-01 08:11,2,2026-08-07 11:00,2026-08-07 13:00,148.8,pressione,garda,,,,,-1.5,1017.0,1015.5,,,,
2026-08-01 06:11,2026-08-01 08:11,2,2026-08-07 12:00,2026-08-07 14:00,149.8,pressione,garda,,,,,-1.1,1016.3,1015.2,,,,
2026-08-01 06:11,2026-08-01 08:11,2,2026-08-07 13:00,2026-08-07 15:00,150.8,pressione,garda,,,,,-0.6,1015.4,1014.8,,,,
2026-08-01 06:11,2026-08-01 08:11,2,2026-08-07 14:00,2026-08-07 16:00,151.8,pressione,garda,,,,,-0.6,1014.9,1014.3,,,,
2026-08-01 06:11,2026-08-01 08:11,2,2026-08-07 15:00,2026-08-07 17:00,152.8,pressione,garda,,,,,-0.3,1014.4,1014.1,,,,
2026-08-01 06:11,2026-08-01 08:11,2,2026-08-07 16:00,2026-08-07 18:00,153.8,pressione,garda,,,,,-0.7,1014.4,1013.7,,,,
2026-08-01 06:11,2026-08-01 08:11,2,2026-08-07 17:00,2026-08-07 19:00,154.8,pressione,garda,,,,,-1.1,1014.8,1013.7,,,,
2026-08-01 06:11,2026-08-01 08:11,2,2026-08-07 18:00,2026-08-07 20:00,155.8,pressione,garda,,,,,-1.3,1015.2,1013.9,,,,
2026-08-01 06:11,2026-08-01 08:11,2,2026-08-07 19:00,2026-08-07 21:00,156.8,pressione,garda,,,,,-1.9,1016.0,1014.1,,,,
2026-08-01 06:11,2026-08-01 08:11,2,2026-08-07 20:00,2026-08-07 22:00,157.8,pressione,garda,,,,,-2.5,1016.8,1014.3,,,,
2026-08-01 06:11,2026-08-01 08:11,2,2026-08-07 21:00,2026-08-07 23:00,158.8,pressione,garda,,,,,-2.7,1017.3,1014.6,,,,
2026-08-01 06:11,2026-08-01 08:11,2,2026-08-07 22:00,2026-08-08 00:00,159.8,pressione,garda,,,,,-3.1,1017.8,1014.7,,,,
2026-08-01 06:11,2026-08-01 08:11,2,2026-08-07 23:00,2026-08-08 01:00,160.8,pressione,garda,,,,,-2.8,1017.7,1014.9,,,,
2026-08-01 06:11,2026-08-01 08:11,2,2026-08-08 00:00,2026-08-08 02:00,161.8,pressione,garda,,,,,-3.1,1018.0,1014.9,,,,
2026-08-01 06:11,2026-08-01 08:11,2,2026-08-08 01:00,2026-08-08 03:00,162.8,pressione,garda,,,,,-3.1,1018.0,1014.9,,,,
2026-08-01 06:11,2026-08-01 08:11,2,2026-08-08 02:00,2026-08-08 04:00,163.8,pressione,garda,,,,,-3.1,1018.0,1014.9,,,,
2026-08-01 06:11,2026-08-01 08:11,2,2026-08-08 03:00,2026-08-08 05:00,164.8,pressione,garda,,,,,-3.5,1018.2,1014.7,,,,
2026-08-01 06:11,2026-08-01 08:11,2,2026-08-08 04:00,2026-08-08 06:00,165.8,pressione,garda,,,,,-3.6,1018.4,1014.8,,,,
2026-08-01 06:11,2026-08-01 08:11,2,2026-08-08 05:00,2026-08-08 07:00,166.8,pressione,garda,,,,,-4.0,1018.7,1014.7,,,,
2026-08-01 06:11,2026-08-01 08:11,2,2026-08-08 06:00,2026-08-08 08:00,167.8,pressione,garda,,,,,-3.9,1018.8,1014.9,,,,
2026-08-01 06:11,2026-08-01 08:11,2,2026-08-08 07:00,2026-08-08 09:00,168.8,pressione,garda,,,,,-3.4,1018.4,1015.0,,,,
2026-08-01 06:11,2026-08-01 08:11,2,2026-08-08 08:00,2026-08-08 10:00,169.8,pressione,garda,,,,,-2.9,1018.0,1015.1,,,,
2026-08-01 06:11,2026-08-01 08:11,2,2026-08-08 09:00,2026-08-08 11:00,170.8,pressione,garda,,,,,-2.3,1017.4,1015.1,,,,
2026-08-01 06:11,2026-08-01 08:11,2,2026-08-08 10:00,2026-08-08 12:00,171.8,pressione,garda,,,,,-1.7,1016.7,1015.0,,,,
2026-08-01 06:11,2026-08-01 08:11,2,2026-08-08 11:00,2026-08-08 13:00,172.8,pressione,garda,,,,,-1.4,1016.1,1014.7,,,,
2026-08-01 06:11,2026-08-01 08:11,2,2026-08-08 12:00,2026-08-08 14:00,173.8,pressione,garda,,,,,-1.0,1015.6,1014.6,,,,
2026-08-01 06:11,2026-08-01 08:11,2,2026-08-08 13:00,2026-08-08 15:00,174.8,pressione,garda,,,,,-0.4,1014.7,1014.3,,,,
2026-08-01 06:11,2026-08-01 08:11,2,2026-08-08 14:00,2026-08-08 16:00,175.8,pressione,garda,,,,,-0.5,1014.2,1013.7,,,,
2026-08-01 06:11,2026-08-01 08:11,2,2026-08-08 15:00,2026-08-08 17:00,176.8,pressione,garda,,,,,-0.3,1013.6,1013.3,,,,
2026-08-01 06:11,2026-08-01 08:11,2,2026-08-08 16:00,2026-08-08 18:00,177.8,pressione,garda,,,,,-0.8,1013.8,1013.0,,,,
2026-08-01 06:11,2026-08-01 08:11,2,2026-08-08 17:00,2026-08-08 19:00,178.8,pressione,garda,,,,,-1.0,1014.0,1013.0,,,,
2026-08-01 06:11,2026-08-01 08:11,2,2026-08-08 18:00,2026-08-08 20:00,179.8,pressione,garda,,,,,-1.1,1014.3,1013.2,,,,
2026-08-01 06:11,2026-08-01 08:11,2,2026-08-08 19:00,2026-08-08 21:00,180.8,pressione,garda,,,,,-2.2,1015.1,1012.9,,,,
2026-08-01 06:11,2026-08-01 08:11,2,2026-08-08 20:00,2026-08-08 22:00,181.8,pressione,garda,,,,,-2.5,1015.7,1013.2,,,,
2026-08-01 06:11,2026-08-01 08:11,2,2026-08-08 21:00,2026-08-08 23:00,182.8,pressione,garda,,,,,-2.6,1016.0,1013.4,,,,
2026-08-01 06:11,2026-08-01 08:11,2,2026-08-08 22:00,2026-08-09 00:00,183.8,pressione,garda,,,,,-2.7,1016.4,1013.7,,,,
2026-08-01 06:11,2026-08-01 08:11,2,2026-08-08 23:00,2026-08-09 01:00,184.8,pressione,garda,,,,,-2.8,1016.6,1013.8,,,,
2026-08-01 06:11,2026-08-01 08:11,2,2026-08-09 00:00,2026-08-09 02:00,185.8,pressione,garda,,,,,-3.0,1016.9,1013.9,,,,
2026-08-01 06:11,2026-08-01 08:11,2,2026-08-09 01:00,2026-08-09 03:00,186.8,pressione,garda,,,,,-3.1,1016.9,1013.8,,,,
2026-08-01 06:11,2026-08-01 08:11,2,2026-08-09 02:00,2026-08-09 04:00,187.8,pressione,garda,,,,,-3.1,1016.9,1013.8,,,,
2026-08-01 06:11,2026-08-01 08:11,2,2026-08-09 03:00,2026-08-09 05:00,188.8,pressione,garda,,,,,-3.0,1016.9,1013.9,,,,
2026-08-01 06:11,2026-08-01 08:11,2,2026-08-09 04:00,2026-08-09 06:00,189.8,pressione,garda,,,,,-3.1,1017.0,1013.9,,,,
2026-08-01 06:11,2026-08-01 08:11,2,2026-08-09 05:00,2026-08-09 07:00,190.8,pressione,garda,,,,,-2.8,1016.8,1014.0,,,,
2026-08-01 06:11,2026-08-01 08:11,2,2026-08-09 06:00,2026-08-09 08:00,191.8,pressione,garda,,,,,-3.2,1017.1,1013.9,,,,
2026-08-01 06:11,2026-08-01 08:11,2,2026-08-09 07:00,2026-08-09 09:00,192.8,pressione,garda,,,,,-2.6,1016.6,1014.0,,,,
2026-08-01 06:11,2026-08-01 08:11,2,2026-08-09 08:00,2026-08-09 10:00,193.8,pressione,garda,,,,,-2.1,1016.1,1014.0,,,,
2026-08-01 06:11,2026-08-01 08:11,2,2026-08-09 09:00,2026-08-09 11:00,194.8,pressione,garda,,,,,-1.3,1015.2,1013.9,,,,
2026-08-01 06:11,2026-08-01 08:11,2,2026-08-09 10:00,2026-08-09 12:00,195.8,pressione,garda,,,,,-0.7,1014.5,1013.8,,,,
2026-08-01 06:11,2026-08-01 08:11,2,2026-08-09 11:00,2026-08-09 13:00,196.8,pressione,garda,,,,,-0.3,1013.9,1013.6,,,,
2026-08-01 06:11,2026-08-01 08:11,2,2026-08-09 12:00,2026-08-09 14:00,197.8,pressione,garda,,,,,0.0,1013.3,1013.3,,,,
2026-08-01 06:11,2026-08-01 08:11,2,2026-08-09 13:00,2026-08-09 15:00,198.8,pressione,garda,,,,,0.1,1012.8,1012.9,,,,
2026-08-01 06:11,2026-08-01 08:11,2,2026-08-09 14:00,2026-08-09 16:00,199.8,pressione,garda,,,,,0.0,1012.5,1012.5,,,,
2026-08-01 06:11,2026-08-01 08:11,2,2026-08-09 15:00,2026-08-09 17:00,200.8,pressione,garda,,,,,-0.1,1012.2,1012.1,,,,
2026-08-01 06:11,2026-08-01 08:11,2,2026-08-09 16:00,2026-08-09 18:00,201.8,pressione,garda,,,,,-0.3,1012.2,1011.9,,,,
2026-08-01 06:11,2026-08-01 08:11,2,2026-08-09 17:00,2026-08-09 19:00,202.8,pressione,garda,,,,,-0.8,1012.4,1011.6,,,,
2026-08-01 06:11,2026-08-01 08:11,2,2026-08-09 18:00,2026-08-09 20:00,203.8,pressione,garda,,,,,-1.2,1012.8,1011.6,,,,
2026-08-01 06:11,2026-08-01 08:11,2,2026-08-09 19:00,2026-08-09 21:00,204.8,pressione,garda,,,,,-1.5,1013.5,1012.0,,,,
2026-08-01 06:11,2026-08-01 08:11,2,2026-08-09 20:00,2026-08-09 22:00,205.8,pressione,garda,,,,,-1.9,1014.2,1012.3,,,,
2026-08-01 06:11,2026-08-01 08:11,2,2026-08-09 21:00,2026-08-09 23:00,206.8,pressione,garda,,,,,-2.4,1014.8,1012.4,,,,
2026-08-01 06:11,2026-08-01 08:11,2,2026-08-09 22:00,2026-08-10 00:00,207.8,pressione,garda,,,,,-2.5,1015.2,1012.7,,,,
2026-08-01 06:11,2026-08-01 08:11,2,2026-08-09 23:00,2026-08-10 01:00,208.8,pressione,garda,,,,,-2.6,1015.5,1012.9,,,,
2026-08-01 06:11,2026-08-01 08:11,2,2026-08-10 00:00,2026-08-10 02:00,209.8,pressione,garda,,,,,-2.5,1015.7,1013.2,,,,
2026-08-01 06:11,2026-08-01 08:11,2,2026-08-10 01:00,2026-08-10 03:00,210.8,pressione,garda,,,,,-2.4,1015.7,1013.3,,,,
2026-08-01 06:11,2026-08-01 08:11,2,2026-08-10 02:00,2026-08-10 04:00,211.8,pressione,garda,,,,,-2.5,1015.8,1013.3,,,,
2026-08-01 06:11,2026-08-01 08:11,2,2026-08-10 03:00,2026-08-10 05:00,212.8,pressione,garda,,,,,-2.3,1015.7,1013.4,,,,
2026-08-01 06:11,2026-08-01 08:11,2,2026-08-10 04:00,2026-08-10 06:00,213.8,pressione,garda,,,,,-2.4,1015.9,1013.5,,,,
2026-08-01 06:11,2026-08-01 08:11,2,2026-08-10 05:00,2026-08-10 07:00,214.8,pressione,garda,,,,,-2.5,1016.1,1013.6,,,,
2026-08-01 06:11,2026-08-01 08:11,2,2026-08-10 06:00,2026-08-10 08:00,215.8,pressione,garda,,,,,-2.0,1016.1,1014.1,,,,
2026-08-01 06:11,2026-08-01 08:11,2,2026-08-10 07:00,2026-08-10 09:00,216.8,pressione,garda,,,,,-1.6,1015.8,1014.2,,,,
2026-08-01 06:11,2026-08-01 08:11,2,2026-08-10 08:00,2026-08-10 10:00,217.8,pressione,garda,,,,,-1.2,1015.5,1014.3,,,,
2026-08-01 06:11,2026-08-01 08:11,2,2026-08-10 09:00,2026-08-10 11:00,218.8,pressione,garda,,,,,-0.8,1015.0,1014.2,,,,
2026-08-01 06:11,2026-08-01 08:11,2,2026-08-10 10:00,2026-08-10 12:00,219.8,pressione,garda,,,,,-0.3,1014.4,1014.1,,,,
2026-08-01 06:11,2026-08-01 08:11,2,2026-08-10 11:00,2026-08-10 13:00,220.8,pressione,garda,,,,,0.1,1013.8,1013.9,,,,
2026-08-01 06:11,2026-08-01 08:11,2,2026-08-10 12:00,2026-08-10 14:00,221.8,pressione,garda,,,,,0.5,1013.2,1013.7,,,,
2026-08-01 06:11,2026-08-01 08:11,2,2026-08-10 13:00,2026-08-10 15:00,222.8,pressione,garda,,,,,0.7,1012.7,1013.4,,,,
2026-08-01 06:11,2026-08-01 08:11,2,2026-08-10 14:00,2026-08-10 16:00,223.8,pressione,garda,,,,,0.6,1012.3,1012.9,,,,
2026-08-01 06:11,2026-08-01 08:11,2,2026-08-10 15:00,2026-08-10 17:00,224.8,pressione,garda,,,,,0.6,1011.9,1012.5,,,,
2026-08-01 06:11,2026-08-01 08:11,2,2026-08-10 16:00,2026-08-10 18:00,225.8,pressione,garda,,,,,0.2,1012.0,1012.2,,,,
2026-08-01 06:11,2026-08-01 08:11,2,2026-08-10 17:00,2026-08-10 19:00,226.8,pressione,garda,,,,,-0.4,1012.5,1012.1,,,,
2026-08-01 06:11,2026-08-01 08:11,2,2026-08-10 18:00,2026-08-10 20:00,227.8,pressione,garda,,,,,-0.7,1012.9,1012.2,,,,
2026-08-01 06:11,2026-08-01 08:11,2,2026-08-10 19:00,2026-08-10 21:00,228.8,pressione,garda,,,,,-1.3,1013.7,1012.4,,,,
2026-08-01 06:11,2026-08-01 08:11,2,2026-08-10 20:00,2026-08-10 22:00,229.8,pressione,garda,,,,,-2.0,1014.4,1012.4,,,,
2026-08-01 06:11,2026-08-01 08:11,2,2026-08-10 21:00,2026-08-10 23:00,230.8,pressione,garda,,,,,-2.4,1015.2,1012.8,,,,
2026-08-01 06:11,2026-08-01 08:11,2,2026-08-10 22:00,2026-08-11 00:00,231.8,pressione,garda,,,,,-2.5,1015.6,1013.1,,,,
2026-08-01 06:11,2026-08-01 08:11,2,2026-08-10 23:00,2026-08-11 01:00,232.8,pressione,garda,,,,,-2.6,1015.9,1013.3,,,,
2026-08-01 06:11,2026-08-01 08:11,2,2026-08-11 00:00,2026-08-11 02:00,233.8,pressione,garda,,,,,-2.7,1016.0,1013.3,,,,
2026-08-01 06:11,2026-08-01 08:11,2,2026-08-11 01:00,2026-08-11 03:00,234.8,pressione,garda,,,,,-2.7,1016.1,1013.4,,,,
2026-08-01 06:11,2026-08-01 08:11,2,2026-08-11 02:00,2026-08-11 04:00,235.8,pressione,garda,,,,,-2.8,1016.2,1013.4,,,,
2026-08-01 06:11,2026-08-01 08:11,2,2026-08-11 03:00,2026-08-11 05:00,236.8,pressione,garda,,,,,-3.1,1016.5,1013.4,,,,
2026-08-01 06:11,2026-08-01 08:11,2,2026-08-11 04:00,2026-08-11 06:00,237.8,pressione,garda,,,,,-3.2,1016.7,1013.5,,,,
2026-08-01 06:11,2026-08-01 08:11,2,2026-08-11 05:00,2026-08-11 07:00,238.8,pressione,garda,,,,,-3.5,1017.4,1013.9,,,,
2026-08-01 06:11,2026-08-01 08:11,2,2026-08-11 06:00,2026-08-11 08:00,239.8,pressione,garda,,,,,-3.5,1017.5,1014.0,,,,
2026-08-01 06:11,2026-08-01 08:11,2,2026-08-11 07:00,2026-08-11 09:00,240.8,pressione,garda,,,,,-3.1,1017.3,1014.2,,,,
2026-08-01 06:11,2026-08-01 08:11,2,2026-08-11 08:00,2026-08-11 10:00,241.8,pressione,garda,,,,,-2.4,1016.6,1014.2,,,,
2026-08-01 06:11,2026-08-01 08:11,2,2026-08-11 09:00,2026-08-11 11:00,242.8,pressione,garda,,,,,-1.9,1016.2,1014.3,,,,
2026-08-01 06:11,2026-08-01 08:11,2,2026-08-11 10:00,2026-08-11 12:00,243.8,pressione,garda,,,,,-1.4,1015.6,1014.2,,,,
2026-08-01 07:30,2026-08-01 09:30,7,2026-08-01 08:00,2026-08-01 10:00,0.5,condizioni,malcesine,,,,,,,,28.1,0,0.0,0
2026-08-01 07:30,2026-08-01 09:30,7,2026-08-01 09:00,2026-08-01 11:00,1.5,condizioni,malcesine,,,,,,,,29.3,0,0.0,0
2026-08-01 07:30,2026-08-01 09:30,7,2026-08-01 10:00,2026-08-01 12:00,2.5,condizioni,malcesine,,,,,,,,30.9,0,0.0,0
2026-08-01 07:30,2026-08-01 09:30,7,2026-08-01 11:00,2026-08-01 13:00,3.5,condizioni,malcesine,,,,,,,,32.2,0,0.0,1
2026-08-01 07:30,2026-08-01 09:30,7,2026-08-01 12:00,2026-08-01 14:00,4.5,condizioni,malcesine,,,,,,,,33.1,0,0.0,0
2026-08-01 07:30,2026-08-01 09:30,7,2026-08-01 13:00,2026-08-01 15:00,5.5,condizioni,malcesine,,,,,,,,33.9,0,0.0,0
2026-08-01 07:30,2026-08-01 09:30,7,2026-08-01 14:00,2026-08-01 16:00,6.5,condizioni,malcesine,,,,,,,,33.8,0,0.0,3
2026-08-01 07:30,2026-08-01 09:30,7,2026-08-01 15:00,2026-08-01 17:00,7.5,condizioni,malcesine,,,,,,,,33.0,0,0.0,3
2026-08-01 07:30,2026-08-01 09:30,7,2026-08-01 16:00,2026-08-01 18:00,8.5,condizioni,malcesine,,,,,,,,32.0,0,0.0,3
2026-08-01 07:30,2026-08-01 09:30,7,2026-08-01 17:00,2026-08-01 19:00,9.5,condizioni,malcesine,,,,,,,,31.7,18,0.0,3
2026-08-01 07:30,2026-08-01 09:30,7,2026-08-01 18:00,2026-08-01 20:00,10.5,condizioni,malcesine,,,,,,,,31.4,27,0.0,3
2026-08-01 07:30,2026-08-01 09:30,7,2026-08-01 19:00,2026-08-01 21:00,11.5,condizioni,malcesine,,,,,,,,30.0,9,0.0,3
2026-08-01 07:30,2026-08-01 09:30,7,2026-08-01 20:00,2026-08-01 22:00,12.5,condizioni,malcesine,,,,,,,,23.3,18,8.0,65
2026-08-01 07:30,2026-08-01 09:30,7,2026-08-01 21:00,2026-08-01 23:00,13.5,condizioni,malcesine,,,,,,,,22.1,9,9.8,65
2026-08-01 07:30,2026-08-01 09:30,7,2026-08-01 22:00,2026-08-02 00:00,14.5,condizioni,malcesine,,,,,,,,24.2,0,0.0,3
2026-08-01 07:30,2026-08-01 09:30,7,2026-08-01 23:00,2026-08-02 01:00,15.5,condizioni,malcesine,,,,,,,,25.7,0,0.0,3
2026-08-01 07:30,2026-08-01 09:30,7,2026-08-02 00:00,2026-08-02 02:00,16.5,condizioni,malcesine,,,,,,,,26.5,0,0.0,3
2026-08-01 07:30,2026-08-01 09:30,7,2026-08-02 01:00,2026-08-02 03:00,17.5,condizioni,malcesine,,,,,,,,25.7,0,0.0,3
2026-08-01 07:30,2026-08-01 09:30,7,2026-08-02 02:00,2026-08-02 04:00,18.5,condizioni,malcesine,,,,,,,,26.5,9,0.0,3
2026-08-01 07:30,2026-08-01 09:30,7,2026-08-02 03:00,2026-08-02 05:00,19.5,condizioni,malcesine,,,,,,,,26.4,18,0.0,3
2026-08-01 07:30,2026-08-01 09:30,7,2026-08-02 04:00,2026-08-02 06:00,20.5,condizioni,malcesine,,,,,,,,25.8,18,0.3,51
2026-08-01 07:30,2026-08-01 09:30,7,2026-08-02 05:00,2026-08-02 07:00,21.5,condizioni,malcesine,,,,,,,,26.1,18,0.1,51
2026-08-01 07:30,2026-08-01 09:30,7,2026-08-02 06:00,2026-08-02 08:00,22.5,condizioni,malcesine,,,,,,,,25.3,0,0.1,51
2026-08-01 07:30,2026-08-01 09:30,7,2026-08-02 07:00,2026-08-02 09:00,23.5,condizioni,malcesine,,,,,,,,24.8,9,0.5,53
2026-08-01 07:30,2026-08-01 09:30,7,2026-08-02 08:00,2026-08-02 10:00,24.5,condizioni,malcesine,,,,,,,,24.9,9,1.2,55
2026-08-01 07:30,2026-08-01 09:30,7,2026-08-02 09:00,2026-08-02 11:00,25.5,condizioni,malcesine,,,,,,,,24.8,9,3.0,63
2026-08-01 07:30,2026-08-01 09:30,7,2026-08-02 10:00,2026-08-02 12:00,26.5,condizioni,malcesine,,,,,,,,26.1,0,0.0,3
2026-08-01 07:30,2026-08-01 09:30,7,2026-08-02 11:00,2026-08-02 13:00,27.5,condizioni,malcesine,,,,,,,,28.2,0,0.0,3
2026-08-01 07:30,2026-08-01 09:30,7,2026-08-02 12:00,2026-08-02 14:00,28.5,condizioni,malcesine,,,,,,,,29.9,0,0.0,2
2026-08-01 07:30,2026-08-01 09:30,7,2026-08-02 13:00,2026-08-02 15:00,29.5,condizioni,malcesine,,,,,,,,,,,
2026-08-01 07:30,2026-08-01 09:30,7,2026-08-02 14:00,2026-08-02 16:00,30.5,condizioni,malcesine,,,,,,,,,,,
2026-08-01 07:30,2026-08-01 09:30,7,2026-08-02 15:00,2026-08-02 17:00,31.5,condizioni,malcesine,,,,,,,,,,,
2026-08-01 07:30,2026-08-01 09:30,7,2026-08-02 16:00,2026-08-02 18:00,32.5,condizioni,malcesine,,,,,,,,,,,
2026-08-01 07:30,2026-08-01 09:30,7,2026-08-02 17:00,2026-08-02 19:00,33.5,condizioni,malcesine,,,,,,,,,,,
2026-08-01 07:30,2026-08-01 09:30,7,2026-08-02 18:00,2026-08-02 20:00,34.5,condizioni,malcesine,,,,,,,,,,,
2026-08-01 07:30,2026-08-01 09:30,7,2026-08-02 19:00,2026-08-02 21:00,35.5,condizioni,malcesine,,,,,,,,,,,
2026-08-01 07:30,2026-08-01 09:30,7,2026-08-02 20:00,2026-08-02 22:00,36.5,condizioni,malcesine,,,,,,,,,,,
2026-08-01 07:30,2026-08-01 09:30,7,2026-08-02 21:00,2026-08-02 23:00,37.5,condizioni,malcesine,,,,,,,,,,,
2026-08-01 07:30,2026-08-01 09:30,7,2026-08-02 22:00,2026-08-03 00:00,38.5,condizioni,malcesine,,,,,,,,,,,
2026-08-01 07:30,2026-08-01 09:30,7,2026-08-02 23:00,2026-08-03 01:00,39.5,condizioni,malcesine,,,,,,,,,,,
2026-08-01 07:30,2026-08-01 09:30,7,2026-08-03 00:00,2026-08-03 02:00,40.5,condizioni,malcesine,,,,,,,,28.5,0,0.0,2
2026-08-01 07:30,2026-08-01 09:30,7,2026-08-03 01:00,2026-08-03 03:00,41.5,condizioni,malcesine,,,,,,,,28.4,0,0.0,1
2026-08-01 07:30,2026-08-01 09:30,7,2026-08-03 02:00,2026-08-03 04:00,42.5,condizioni,malcesine,,,,,,,,28.4,0,0.0,2
2026-08-01 07:30,2026-08-01 09:30,7,2026-08-03 03:00,2026-08-03 05:00,43.5,condizioni,malcesine,,,,,,,,28.0,0,0.0,1
2026-08-01 07:30,2026-08-01 09:30,7,2026-08-03 04:00,2026-08-03 06:00,44.5,condizioni,malcesine,,,,,,,,27.3,0,0.0,1
2026-08-01 07:30,2026-08-01 09:30,7,2026-08-03 05:00,2026-08-03 07:00,45.5,condizioni,malcesine,,,,,,,,26.8,0,0.0,3
2026-08-01 07:30,2026-08-01 09:30,7,2026-08-03 06:00,2026-08-03 08:00,46.5,condizioni,malcesine,,,,,,,,26.9,0,0.0,3
2026-08-01 07:30,2026-08-01 09:30,7,2026-08-03 07:00,2026-08-03 09:00,47.5,condizioni,malcesine,,,,,,,,27.4,0,0.0,1
2026-08-01 07:30,2026-08-01 09:30,7,2026-08-01 08:00,2026-08-01 10:00,0.5,condizioni,torbole,,,,,,,,27.1,0,0.0,0
2026-08-01 07:30,2026-08-01 09:30,7,2026-08-01 09:00,2026-08-01 11:00,1.5,condizioni,torbole,,,,,,,,29.0,0,0.0,0
2026-08-01 07:30,2026-08-01 09:30,7,2026-08-01 10:00,2026-08-01 12:00,2.5,condizioni,torbole,,,,,,,,30.9,0,0.0,1
2026-08-01 07:30,2026-08-01 09:30,7,2026-08-01 11:00,2026-08-01 13:00,3.5,condizioni,torbole,,,,,,,,32.8,0,0.0,0
2026-08-01 07:30,2026-08-01 09:30,7,2026-08-01 12:00,2026-08-01 14:00,4.5,condizioni,torbole,,,,,,,,34.6,0,0.0,1
2026-08-01 07:30,2026-08-01 09:30,7,2026-08-01 13:00,2026-08-01 15:00,5.5,condizioni,torbole,,,,,,,,35.2,0,0.0,0
2026-08-01 07:30,2026-08-01 09:30,7,2026-08-01 14:00,2026-08-01 16:00,6.5,condizioni,torbole,,,,,,,,33.9,9,0.0,3
2026-08-01 07:30,2026-08-01 09:30,7,2026-08-01 15:00,2026-08-01 17:00,7.5,condizioni,torbole,,,,,,,,32.7,9,0.0,3
2026-08-01 07:30,2026-08-01 09:30,7,2026-08-01 16:00,2026-08-01 18:00,8.5,condizioni,torbole,,,,,,,,32.0,0,0.0,3
2026-08-01 07:30,2026-08-01 09:30,7,2026-08-01 17:00,2026-08-01 19:00,9.5,condizioni,torbole,,,,,,,,31.9,9,0.0,3
2026-08-01 07:30,2026-08-01 09:30,7,2026-08-01 18:00,2026-08-01 20:00,10.5,condizioni,torbole,,,,,,,,30.5,18,0.0,1
2026-08-01 07:30,2026-08-01 09:30,7,2026-08-01 19:00,2026-08-01 21:00,11.5,condizioni,torbole,,,,,,,,29.2,9,0.0,3
2026-08-01 07:30,2026-08-01 09:30,7,2026-08-01 20:00,2026-08-01 22:00,12.5,condizioni,torbole,,,,,,,,24.2,9,0.0,3
2026-08-01 07:30,2026-08-01 09:30,7,2026-08-01 21:00,2026-08-01 23:00,13.5,condizioni,torbole,,,,,,,,21.8,9,23.8,65
2026-08-01 07:30,2026-08-01 09:30,7,2026-08-01 22:00,2026-08-02 00:00,14.5,condizioni,torbole,,,,,,,,23.0,18,4.1,63
2026-08-01 07:30,2026-08-01 09:30,7,2026-08-01 23:00,2026-08-02 01:00,15.5,condizioni,torbole,,,,,,,,25.0,0,0.0,3
2026-08-01 07:30,2026-08-01 09:30,7,2026-08-02 00:00,2026-08-02 02:00,16.5,condizioni,torbole,,,,,,,,25.3,0,0.0,3
2026-08-01 07:30,2026-08-01 09:30,7,2026-08-02 01:00,2026-08-02 03:00,17.5,condizioni,torbole,,,,,,,,26.2,0,0.0,3
2026-08-01 07:30,2026-08-01 09:30,7,2026-08-02 02:00,2026-08-02 04:00,18.5,condizioni,torbole,,,,,,,,25.6,0,0.0,3
2026-08-01 07:30,2026-08-01 09:30,7,2026-08-02 03:00,2026-08-02 05:00,19.5,condizioni,torbole,,,,,,,,25.9,9,0.0,3
2026-08-01 07:30,2026-08-01 09:30,7,2026-08-02 04:00,2026-08-02 06:00,20.5,condizioni,torbole,,,,,,,,25.9,18,0.0,3
2026-08-01 07:30,2026-08-01 09:30,7,2026-08-02 05:00,2026-08-02 07:00,21.5,condizioni,torbole,,,,,,,,26.0,9,0.0,3
2026-08-01 07:30,2026-08-01 09:30,7,2026-08-02 06:00,2026-08-02 08:00,22.5,condizioni,torbole,,,,,,,,26.1,9,0.0,3
2026-08-01 07:30,2026-08-01 09:30,7,2026-08-02 07:00,2026-08-02 09:00,23.5,condizioni,torbole,,,,,,,,25.9,9,0.0,3
2026-08-01 07:30,2026-08-01 09:30,7,2026-08-02 08:00,2026-08-02 10:00,24.5,condizioni,torbole,,,,,,,,25.6,18,0.2,51
2026-08-01 07:30,2026-08-01 09:30,7,2026-08-02 09:00,2026-08-02 11:00,25.5,condizioni,torbole,,,,,,,,26.7,0,0.0,3
2026-08-01 07:30,2026-08-01 09:30,7,2026-08-02 10:00,2026-08-02 12:00,26.5,condizioni,torbole,,,,,,,,26.6,9,0.7,53
2026-08-01 07:30,2026-08-01 09:30,7,2026-08-02 11:00,2026-08-02 13:00,27.5,condizioni,torbole,,,,,,,,28.7,0,0.0,3
2026-08-01 07:30,2026-08-01 09:30,7,2026-08-02 12:00,2026-08-02 14:00,28.5,condizioni,torbole,,,,,,,,30.9,0,0.0,3
2026-08-01 07:30,2026-08-01 09:30,7,2026-08-02 13:00,2026-08-02 15:00,29.5,condizioni,torbole,,,,,,,,,,,
2026-08-01 07:30,2026-08-01 09:30,7,2026-08-02 14:00,2026-08-02 16:00,30.5,condizioni,torbole,,,,,,,,,,,
2026-08-01 07:30,2026-08-01 09:30,7,2026-08-02 15:00,2026-08-02 17:00,31.5,condizioni,torbole,,,,,,,,,,,
2026-08-01 07:30,2026-08-01 09:30,7,2026-08-02 16:00,2026-08-02 18:00,32.5,condizioni,torbole,,,,,,,,,,,
2026-08-01 07:30,2026-08-01 09:30,7,2026-08-02 17:00,2026-08-02 19:00,33.5,condizioni,torbole,,,,,,,,,,,
2026-08-01 07:30,2026-08-01 09:30,7,2026-08-02 18:00,2026-08-02 20:00,34.5,condizioni,torbole,,,,,,,,,,,
2026-08-01 07:30,2026-08-01 09:30,7,2026-08-02 19:00,2026-08-02 21:00,35.5,condizioni,torbole,,,,,,,,,,,
2026-08-01 07:30,2026-08-01 09:30,7,2026-08-02 20:00,2026-08-02 22:00,36.5,condizioni,torbole,,,,,,,,,,,
2026-08-01 07:30,2026-08-01 09:30,7,2026-08-02 21:00,2026-08-02 23:00,37.5,condizioni,torbole,,,,,,,,,,,
2026-08-01 07:30,2026-08-01 09:30,7,2026-08-02 22:00,2026-08-03 00:00,38.5,condizioni,torbole,,,,,,,,,,,
2026-08-01 07:30,2026-08-01 09:30,7,2026-08-02 23:00,2026-08-03 01:00,39.5,condizioni,torbole,,,,,,,,,,,
2026-08-01 07:30,2026-08-01 09:30,7,2026-08-03 00:00,2026-08-03 02:00,40.5,condizioni,torbole,,,,,,,,25.3,0,0.0,1
2026-08-01 07:30,2026-08-01 09:30,7,2026-08-03 01:00,2026-08-03 03:00,41.5,condizioni,torbole,,,,,,,,24.8,0,0.0,2
2026-08-01 07:30,2026-08-01 09:30,7,2026-08-03 02:00,2026-08-03 04:00,42.5,condizioni,torbole,,,,,,,,24.7,0,0.0,1
2026-08-01 07:30,2026-08-01 09:30,7,2026-08-03 03:00,2026-08-03 05:00,43.5,condizioni,torbole,,,,,,,,24.4,0,0.0,2
2026-08-01 07:30,2026-08-01 09:30,7,2026-08-03 04:00,2026-08-03 06:00,44.5,condizioni,torbole,,,,,,,,23.9,0,0.0,1
2026-08-01 07:30,2026-08-01 09:30,7,2026-08-03 05:00,2026-08-03 07:00,45.5,condizioni,torbole,,,,,,,,23.7,0,0.0,1
2026-08-01 07:30,2026-08-01 09:30,7,2026-08-03 06:00,2026-08-03 08:00,46.5,condizioni,torbole,,,,,,,,24.8,0,0.0,2
2026-08-01 07:30,2026-08-01 09:30,7,2026-08-03 07:00,2026-08-03 09:00,47.5,condizioni,torbole,,,,,,,,26.3,0,0.0,0
2026-08-01 07:30,2026-08-01 09:30,7,2026-08-01 08:00,2026-08-01 10:00,0.5,meteoswiss_ch1,malcesine,Campione,15.8,8.0,23,,,,,,,
2026-08-01 07:30,2026-08-01 09:30,7,2026-08-01 09:00,2026-08-01 11:00,1.5,meteoswiss_ch1,malcesine,Campione,16.9,8.6,13,,,,,,,
2026-08-01 07:30,2026-08-01 09:30,7,2026-08-01 10:00,2026-08-01 12:00,2.5,meteoswiss_ch1,malcesine,Campione,17.3,8.4,8,,,,,,,
2026-08-01 07:30,2026-08-01 09:30,7,2026-08-01 11:00,2026-08-01 13:00,3.5,meteoswiss_ch1,malcesine,Campione,16.7,7.6,360,,,,,,,
2026-08-01 07:30,2026-08-01 09:30,7,2026-08-01 12:00,2026-08-01 14:00,4.5,meteoswiss_ch1,malcesine,Campione,15.2,6.4,360,,,,,,,
2026-08-01 07:30,2026-08-01 09:30,7,2026-08-01 13:00,2026-08-01 15:00,5.5,meteoswiss_ch1,malcesine,Campione,13.2,4.3,330,,,,,,,
2026-08-01 07:30,2026-08-01 09:30,7,2026-08-01 14:00,2026-08-01 16:00,6.5,meteoswiss_ch1,malcesine,Campione,9.1,1.2,309,,,,,,,
2026-08-01 07:30,2026-08-01 09:30,7,2026-08-01 15:00,2026-08-01 17:00,7.5,meteoswiss_ch1,malcesine,Campione,11.7,5.8,14,,,,,,,
2026-08-01 07:30,2026-08-01 09:30,7,2026-08-01 16:00,2026-08-01 18:00,8.5,meteoswiss_ch1,malcesine,Campione,16.1,5.1,11,,,,,,,
2026-08-01 07:30,2026-08-01 09:30,7,2026-08-01 17:00,2026-08-01 19:00,9.5,meteoswiss_ch1,malcesine,Campione,12.9,5.0,21,,,,,,,
2026-08-01 07:30,2026-08-01 09:30,7,2026-08-01 18:00,2026-08-01 20:00,10.5,meteoswiss_ch1,malcesine,Campione,11.4,4.4,13,,,,,,,
2026-08-01 07:30,2026-08-01 09:30,7,2026-08-01 19:00,2026-08-01 21:00,11.5,meteoswiss_ch1,malcesine,Campione,8.0,2.6,324,,,,,,,
2026-08-01 07:30,2026-08-01 09:30,7,2026-08-01 20:00,2026-08-01 22:00,12.5,meteoswiss_ch1,malcesine,Campione,42.5,9.8,231,,,,,,,
2026-08-01 07:30,2026-08-01 09:30,7,2026-08-01 21:00,2026-08-01 23:00,13.5,meteoswiss_ch1,malcesine,Campione,17.7,6.7,17,,,,,,,
2026-08-01 07:30,2026-08-01 09:30,7,2026-08-01 22:00,2026-08-02 00:00,14.5,meteoswiss_ch1,malcesine,Campione,13.2,4.3,27,,,,,,,
2026-08-01 07:30,2026-08-01 09:30,7,2026-08-01 23:00,2026-08-02 01:00,15.5,meteoswiss_ch1,malcesine,Campione,9.3,1.6,7,,,,,,,
2026-08-01 07:30,2026-08-01 09:30,7,2026-08-02 00:00,2026-08-02 02:00,16.5,meteoswiss_ch1,malcesine,Campione,7.0,4.0,125,,,,,,,
2026-08-01 07:30,2026-08-01 09:30,7,2026-08-02 01:00,2026-08-02 03:00,17.5,meteoswiss_ch1,malcesine,Campione,7.0,1.6,83,,,,,,,
2026-08-01 07:30,2026-08-01 09:30,7,2026-08-02 02:00,2026-08-02 04:00,18.5,meteoswiss_ch1,malcesine,Campione,9.7,5.0,36,,,,,,,
2026-08-01 07:30,2026-08-01 09:30,7,2026-08-02 03:00,2026-08-02 05:00,19.5,meteoswiss_ch1,malcesine,Campione,13.0,7.2,27,,,,,,,
2026-08-01 07:30,2026-08-01 09:30,7,2026-08-02 04:00,2026-08-02 06:00,20.5,meteoswiss_ch1,malcesine,Campione,13.0,4.3,54,,,,,,,
2026-08-01 07:30,2026-08-01 09:30,7,2026-08-02 05:00,2026-08-02 07:00,21.5,meteoswiss_ch1,malcesine,Campione,8.2,3.8,131,,,,,,,
2026-08-01 07:30,2026-08-01 09:30,7,2026-08-02 06:00,2026-08-02 08:00,22.5,meteoswiss_ch1,malcesine,Campione,7.6,1.8,122,,,,,,,
2026-08-01 07:30,2026-08-01 09:30,7,2026-08-02 07:00,2026-08-02 09:00,23.5,meteoswiss_ch1,malcesine,Campione,7.6,2.3,31,,,,,,,
2026-08-01 07:30,2026-08-01 09:30,7,2026-08-02 08:00,2026-08-02 10:00,24.5,meteoswiss_ch1,malcesine,Campione,7.2,2.3,90,,,,,,,
2026-08-01 07:30,2026-08-01 09:30,7,2026-08-02 09:00,2026-08-02 11:00,25.5,meteoswiss_ch1,malcesine,Campione,10.7,5.3,44,,,,,,,
2026-08-01 07:30,2026-08-01 09:30,7,2026-08-02 10:00,2026-08-02 12:00,26.5,meteoswiss_ch1,malcesine,Campione,9.5,4.1,65,,,,,,,
2026-08-01 07:30,2026-08-01 09:30,7,2026-08-02 11:00,2026-08-02 13:00,27.5,meteoswiss_ch1,malcesine,Campione,9.1,4.5,20,,,,,,,
2026-08-01 07:30,2026-08-01 09:30,7,2026-08-02 12:00,2026-08-02 14:00,28.5,meteoswiss_ch1,malcesine,Campione,9.3,4.5,20,,,,,,,
2026-08-01 07:30,2026-08-01 09:30,7,2026-08-02 13:00,2026-08-02 15:00,29.5,meteoswiss_ch1,malcesine,Campione,,,,,,,,,,
2026-08-01 07:30,2026-08-01 09:30,7,2026-08-02 14:00,2026-08-02 16:00,30.5,meteoswiss_ch1,malcesine,Campione,,,,,,,,,,
2026-08-01 07:30,2026-08-01 09:30,7,2026-08-02 15:00,2026-08-02 17:00,31.5,meteoswiss_ch1,malcesine,Campione,,,,,,,,,,
2026-08-01 07:30,2026-08-01 09:30,7,2026-08-02 16:00,2026-08-02 18:00,32.5,meteoswiss_ch1,malcesine,Campione,,,,,,,,,,
2026-08-01 07:30,2026-08-01 09:30,7,2026-08-02 17:00,2026-08-02 19:00,33.5,meteoswiss_ch1,malcesine,Campione,,,,,,,,,,
2026-08-01 07:30,2026-08-01 09:30,7,2026-08-02 18:00,2026-08-02 20:00,34.5,meteoswiss_ch1,malcesine,Campione,,,,,,,,,,
2026-08-01 07:30,2026-08-01 09:30,7,2026-08-02 19:00,2026-08-02 21:00,35.5,meteoswiss_ch1,malcesine,Campione,,,,,,,,,,
2026-08-01 07:30,2026-08-01 09:30,7,2026-08-02 20:00,2026-08-02 22:00,36.5,meteoswiss_ch1,malcesine,Campione,,,,,,,,,,
2026-08-01 07:30,2026-08-01 09:30,7,2026-08-02 21:00,2026-08-02 23:00,37.5,meteoswiss_ch1,malcesine,Campione,,,,,,,,,,
2026-08-01 07:30,2026-08-01 09:30,7,2026-08-02 22:00,2026-08-03 00:00,38.5,meteoswiss_ch1,malcesine,Campione,,,,,,,,,,
2026-08-01 07:30,2026-08-01 09:30,7,2026-08-02 23:00,2026-08-03 01:00,39.5,meteoswiss_ch1,malcesine,Campione,,,,,,,,,,
2026-08-01 07:30,2026-08-01 09:30,7,2026-08-01 08:00,2026-08-01 10:00,0.5,meteoswiss_ch1,malcesine,Limone,7.6,3.9,57,,,,,,,
2026-08-01 07:30,2026-08-01 09:30,7,2026-08-01 09:00,2026-08-01 11:00,1.5,meteoswiss_ch1,malcesine,Limone,9.5,5.1,65,,,,,,,
2026-08-01 07:30,2026-08-01 09:30,7,2026-08-01 10:00,2026-08-01 12:00,2.5,meteoswiss_ch1,malcesine,Limone,9.9,5.4,64,,,,,,,
2026-08-01 07:30,2026-08-01 09:30,7,2026-08-01 11:00,2026-08-01 13:00,3.5,meteoswiss_ch1,malcesine,Limone,9.9,4.3,66,,,,,,,
2026-08-01 07:30,2026-08-01 09:30,7,2026-08-01 12:00,2026-08-01 14:00,4.5,meteoswiss_ch1,malcesine,Limone,8.4,3.8,60,,,,,,,
2026-08-01 07:30,2026-08-01 09:30,7,2026-08-01 13:00,2026-08-01 15:00,5.5,meteoswiss_ch1,malcesine,Limone,7.4,0.9,63,,,,,,,
2026-08-01 07:30,2026-08-01 09:30,7,2026-08-01 14:00,2026-08-01 16:00,6.5,meteoswiss_ch1,malcesine,Limone,6.8,2.4,125,,,,,,,
2026-08-01 07:30,2026-08-01 09:30,7,2026-08-01 15:00,2026-08-01 17:00,7.5,meteoswiss_ch1,malcesine,Limone,6.0,3.1,4,,,,,,,
2026-08-01 07:30,2026-08-01 09:30,7,2026-08-01 16:00,2026-08-01 18:00,8.5,meteoswiss_ch1,malcesine,Limone,5.8,1.8,13,,,,,,,
2026-08-01 07:30,2026-08-01 09:30,7,2026-08-01 17:00,2026-08-01 19:00,9.5,meteoswiss_ch1,malcesine,Limone,4.9,1.3,352,,,,,,,
2026-08-01 07:30,2026-08-01 09:30,7,2026-08-01 18:00,2026-08-01 20:00,10.5,meteoswiss_ch1,malcesine,Limone,8.5,5.3,306,,,,,,,
2026-08-01 07:30,2026-08-01 09:30,7,2026-08-01 19:00,2026-08-01 21:00,11.5,meteoswiss_ch1,malcesine,Limone,10.7,6.4,273,,,,,,,
2026-08-01 07:30,2026-08-01 09:30,7,2026-08-01 20:00,2026-08-01 22:00,12.5,meteoswiss_ch1,malcesine,Limone,35.4,4.0,241,,,,,,,
2026-08-01 07:30,2026-08-01 09:30,7,2026-08-01 21:00,2026-08-01 23:00,13.5,meteoswiss_ch1,malcesine,Limone,12.9,4.0,325,,,,,,,
2026-08-01 07:30,2026-08-01 09:30,7,2026-08-01 22:00,2026-08-02 00:00,14.5,meteoswiss_ch1,malcesine,Limone,8.0,1.0,338,,,,,,,
2026-08-01 07:30,2026-08-01 09:30,7,2026-08-01 23:00,2026-08-02 01:00,15.5,meteoswiss_ch1,malcesine,Limone,6.2,4.1,289,,,,,,,
2026-08-01 07:30,2026-08-01 09:30,7,2026-08-02 00:00,2026-08-02 02:00,16.5,meteoswiss_ch1,malcesine,Limone,9.0,1.6,270,,,,,,,
2026-08-01 07:30,2026-08-01 09:30,7,2026-08-02 01:00,2026-08-02 03:00,17.5,meteoswiss_ch1,malcesine,Limone,5.2,2.5,270,,,,,,,
2026-08-01 07:30,2026-08-01 09:30,7,2026-08-02 02:00,2026-08-02 04:00,18.5,meteoswiss_ch1,malcesine,Limone,12.3,5.1,317,,,,,,,
2026-08-01 07:30,2026-08-01 09:30,7,2026-08-02 03:00,2026-08-02 05:00,19.5,meteoswiss_ch1,malcesine,Limone,9.0,4.7,322,,,,,,,
2026-08-01 07:30,2026-08-01 09:30,7,2026-08-02 04:00,2026-08-02 06:00,20.5,meteoswiss_ch1,malcesine,Limone,9.3,3.7,295,,,,,,,
2026-08-01 07:30,2026-08-01 09:30,7,2026-08-02 05:00,2026-08-02 07:00,21.5,meteoswiss_ch1,malcesine,Limone,7.4,4.0,256,,,,,,,
2026-08-01 07:30,2026-08-01 09:30,7,2026-08-02 06:00,2026-08-02 08:00,22.5,meteoswiss_ch1,malcesine,Limone,6.8,3.1,270,,,,,,,
2026-08-01 07:30,2026-08-01 09:30,7,2026-08-02 07:00,2026-08-02 09:00,23.5,meteoswiss_ch1,malcesine,Limone,7.2,2.6,306,,,,,,,
2026-08-01 07:30,2026-08-01 09:30,7,2026-08-02 08:00,2026-08-02 10:00,24.5,meteoswiss_ch1,malcesine,Limone,4.3,1.2,309,,,,,,,
2026-08-01 07:30,2026-08-01 09:30,7,2026-08-02 09:00,2026-08-02 11:00,25.5,meteoswiss_ch1,malcesine,Limone,4.5,0.4,297,,,,,,,
2026-08-01 07:30,2026-08-01 09:30,7,2026-08-02 10:00,2026-08-02 12:00,26.5,meteoswiss_ch1,malcesine,Limone,3.5,1.8,77,,,,,,,
2026-08-01 07:30,2026-08-01 09:30,7,2026-08-02 11:00,2026-08-02 13:00,27.5,meteoswiss_ch1,malcesine,Limone,3.9,1.4,56,,,,,,,
2026-08-01 07:30,2026-08-01 09:30,7,2026-08-02 12:00,2026-08-02 14:00,28.5,meteoswiss_ch1,malcesine,Limone,6.0,2.8,78,,,,,,,
2026-08-01 07:30,2026-08-01 09:30,7,2026-08-02 13:00,2026-08-02 15:00,29.5,meteoswiss_ch1,malcesine,Limone,,,,,,,,,,
2026-08-01 07:30,2026-08-01 09:30,7,2026-08-02 14:00,2026-08-02 16:00,30.5,meteoswiss_ch1,malcesine,Limone,,,,,,,,,,
2026-08-01 07:30,2026-08-01 09:30,7,2026-08-02 15:00,2026-08-02 17:00,31.5,meteoswiss_ch1,malcesine,Limone,,,,,,,,,,
2026-08-01 07:30,2026-08-01 09:30,7,2026-08-02 16:00,2026-08-02 18:00,32.5,meteoswiss_ch1,malcesine,Limone,,,,,,,,,,
2026-08-01 07:30,2026-08-01 09:30,7,2026-08-02 17:00,2026-08-02 19:00,33.5,meteoswiss_ch1,malcesine,Limone,,,,,,,,,,
2026-08-01 07:30,2026-08-01 09:30,7,2026-08-02 18:00,2026-08-02 20:00,34.5,meteoswiss_ch1,malcesine,Limone,,,,,,,,,,
2026-08-01 07:30,2026-08-01 09:30,7,2026-08-02 19:00,2026-08-02 21:00,35.5,meteoswiss_ch1,malcesine,Limone,,,,,,,,,,
2026-08-01 07:30,2026-08-01 09:30,7,2026-08-02 20:00,2026-08-02 22:00,36.5,meteoswiss_ch1,malcesine,Limone,,,,,,,,,,
2026-08-01 07:30,2026-08-01 09:30,7,2026-08-02 21:00,2026-08-02 23:00,37.5,meteoswiss_ch1,malcesine,Limone,,,,,,,,,,
2026-08-01 07:30,2026-08-01 09:30,7,2026-08-02 22:00,2026-08-03 00:00,38.5,meteoswiss_ch1,malcesine,Limone,,,,,,,,,,
2026-08-01 07:30,2026-08-01 09:30,7,2026-08-02 23:00,2026-08-03 01:00,39.5,meteoswiss_ch1,malcesine,Limone,,,,,,,,,,
2026-08-01 07:30,2026-08-01 09:30,7,2026-08-01 08:00,2026-08-01 10:00,0.5,meteoswiss_ch1,malcesine,Navene,19.7,8.8,22,,,,,,,
2026-08-01 07:30,2026-08-01 09:30,7,2026-08-01 09:00,2026-08-01 11:00,1.5,meteoswiss_ch1,malcesine,Navene,20.0,8.4,19,,,,,,,
2026-08-01 07:30,2026-08-01 09:30,7,2026-08-01 10:00,2026-08-01 12:00,2.5,meteoswiss_ch1,malcesine,Navene,19.2,7.6,19,,,,,,,
2026-08-01 07:30,2026-08-01 09:30,7,2026-08-01 11:00,2026-08-01 13:00,3.5,meteoswiss_ch1,malcesine,Navene,18.5,6.9,10,,,,,,,
2026-08-01 07:30,2026-08-01 09:30,7,2026-08-01 12:00,2026-08-01 14:00,4.5,meteoswiss_ch1,malcesine,Navene,16.5,5.9,352,,,,,,,
2026-08-01 07:30,2026-08-01 09:30,7,2026-08-01 13:00,2026-08-01 15:00,5.5,meteoswiss_ch1,malcesine,Navene,14.6,4.9,304,,,,,,,
2026-08-01 07:30,2026-08-01 09:30,7,2026-08-01 14:00,2026-08-01 16:00,6.5,meteoswiss_ch1,malcesine,Navene,12.6,1.7,234,,,,,,,
2026-08-01 07:30,2026-08-01 09:30,7,2026-08-01 15:00,2026-08-01 17:00,7.5,meteoswiss_ch1,malcesine,Navene,14.4,6.2,20,,,,,,,
2026-08-01 07:30,2026-08-01 09:30,7,2026-08-01 16:00,2026-08-01 18:00,8.5,meteoswiss_ch1,malcesine,Navene,18.5,5.3,17,,,,,,,
2026-08-01 07:30,2026-08-01 09:30,7,2026-08-01 17:00,2026-08-01 19:00,9.5,meteoswiss_ch1,malcesine,Navene,15.3,6.7,18,,,,,,,
2026-08-01 07:30,2026-08-01 09:30,7,2026-08-01 18:00,2026-08-01 20:00,10.5,meteoswiss_ch1,malcesine,Navene,15.8,6.3,22,,,,,,,
2026-08-01 07:30,2026-08-01 09:30,7,2026-08-01 19:00,2026-08-01 21:00,11.5,meteoswiss_ch1,malcesine,Navene,13.8,4.9,56,,,,,,,
2026-08-01 07:30,2026-08-01 09:30,7,2026-08-01 20:00,2026-08-01 22:00,12.5,meteoswiss_ch1,malcesine,Navene,37.1,3.0,238,,,,,,,
2026-08-01 07:30,2026-08-01 09:30,7,2026-08-01 21:00,2026-08-01 23:00,13.5,meteoswiss_ch1,malcesine,Navene,19.1,3.9,20,,,,,,,
2026-08-01 07:30,2026-08-01 09:30,7,2026-08-01 22:00,2026-08-02 00:00,14.5,meteoswiss_ch1,malcesine,Navene,11.9,5.1,47,,,,,,,
2026-08-01 07:30,2026-08-01 09:30,7,2026-08-01 23:00,2026-08-02 01:00,15.5,meteoswiss_ch1,malcesine,Navene,12.9,5.1,40,,,,,,,
2026-08-01 07:30,2026-08-01 09:30,7,2026-08-02 00:00,2026-08-02 02:00,16.5,meteoswiss_ch1,malcesine,Navene,12.0,5.3,73,,,,,,,
2026-08-01 07:30,2026-08-01 09:30,7,2026-08-02 01:00,2026-08-02 03:00,17.5,meteoswiss_ch1,malcesine,Navene,10.7,3.3,80,,,,,,,
2026-08-01 07:30,2026-08-01 09:30,7,2026-08-02 02:00,2026-08-02 04:00,18.5,meteoswiss_ch1,malcesine,Navene,11.7,4.8,47,,,,,,,
2026-08-01 07:30,2026-08-01 09:30,7,2026-08-02 03:00,2026-08-02 05:00,19.5,meteoswiss_ch1,malcesine,Navene,12.3,6.0,33,,,,,,,
2026-08-01 07:30,2026-08-01 09:30,7,2026-08-02 04:00,2026-08-02 06:00,20.5,meteoswiss_ch1,malcesine,Navene,12.3,4.9,81,,,,,,,
2026-08-01 07:30,2026-08-01 09:30,7,2026-08-02 05:00,2026-08-02 07:00,21.5,meteoswiss_ch1,malcesine,Navene,13.2,4.6,102,,,,,,,
2026-08-01 07:30,2026-08-01 09:30,7,2026-08-02 06:00,2026-08-02 08:00,22.5,meteoswiss_ch1,malcesine,Navene,11.1,4.2,79,,,,,,,
2026-08-01 07:30,2026-08-01 09:30,7,2026-08-02 07:00,2026-08-02 09:00,23.5,meteoswiss_ch1,malcesine,Navene,10.1,3.6,36,,,,,,,
2026-08-01 07:30,2026-08-01 09:30,7,2026-08-02 08:00,2026-08-02 10:00,24.5,meteoswiss_ch1,malcesine,Navene,8.7,3.8,66,,,,,,,
2026-08-01 07:30,2026-08-01 09:30,7,2026-08-02 09:00,2026-08-02 11:00,25.5,meteoswiss_ch1,malcesine,Navene,13.2,4.4,49,,,,,,,
2026-08-01 07:30,2026-08-01 09:30,7,2026-08-02 10:00,2026-08-02 12:00,26.5,meteoswiss_ch1,malcesine,Navene,13.4,5.3,46,,,,,,,
2026-08-01 07:30,2026-08-01 09:30,7,2026-08-02 11:00,2026-08-02 13:00,27.5,meteoswiss_ch1,malcesine,Navene,13.8,5.8,33,,,,,,,
2026-08-01 07:30,2026-08-01 09:30,7,2026-08-02 12:00,2026-08-02 14:00,28.5,meteoswiss_ch1,malcesine,Navene,13.0,4.8,27,,,,,,,
2026-08-01 07:30,2026-08-01 09:30,7,2026-08-02 13:00,2026-08-02 15:00,29.5,meteoswiss_ch1,malcesine,Navene,,,,,,,,,,
2026-08-01 07:30,2026-08-01 09:30,7,2026-08-02 14:00,2026-08-02 16:00,30.5,meteoswiss_ch1,malcesine,Navene,,,,,,,,,,
2026-08-01 07:30,2026-08-01 09:30,7,2026-08-02 15:00,2026-08-02 17:00,31.5,meteoswiss_ch1,malcesine,Navene,,,,,,,,,,
2026-08-01 07:30,2026-08-01 09:30,7,2026-08-02 16:00,2026-08-02 18:00,32.5,meteoswiss_ch1,malcesine,Navene,,,,,,,,,,
2026-08-01 07:30,2026-08-01 09:30,7,2026-08-02 17:00,2026-08-02 19:00,33.5,meteoswiss_ch1,malcesine,Navene,,,,,,,,,,
2026-08-01 07:30,2026-08-01 09:30,7,2026-08-02 18:00,2026-08-02 20:00,34.5,meteoswiss_ch1,malcesine,Navene,,,,,,,,,,
2026-08-01 07:30,2026-08-01 09:30,7,2026-08-02 19:00,2026-08-02 21:00,35.5,meteoswiss_ch1,malcesine,Navene,,,,,,,,,,
2026-08-01 07:30,2026-08-01 09:30,7,2026-08-02 20:00,2026-08-02 22:00,36.5,meteoswiss_ch1,malcesine,Navene,,,,,,,,,,
2026-08-01 07:30,2026-08-01 09:30,7,2026-08-02 21:00,2026-08-02 23:00,37.5,meteoswiss_ch1,malcesine,Navene,,,,,,,,,,
2026-08-01 07:30,2026-08-01 09:30,7,2026-08-02 22:00,2026-08-03 00:00,38.5,meteoswiss_ch1,malcesine,Navene,,,,,,,,,,
2026-08-01 07:30,2026-08-01 09:30,7,2026-08-02 23:00,2026-08-03 01:00,39.5,meteoswiss_ch1,malcesine,Navene,,,,,,,,,,
2026-08-01 07:30,2026-08-01 09:30,7,2026-08-01 08:00,2026-08-01 10:00,0.5,meteoswiss_ch1,malcesine,Parcheggione,7.6,3.9,20,,,,,,,
2026-08-01 07:30,2026-08-01 09:30,7,2026-08-01 09:00,2026-08-01 11:00,1.5,meteoswiss_ch1,malcesine,Parcheggione,13.2,5.9,6,,,,,,,
2026-08-01 07:30,2026-08-01 09:30,7,2026-08-01 10:00,2026-08-01 12:00,2.5,meteoswiss_ch1,malcesine,Parcheggione,14.8,6.0,2,,,,,,,
2026-08-01 07:30,2026-08-01 09:30,7,2026-08-01 11:00,2026-08-01 13:00,3.5,meteoswiss_ch1,malcesine,Parcheggione,15.0,6.0,347,,,,,,,
2026-08-01 07:30,2026-08-01 09:30,7,2026-08-01 12:00,2026-08-01 14:00,4.5,meteoswiss_ch1,malcesine,Parcheggione,13.8,5.7,338,,,,,,,
2026-08-01 07:30,2026-08-01 09:30,7,2026-08-01 13:00,2026-08-01 15:00,5.5,meteoswiss_ch1,malcesine,Parcheggione,13.4,4.5,304,,,,,,,
2026-08-01 07:30,2026-08-01 09:30,7,2026-08-01 14:00,2026-08-01 16:00,6.5,meteoswiss_ch1,malcesine,Parcheggione,11.3,2.0,281,,,,,,,
2026-08-01 07:30,2026-08-01 09:30,7,2026-08-01 15:00,2026-08-01 17:00,7.5,meteoswiss_ch1,malcesine,Parcheggione,11.3,5.1,353,,,,,,,
2026-08-01 07:30,2026-08-01 09:30,7,2026-08-01 16:00,2026-08-01 18:00,8.5,meteoswiss_ch1,malcesine,Parcheggione,13.2,3.1,360,,,,,,,
2026-08-01 07:30,2026-08-01 09:30,7,2026-08-01 17:00,2026-08-01 19:00,9.5,meteoswiss_ch1,malcesine,Parcheggione,10.5,3.9,3,,,,,,,
2026-08-01 07:30,2026-08-01 09:30,7,2026-08-01 18:00,2026-08-01 20:00,10.5,meteoswiss_ch1,malcesine,Parcheggione,9.9,2.9,4,,,,,,,
2026-08-01 07:30,2026-08-01 09:30,7,2026-08-01 19:00,2026-08-01 21:00,11.5,meteoswiss_ch1,malcesine,Parcheggione,5.6,1.8,139,,,,,,,
2026-08-01 07:30,2026-08-01 09:30,7,2026-08-01 20:00,2026-08-01 22:00,12.5,meteoswiss_ch1,malcesine,Parcheggione,32.1,2.0,331,,,,,,,
2026-08-01 07:30,2026-08-01 09:30,7,2026-08-01 21:00,2026-08-01 23:00,13.5,meteoswiss_ch1,malcesine,Parcheggione,20.6,3.9,11,,,,,,,
2026-08-01 07:30,2026-08-01 09:30,7,2026-08-01 22:00,2026-08-02 00:00,14.5,meteoswiss_ch1,malcesine,Parcheggione,9.0,1.6,60,,,,,,,
2026-08-01 07:30,2026-08-01 09:30,7,2026-08-01 23:00,2026-08-02 01:00,15.5,meteoswiss_ch1,malcesine,Parcheggione,5.8,2.0,29,,,,,,,
2026-08-01 07:30,2026-08-01 09:30,7,2026-08-02 00:00,2026-08-02 02:00,16.5,meteoswiss_ch1,malcesine,Parcheggione,8.0,4.3,126,,,,,,,
2026-08-01 07:30,2026-08-01 09:30,7,2026-08-02 01:00,2026-08-02 03:00,17.5,meteoswiss_ch1,malcesine,Parcheggione,9.3,4.1,155,,,,,,,
2026-08-01 07:30,2026-08-01 09:30,7,2026-08-02 02:00,2026-08-02 04:00,18.5,meteoswiss_ch1,malcesine,Parcheggione,7.6,1.9,96,,,,,,,
2026-08-01 07:30,2026-08-01 09:30,7,2026-08-02 03:00,2026-08-02 05:00,19.5,meteoswiss_ch1,malcesine,Parcheggione,7.2,3.8,24,,,,,,,
2026-08-01 07:30,2026-08-01 09:30,7,2026-08-02 04:00,2026-08-02 06:00,20.5,meteoswiss_ch1,malcesine,Parcheggione,8.4,3.8,102,,,,,,,
2026-08-01 07:30,2026-08-01 09:30,7,2026-08-02 05:00,2026-08-02 07:00,21.5,meteoswiss_ch1,malcesine,Parcheggione,9.5,5.0,132,,,,,,,
2026-08-01 07:30,2026-08-01 09:30,7,2026-08-02 06:00,2026-08-02 08:00,22.5,meteoswiss_ch1,malcesine,Parcheggione,9.5,3.6,139,,,,,,,
2026-08-01 07:30,2026-08-01 09:30,7,2026-08-02 07:00,2026-08-02 09:00,23.5,meteoswiss_ch1,malcesine,Parcheggione,9.1,0.7,304,,,,,,,
2026-08-01 07:30,2026-08-01 09:30,7,2026-08-02 08:00,2026-08-02 10:00,24.5,meteoswiss_ch1,malcesine,Parcheggione,6.2,2.8,115,,,,,,,
2026-08-01 07:30,2026-08-01 09:30,7,2026-08-02 09:00,2026-08-02 11:00,25.5,meteoswiss_ch1,malcesine,Parcheggione,10.3,3.6,61,,,,,,,
2026-08-01 07:30,2026-08-01 09:30,7,2026-08-02 10:00,2026-08-02 12:00,26.5,meteoswiss_ch1,malcesine,Parcheggione,7.6,2.6,77,,,,,,,
2026-08-01 07:30,2026-08-01 09:30,7,2026-08-02 11:00,2026-08-02 13:00,27.5,meteoswiss_ch1,malcesine,Parcheggione,6.4,2.8,25,,,,,,,
2026-08-01 07:30,2026-08-01 09:30,7,2026-08-02 12:00,2026-08-02 14:00,28.5,meteoswiss_ch1,malcesine,Parcheggione,6.6,2.5,23,,,,,,,
2026-08-01 07:30,2026-08-01 09:30,7,2026-08-02 13:00,2026-08-02 15:00,29.5,meteoswiss_ch1,malcesine,Parcheggione,,,,,,,,,,
2026-08-01 07:30,2026-08-01 09:30,7,2026-08-02 14:00,2026-08-02 16:00,30.5,meteoswiss_ch1,malcesine,Parcheggione,,,,,,,,,,
2026-08-01 07:30,2026-08-01 09:30,7,2026-08-02 15:00,2026-08-02 17:00,31.5,meteoswiss_ch1,malcesine,Parcheggione,,,,,,,,,,
2026-08-01 07:30,2026-08-01 09:30,7,2026-08-02 16:00,2026-08-02 18:00,32.5,meteoswiss_ch1,malcesine,Parcheggione,,,,,,,,,,
2026-08-01 07:30,2026-08-01 09:30,7,2026-08-02 17:00,2026-08-02 19:00,33.5,meteoswiss_ch1,malcesine,Parcheggione,,,,,,,,,,
2026-08-01 07:30,2026-08-01 09:30,7,2026-08-02 18:00,2026-08-02 20:00,34.5,meteoswiss_ch1,malcesine,Parcheggione,,,,,,,,,,
2026-08-01 07:30,2026-08-01 09:30,7,2026-08-02 19:00,2026-08-02 21:00,35.5,meteoswiss_ch1,malcesine,Parcheggione,,,,,,,,,,
2026-08-01 07:30,2026-08-01 09:30,7,2026-08-02 20:00,2026-08-02 22:00,36.5,meteoswiss_ch1,malcesine,Parcheggione,,,,,,,,,,
2026-08-01 07:30,2026-08-01 09:30,7,2026-08-02 21:00,2026-08-02 23:00,37.5,meteoswiss_ch1,malcesine,Parcheggione,,,,,,,,,,
2026-08-01 07:30,2026-08-01 09:30,7,2026-08-02 22:00,2026-08-03 00:00,38.5,meteoswiss_ch1,malcesine,Parcheggione,,,,,,,,,,
2026-08-01 07:30,2026-08-01 09:30,7,2026-08-02 23:00,2026-08-03 01:00,39.5,meteoswiss_ch1,malcesine,Parcheggione,,,,,,,,,,
2026-08-01 07:30,2026-08-01 09:30,7,2026-08-01 08:00,2026-08-01 10:00,0.5,meteoswiss_ch1,torbole,Conca d'Oro,20.0,9.3,78,,,,,,,
2026-08-01 07:30,2026-08-01 09:30,7,2026-08-01 09:00,2026-08-01 11:00,1.5,meteoswiss_ch1,torbole,Conca d'Oro,19.2,8.7,78,,,,,,,
2026-08-01 07:30,2026-08-01 09:30,7,2026-08-01 10:00,2026-08-01 12:00,2.5,meteoswiss_ch1,torbole,Conca d'Oro,18.3,6.7,72,,,,,,,
2026-08-01 07:30,2026-08-01 09:30,7,2026-08-01 11:00,2026-08-01 13:00,3.5,meteoswiss_ch1,torbole,Conca d'Oro,14.8,5.1,65,,,,,,,
2026-08-01 07:30,2026-08-01 09:30,7,2026-08-01 12:00,2026-08-01 14:00,4.5,meteoswiss_ch1,torbole,Conca d'Oro,11.7,2.2,52,,,,,,,
2026-08-01 07:30,2026-08-01 09:30,7,2026-08-01 13:00,2026-08-01 15:00,5.5,meteoswiss_ch1,torbole,Conca d'Oro,6.6,2.6,253,,,,,,,
2026-08-01 07:30,2026-08-01 09:30,7,2026-08-01 14:00,2026-08-01 16:00,6.5,meteoswiss_ch1,torbole,Conca d'Oro,10.9,1.8,238,,,,,,,
2026-08-01 07:30,2026-08-01 09:30,7,2026-08-01 15:00,2026-08-01 17:00,7.5,meteoswiss_ch1,torbole,Conca d'Oro,15.0,2.5,356,,,,,,,
2026-08-01 07:30,2026-08-01 09:30,7,2026-08-01 16:00,2026-08-01 18:00,8.5,meteoswiss_ch1,torbole,Conca d'Oro,17.1,2.3,31,,,,,,,
2026-08-01 07:30,2026-08-01 09:30,7,2026-08-01 17:00,2026-08-01 19:00,9.5,meteoswiss_ch1,torbole,Conca d'Oro,8.0,3.2,11,,,,,,,
2026-08-01 07:30,2026-08-01 09:30,7,2026-08-01 18:00,2026-08-01 20:00,10.5,meteoswiss_ch1,torbole,Conca d'Oro,10.5,5.4,64,,,,,,,
2026-08-01 07:30,2026-08-01 09:30,7,2026-08-01 19:00,2026-08-01 21:00,11.5,meteoswiss_ch1,torbole,Conca d'Oro,16.7,8.5,70,,,,,,,
2026-08-01 07:30,2026-08-01 09:30,7,2026-08-01 20:00,2026-08-01 22:00,12.5,meteoswiss_ch1,torbole,Conca d'Oro,52.9,21.5,203,,,,,,,
2026-08-01 07:30,2026-08-01 09:30,7,2026-08-01 21:00,2026-08-01 23:00,13.5,meteoswiss_ch1,torbole,Conca d'Oro,45.3,10.3,19,,,,,,,
2026-08-01 07:30,2026-08-01 09:30,7,2026-08-01 22:00,2026-08-02 00:00,14.5,meteoswiss_ch1,torbole,Conca d'Oro,22.6,5.5,72,,,,,,,
2026-08-01 07:30,2026-08-01 09:30,7,2026-08-01 23:00,2026-08-02 01:00,15.5,meteoswiss_ch1,torbole,Conca d'Oro,14.2,7.2,59,,,,,,,
2026-08-01 07:30,2026-08-01 09:30,7,2026-08-02 00:00,2026-08-02 02:00,16.5,meteoswiss_ch1,torbole,Conca d'Oro,17.1,8.0,75,,,,,,,
2026-08-01 07:30,2026-08-01 09:30,7,2026-08-02 01:00,2026-08-02 03:00,17.5,meteoswiss_ch1,torbole,Conca d'Oro,20.6,10.0,63,,,,,,,
2026-08-01 07:30,2026-08-01 09:30,7,2026-08-02 02:00,2026-08-02 04:00,18.5,meteoswiss_ch1,torbole,Conca d'Oro,19.4,7.0,44,,,,,,,
2026-08-01 07:30,2026-08-01 09:30,7,2026-08-02 03:00,2026-08-02 05:00,19.5,meteoswiss_ch1,torbole,Conca d'Oro,14.2,6.3,60,,,,,,,
2026-08-01 07:30,2026-08-01 09:30,7,2026-08-02 04:00,2026-08-02 06:00,20.5,meteoswiss_ch1,torbole,Conca d'Oro,16.7,8.4,75,,,,,,,
2026-08-01 07:30,2026-08-01 09:30,7,2026-08-02 05:00,2026-08-02 07:00,21.5,meteoswiss_ch1,torbole,Conca d'Oro,23.3,11.8,81,,,,,,,
2026-08-01 07:30,2026-08-01 09:30,7,2026-08-02 06:00,2026-08-02 08:00,22.5,meteoswiss_ch1,torbole,Conca d'Oro,23.3,7.9,73,,,,,,,
2026-08-01 07:30,2026-08-01 09:30,7,2026-08-02 07:00,2026-08-02 09:00,23.5,meteoswiss_ch1,torbole,Conca d'Oro,16.1,6.6,58,,,,,,,
2026-08-01 07:30,2026-08-01 09:30,7,2026-08-02 08:00,2026-08-02 10:00,24.5,meteoswiss_ch1,torbole,Conca d'Oro,15.2,7.2,59,,,,,,,
2026-08-01 07:30,2026-08-01 09:30,7,2026-08-02 09:00,2026-08-02 11:00,25.5,meteoswiss_ch1,torbole,Conca d'Oro,14.8,7.1,73,,,,,,,
2026-08-01 07:30,2026-08-01 09:30,7,2026-08-02 10:00,2026-08-02 12:00,26.5,meteoswiss_ch1,torbole,Conca d'Oro,17.7,9.0,85,,,,,,,
2026-08-01 07:30,2026-08-01 09:30,7,2026-08-02 11:00,2026-08-02 13:00,27.5,meteoswiss_ch1,torbole,Conca d'Oro,20.0,8.8,85,,,,,,,
2026-08-01 07:30,2026-08-01 09:30,7,2026-08-02 12:00,2026-08-02 14:00,28.5,meteoswiss_ch1,torbole,Conca d'Oro,18.1,8.4,83,,,,,,,
2026-08-01 07:30,2026-08-01 09:30,7,2026-08-02 13:00,2026-08-02 15:00,29.5,meteoswiss_ch1,torbole,Conca d'Oro,,,,,,,,,,
2026-08-01 07:30,2026-08-01 09:30,7,2026-08-02 14:00,2026-08-02 16:00,30.5,meteoswiss_ch1,torbole,Conca d'Oro,,,,,,,,,,
2026-08-01 07:30,2026-08-01 09:30,7,2026-08-02 15:00,2026-08-02 17:00,31.5,meteoswiss_ch1,torbole,Conca d'Oro,,,,,,,,,,
2026-08-01 07:30,2026-08-01 09:30,7,2026-08-02 16:00,2026-08-02 18:00,32.5,meteoswiss_ch1,torbole,Conca d'Oro,,,,,,,,,,
2026-08-01 07:30,2026-08-01 09:30,7,2026-08-02 17:00,2026-08-02 19:00,33.5,meteoswiss_ch1,torbole,Conca d'Oro,,,,,,,,,,
2026-08-01 07:30,2026-08-01 09:30,7,2026-08-02 18:00,2026-08-02 20:00,34.5,meteoswiss_ch1,torbole,Conca d'Oro,,,,,,,,,,
2026-08-01 07:30,2026-08-01 09:30,7,2026-08-02 19:00,2026-08-02 21:00,35.5,meteoswiss_ch1,torbole,Conca d'Oro,,,,,,,,,,
2026-08-01 07:30,2026-08-01 09:30,7,2026-08-02 20:00,2026-08-02 22:00,36.5,meteoswiss_ch1,torbole,Conca d'Oro,,,,,,,,,,
2026-08-01 07:30,2026-08-01 09:30,7,2026-08-02 21:00,2026-08-02 23:00,37.5,meteoswiss_ch1,torbole,Conca d'Oro,,,,,,,,,,
2026-08-01 07:30,2026-08-01 09:30,7,2026-08-02 22:00,2026-08-03 00:00,38.5,meteoswiss_ch1,torbole,Conca d'Oro,,,,,,,,,,
2026-08-01 07:30,2026-08-01 09:30,7,2026-08-02 23:00,2026-08-03 01:00,39.5,meteoswiss_ch1,torbole,Conca d'Oro,,,,,,,,,,
2026-08-01 07:30,2026-08-01 09:30,7,2026-08-01 08:00,2026-08-01 10:00,0.5,meteoswiss_ch1,torbole,Hotel Pier,19.8,11.9,16,,,,,,,
2026-08-01 07:30,2026-08-01 09:30,7,2026-08-01 09:00,2026-08-01 11:00,1.5,meteoswiss_ch1,torbole,Hotel Pier,19.8,10.7,17,,,,,,,
2026-08-01 07:30,2026-08-01 09:30,7,2026-08-01 10:00,2026-08-01 12:00,2.5,meteoswiss_ch1,torbole,Hotel Pier,18.1,9.7,19,,,,,,,
2026-08-01 07:30,2026-08-01 09:30,7,2026-08-01 11:00,2026-08-01 13:00,3.5,meteoswiss_ch1,torbole,Hotel Pier,16.3,7.7,16,,,,,,,
2026-08-01 07:30,2026-08-01 09:30,7,2026-08-01 12:00,2026-08-01 14:00,4.5,meteoswiss_ch1,torbole,Hotel Pier,13.0,5.1,11,,,,,,,
2026-08-01 07:30,2026-08-01 09:30,7,2026-08-01 13:00,2026-08-01 15:00,5.5,meteoswiss_ch1,torbole,Hotel Pier,9.0,2.5,360,,,,,,,
2026-08-01 07:30,2026-08-01 09:30,7,2026-08-01 14:00,2026-08-01 16:00,6.5,meteoswiss_ch1,torbole,Hotel Pier,8.4,1.6,180,,,,,,,
2026-08-01 07:30,2026-08-01 09:30,7,2026-08-01 15:00,2026-08-01 17:00,7.5,meteoswiss_ch1,torbole,Hotel Pier,10.7,4.6,338,,,,,,,
2026-08-01 07:30,2026-08-01 09:30,7,2026-08-01 16:00,2026-08-01 18:00,8.5,meteoswiss_ch1,torbole,Hotel Pier,14.0,7.3,25,,,,,,,
2026-08-01 07:30,2026-08-01 09:30,7,2026-08-01 17:00,2026-08-01 19:00,9.5,meteoswiss_ch1,torbole,Hotel Pier,11.4,6.9,7,,,,,,,
2026-08-01 07:30,2026-08-01 09:30,7,2026-08-01 18:00,2026-08-01 20:00,10.5,meteoswiss_ch1,torbole,Hotel Pier,12.0,7.6,331,,,,,,,
2026-08-01 07:30,2026-08-01 09:30,7,2026-08-01 19:00,2026-08-01 21:00,11.5,meteoswiss_ch1,torbole,Hotel Pier,15.0,9.4,351,,,,,,,
2026-08-01 07:30,2026-08-01 09:30,7,2026-08-01 20:00,2026-08-01 22:00,12.5,meteoswiss_ch1,torbole,Hotel Pier,42.0,20.7,195,,,,,,,
2026-08-01 07:30,2026-08-01 09:30,7,2026-08-01 21:00,2026-08-01 23:00,13.5,meteoswiss_ch1,torbole,Hotel Pier,36.6,9.5,317,,,,,,,
2026-08-01 07:30,2026-08-01 09:30,7,2026-08-01 22:00,2026-08-02 00:00,14.5,meteoswiss_ch1,torbole,Hotel Pier,19.8,7.7,12,,,,,,,
2026-08-01 07:30,2026-08-01 09:30,7,2026-08-01 23:00,2026-08-02 01:00,15.5,meteoswiss_ch1,torbole,Hotel Pier,15.6,9.8,354,,,,,,,
2026-08-01 07:30,2026-08-01 09:30,7,2026-08-02 00:00,2026-08-02 02:00,16.5,meteoswiss_ch1,torbole,Hotel Pier,16.1,9.6,358,,,,,,,
2026-08-01 07:30,2026-08-01 09:30,7,2026-08-02 01:00,2026-08-02 03:00,17.5,meteoswiss_ch1,torbole,Hotel Pier,21.6,13.6,341,,,,,,,
2026-08-01 07:30,2026-08-01 09:30,7,2026-08-02 02:00,2026-08-02 04:00,18.5,meteoswiss_ch1,torbole,Hotel Pier,22.1,11.3,349,,,,,,,
2026-08-01 07:30,2026-08-01 09:30,7,2026-08-02 03:00,2026-08-02 05:00,19.5,meteoswiss_ch1,torbole,Hotel Pier,17.9,8.4,355,,,,,,,
2026-08-01 07:30,2026-08-01 09:30,7,2026-08-02 04:00,2026-08-02 06:00,20.5,meteoswiss_ch1,torbole,Hotel Pier,16.1,9.3,349,,,,,,,
2026-08-01 07:30,2026-08-01 09:30,7,2026-08-02 05:00,2026-08-02 07:00,21.5,meteoswiss_ch1,torbole,Hotel Pier,20.4,12.9,340,,,,,,,
2026-08-01 07:30,2026-08-01 09:30,7,2026-08-02 06:00,2026-08-02 08:00,22.5,meteoswiss_ch1,torbole,Hotel Pier,20.6,10.3,341,,,,,,,
2026-08-01 07:30,2026-08-01 09:30,7,2026-08-02 07:00,2026-08-02 09:00,23.5,meteoswiss_ch1,torbole,Hotel Pier,16.5,9.9,344,,,,,,,
2026-08-01 07:30,2026-08-01 09:30,7,2026-08-02 08:00,2026-08-02 10:00,24.5,meteoswiss_ch1,torbole,Hotel Pier,15.8,9.7,348,,,,,,,
2026-08-01 07:30,2026-08-01 09:30,7,2026-08-02 09:00,2026-08-02 11:00,25.5,meteoswiss_ch1,torbole,Hotel Pier,15.8,9.3,344,,,,,,,
2026-08-01 07:30,2026-08-01 09:30,7,2026-08-02 10:00,2026-08-02 12:00,26.5,meteoswiss_ch1,torbole,Hotel Pier,16.1,10.0,352,,,,,,,
2026-08-01 07:30,2026-08-01 09:30,7,2026-08-02 11:00,2026-08-02 13:00,27.5,meteoswiss_ch1,torbole,Hotel Pier,17.7,9.7,357,,,,,,,
2026-08-01 07:30,2026-08-01 09:30,7,2026-08-02 12:00,2026-08-02 14:00,28.5,meteoswiss_ch1,torbole,Hotel Pier,16.3,9.2,4,,,,,,,
2026-08-01 07:30,2026-08-01 09:30,7,2026-08-02 13:00,2026-08-02 15:00,29.5,meteoswiss_ch1,torbole,Hotel Pier,,,,,,,,,,
2026-08-01 07:30,2026-08-01 09:30,7,2026-08-02 14:00,2026-08-02 16:00,30.5,meteoswiss_ch1,torbole,Hotel Pier,,,,,,,,,,
2026-08-01 07:30,2026-08-01 09:30,7,2026-08-02 15:00,2026-08-02 17:00,31.5,meteoswiss_ch1,torbole,Hotel Pier,,,,,,,,,,
2026-08-01 07:30,2026-08-01 09:30,7,2026-08-02 16:00,2026-08-02 18:00,32.5,meteoswiss_ch1,torbole,Hotel Pier,,,,,,,,,,
2026-08-01 07:30,2026-08-01 09:30,7,2026-08-02 17:00,2026-08-02 19:00,33.5,meteoswiss_ch1,torbole,Hotel Pier,,,,,,,,,,
2026-08-01 07:30,2026-08-01 09:30,7,2026-08-02 18:00,2026-08-02 20:00,34.5,meteoswiss_ch1,torbole,Hotel Pier,,,,,,,,,,
2026-08-01 07:30,2026-08-01 09:30,7,2026-08-02 19:00,2026-08-02 21:00,35.5,meteoswiss_ch1,torbole,Hotel Pier,,,,,,,,,,
2026-08-01 07:30,2026-08-01 09:30,7,2026-08-02 20:00,2026-08-02 22:00,36.5,meteoswiss_ch1,torbole,Hotel Pier,,,,,,,,,,
2026-08-01 07:30,2026-08-01 09:30,7,2026-08-02 21:00,2026-08-02 23:00,37.5,meteoswiss_ch1,torbole,Hotel Pier,,,,,,,,,,
2026-08-01 07:30,2026-08-01 09:30,7,2026-08-02 22:00,2026-08-03 00:00,38.5,meteoswiss_ch1,torbole,Hotel Pier,,,,,,,,,,
2026-08-01 07:30,2026-08-01 09:30,7,2026-08-02 23:00,2026-08-03 01:00,39.5,meteoswiss_ch1,torbole,Hotel Pier,,,,,,,,,,
2026-08-01 07:30,2026-08-01 09:30,7,2026-08-01 08:00,2026-08-01 10:00,0.5,meteoswiss_ch1,torbole,Spiaggia Lucertole,17.9,8.4,7,,,,,,,
2026-08-01 07:30,2026-08-01 09:30,7,2026-08-01 09:00,2026-08-01 11:00,1.5,meteoswiss_ch1,torbole,Spiaggia Lucertole,16.5,8.0,356,,,,,,,
2026-08-01 07:30,2026-08-01 09:30,7,2026-08-01 10:00,2026-08-01 12:00,2.5,meteoswiss_ch1,torbole,Spiaggia Lucertole,15.9,7.8,356,,,,,,,
2026-08-01 07:30,2026-08-01 09:30,7,2026-08-01 11:00,2026-08-01 13:00,3.5,meteoswiss_ch1,torbole,Spiaggia Lucertole,15.6,6.3,344,,,,,,,
2026-08-01 07:30,2026-08-01 09:30,7,2026-08-01 12:00,2026-08-01 14:00,4.5,meteoswiss_ch1,torbole,Spiaggia Lucertole,12.9,4.1,335,,,,,,,
2026-08-01 07:30,2026-08-01 09:30,7,2026-08-01 13:00,2026-08-01 15:00,5.5,meteoswiss_ch1,torbole,Spiaggia Lucertole,8.5,2.8,321,,,,,,,
2026-08-01 07:30,2026-08-01 09:30,7,2026-08-01 14:00,2026-08-01 16:00,6.5,meteoswiss_ch1,torbole,Spiaggia Lucertole,9.3,2.5,184,,,,,,,
2026-08-01 07:30,2026-08-01 09:30,7,2026-08-01 15:00,2026-08-01 17:00,7.5,meteoswiss_ch1,torbole,Spiaggia Lucertole,13.2,5.9,46,,,,,,,
2026-08-01 07:30,2026-08-01 09:30,7,2026-08-01 16:00,2026-08-01 18:00,8.5,meteoswiss_ch1,torbole,Spiaggia Lucertole,17.1,5.7,49,,,,,,,
2026-08-01 07:30,2026-08-01 09:30,7,2026-08-01 17:00,2026-08-01 19:00,9.5,meteoswiss_ch1,torbole,Spiaggia Lucertole,13.0,6.4,35,,,,,,,
2026-08-01 07:30,2026-08-01 09:30,7,2026-08-01 18:00,2026-08-01 20:00,10.5,meteoswiss_ch1,torbole,Spiaggia Lucertole,12.6,5.7,18,,,,,,,
2026-08-01 07:30,2026-08-01 09:30,7,2026-08-01 19:00,2026-08-01 21:00,11.5,meteoswiss_ch1,torbole,Spiaggia Lucertole,11.4,5.2,39,,,,,,,
2026-08-01 07:30,2026-08-01 09:30,7,2026-08-01 20:00,2026-08-01 22:00,12.5,meteoswiss_ch1,torbole,Spiaggia Lucertole,42.0,18.3,189,,,,,,,
2026-08-01 07:30,2026-08-01 09:30,7,2026-08-01 21:00,2026-08-01 23:00,13.5,meteoswiss_ch1,torbole,Spiaggia Lucertole,37.5,4.2,77,,,,,,,
2026-08-01 07:30,2026-08-01 09:30,7,2026-08-01 22:00,2026-08-02 00:00,14.5,meteoswiss_ch1,torbole,Spiaggia Lucertole,23.3,10.5,30,,,,,,,
2026-08-01 07:30,2026-08-01 09:30,7,2026-08-01 23:00,2026-08-02 01:00,15.5,meteoswiss_ch1,torbole,Spiaggia Lucertole,20.8,9.8,17,,,,,,,
2026-08-01 07:30,2026-08-01 09:30,7,2026-08-02 00:00,2026-08-02 02:00,16.5,meteoswiss_ch1,torbole,Spiaggia Lucertole,18.8,7.5,25,,,,,,,
2026-08-01 07:30,2026-08-01 09:30,7,2026-08-02 01:00,2026-08-02 03:00,17.5,meteoswiss_ch1,torbole,Spiaggia Lucertole,14.4,4.9,18,,,,,,,
2026-08-01 07:30,2026-08-01 09:30,7,2026-08-02 02:00,2026-08-02 04:00,18.5,meteoswiss_ch1,torbole,Spiaggia Lucertole,19.4,10.2,13,,,,,,,
2026-08-01 07:30,2026-08-01 09:30,7,2026-08-02 03:00,2026-08-02 05:00,19.5,meteoswiss_ch1,torbole,Spiaggia Lucertole,21.4,9.3,10,,,,,,,
2026-08-01 07:30,2026-08-01 09:30,7,2026-08-02 04:00,2026-08-02 06:00,20.5,meteoswiss_ch1,torbole,Spiaggia Lucertole,17.9,7.6,360,,,,,,,
2026-08-01 07:30,2026-08-01 09:30,7,2026-08-02 05:00,2026-08-02 07:00,21.5,meteoswiss_ch1,torbole,Spiaggia Lucertole,14.6,3.7,25,,,,,,,
2026-08-01 07:30,2026-08-01 09:30,7,2026-08-02 06:00,2026-08-02 08:00,22.5,meteoswiss_ch1,torbole,Spiaggia Lucertole,10.9,4.9,360,,,,,,,
2026-08-01 07:30,2026-08-01 09:30,7,2026-08-02 07:00,2026-08-02 09:00,23.5,meteoswiss_ch1,torbole,Spiaggia Lucertole,11.3,5.8,4,,,,,,,
2026-08-01 07:30,2026-08-01 09:30,7,2026-08-02 08:00,2026-08-02 10:00,24.5,meteoswiss_ch1,torbole,Spiaggia Lucertole,14.2,5.7,10,,,,,,,
2026-08-01 07:30,2026-08-01 09:30,7,2026-08-02 09:00,2026-08-02 11:00,25.5,meteoswiss_ch1,torbole,Spiaggia Lucertole,14.8,6.6,353,,,,,,,
2026-08-01 07:30,2026-08-01 09:30,7,2026-08-02 10:00,2026-08-02 12:00,26.5,meteoswiss_ch1,torbole,Spiaggia Lucertole,14.6,6.8,2,,,,,,,
2026-08-01 07:30,2026-08-01 09:30,7,2026-08-02 11:00,2026-08-02 13:00,27.5,meteoswiss_ch1,torbole,Spiaggia Lucertole,15.6,7.2,355,,,,,,,
2026-08-01 07:30,2026-08-01 09:30,7,2026-08-02 12:00,2026-08-02 14:00,28.5,meteoswiss_ch1,torbole,Spiaggia Lucertole,14.6,6.9,344,,,,,,,
2026-08-01 07:30,2026-08-01 09:30,7,2026-08-02 13:00,2026-08-02 15:00,29.5,meteoswiss_ch1,torbole,Spiaggia Lucertole,,,,,,,,,,
2026-08-01 07:30,2026-08-01 09:30,7,2026-08-02 14:00,2026-08-02 16:00,30.5,meteoswiss_ch1,torbole,Spiaggia Lucertole,,,,,,,,,,
2026-08-01 07:30,2026-08-01 09:30,7,2026-08-02 15:00,2026-08-02 17:00,31.5,meteoswiss_ch1,torbole,Spiaggia Lucertole,,,,,,,,,,
2026-08-01 07:30,2026-08-01 09:30,7,2026-08-02 16:00,2026-08-02 18:00,32.5,meteoswiss_ch1,torbole,Spiaggia Lucertole,,,,,,,,,,
2026-08-01 07:30,2026-08-01 09:30,7,2026-08-02 17:00,2026-08-02 19:00,33.5,meteoswiss_ch1,torbole,Spiaggia Lucertole,,,,,,,,,,
2026-08-01 07:30,2026-08-01 09:30,7,2026-08-02 18:00,2026-08-02 20:00,34.5,meteoswiss_ch1,torbole,Spiaggia Lucertole,,,,,,,,,,
2026-08-01 07:30,2026-08-01 09:30,7,2026-08-02 19:00,2026-08-02 21:00,35.5,meteoswiss_ch1,torbole,Spiaggia Lucertole,,,,,,,,,,
2026-08-01 07:30,2026-08-01 09:30,7,2026-08-02 20:00,2026-08-02 22:00,36.5,meteoswiss_ch1,torbole,Spiaggia Lucertole,,,,,,,,,,
2026-08-01 07:30,2026-08-01 09:30,7,2026-08-02 21:00,2026-08-02 23:00,37.5,meteoswiss_ch1,torbole,Spiaggia Lucertole,,,,,,,,,,
2026-08-01 07:30,2026-08-01 09:30,7,2026-08-02 22:00,2026-08-03 00:00,38.5,meteoswiss_ch1,torbole,Spiaggia Lucertole,,,,,,,,,,
2026-08-01 07:30,2026-08-01 09:30,7,2026-08-02 23:00,2026-08-03 01:00,39.5,meteoswiss_ch1,torbole,Spiaggia Lucertole,,,,,,,,,,
2026-08-01 07:30,2026-08-01 09:30,7,2026-08-01 08:00,2026-08-01 10:00,0.5,meteoswiss_ch1,torbole,Terrazza Ponale,6.8,2.6,73,,,,,,,
2026-08-01 07:30,2026-08-01 09:30,7,2026-08-01 09:00,2026-08-01 11:00,1.5,meteoswiss_ch1,torbole,Terrazza Ponale,7.4,3.0,75,,,,,,,
2026-08-01 07:30,2026-08-01 09:30,7,2026-08-01 10:00,2026-08-01 12:00,2.5,meteoswiss_ch1,torbole,Terrazza Ponale,7.4,2.8,56,,,,,,,
2026-08-01 07:30,2026-08-01 09:30,7,2026-08-01 11:00,2026-08-01 13:00,3.5,meteoswiss_ch1,torbole,Terrazza Ponale,7.2,2.3,48,,,,,,,
2026-08-01 07:30,2026-08-01 09:30,7,2026-08-01 12:00,2026-08-01 14:00,4.5,meteoswiss_ch1,torbole,Terrazza Ponale,6.2,1.4,16,,,,,,,
2026-08-01 07:30,2026-08-01 09:30,7,2026-08-01 13:00,2026-08-01 15:00,5.5,meteoswiss_ch1,torbole,Terrazza Ponale,5.5,2.1,287,,,,,,,
2026-08-01 07:30,2026-08-01 09:30,7,2026-08-01 14:00,2026-08-01 16:00,6.5,meteoswiss_ch1,torbole,Terrazza Ponale,9.9,1.2,171,,,,,,,
2026-08-01 07:30,2026-08-01 09:30,7,2026-08-01 15:00,2026-08-01 17:00,7.5,meteoswiss_ch1,torbole,Terrazza Ponale,16.1,4.5,25,,,,,,,
2026-08-01 07:30,2026-08-01 09:30,7,2026-08-01 16:00,2026-08-01 18:00,8.5,meteoswiss_ch1,torbole,Terrazza Ponale,16.9,2.5,360,,,,,,,
2026-08-01 07:30,2026-08-01 09:30,7,2026-08-01 17:00,2026-08-01 19:00,9.5,meteoswiss_ch1,torbole,Terrazza Ponale,7.2,3.1,342,,,,,,,
2026-08-01 07:30,2026-08-01 09:30,7,2026-08-01 18:00,2026-08-01 20:00,10.5,meteoswiss_ch1,torbole,Terrazza Ponale,6.8,2.0,61,,,,,,,
2026-08-01 07:30,2026-08-01 09:30,7,2026-08-01 19:00,2026-08-01 21:00,11.5,meteoswiss_ch1,torbole,Terrazza Ponale,5.6,2.4,61,,,,,,,
2026-08-01 07:30,2026-08-01 09:30,7,2026-08-01 20:00,2026-08-01 22:00,12.5,meteoswiss_ch1,torbole,Terrazza Ponale,45.1,21.7,175,,,,,,,
2026-08-01 07:30,2026-08-01 09:30,7,2026-08-01 21:00,2026-08-01 23:00,13.5,meteoswiss_ch1,torbole,Terrazza Ponale,45.5,4.9,37,,,,,,,
2026-08-01 07:30,2026-08-01 09:30,7,2026-08-01 22:00,2026-08-02 00:00,14.5,meteoswiss_ch1,torbole,Terrazza Ponale,20.2,2.1,22,,,,,,,
2026-08-01 07:30,2026-08-01 09:30,7,2026-08-01 23:00,2026-08-02 01:00,15.5,meteoswiss_ch1,torbole,Terrazza Ponale,4.6,1.4,16,,,,,,,
2026-08-01 07:30,2026-08-01 09:30,7,2026-08-02 00:00,2026-08-02 02:00,16.5,meteoswiss_ch1,torbole,Terrazza Ponale,5.1,1.6,30,,,,,,,
2026-08-01 07:30,2026-08-01 09:30,7,2026-08-02 01:00,2026-08-02 03:00,17.5,meteoswiss_ch1,torbole,Terrazza Ponale,3.7,2.0,331,,,,,,,
2026-08-01 07:30,2026-08-01 09:30,7,2026-08-02 02:00,2026-08-02 04:00,18.5,meteoswiss_ch1,torbole,Terrazza Ponale,6.8,1.9,360,,,,,,,
2026-08-01 07:30,2026-08-01 09:30,7,2026-08-02 03:00,2026-08-02 05:00,19.5,meteoswiss_ch1,torbole,Terrazza Ponale,4.5,1.8,6,,,,,,,
2026-08-01 07:30,2026-08-01 09:30,7,2026-08-02 04:00,2026-08-02 06:00,20.5,meteoswiss_ch1,torbole,Terrazza Ponale,6.8,1.5,130,,,,,,,
2026-08-01 07:30,2026-08-01 09:30,7,2026-08-02 05:00,2026-08-02 07:00,21.5,meteoswiss_ch1,torbole,Terrazza Ponale,4.6,1.0,90,,,,,,,
2026-08-01 07:30,2026-08-01 09:30,7,2026-08-02 06:00,2026-08-02 08:00,22.5,meteoswiss_ch1,torbole,Terrazza Ponale,4.1,0.6,360,,,,,,,
2026-08-01 07:30,2026-08-01 09:30,7,2026-08-02 07:00,2026-08-02 09:00,23.5,meteoswiss_ch1,torbole,Terrazza Ponale,5.1,2.2,315,,,,,,,
2026-08-01 07:30,2026-08-01 09:30,7,2026-08-02 08:00,2026-08-02 10:00,24.5,meteoswiss_ch1,torbole,Terrazza Ponale,5.1,2.1,338,,,,,,,
2026-08-01 07:30,2026-08-01 09:30,7,2026-08-02 09:00,2026-08-02 11:00,25.5,meteoswiss_ch1,torbole,Terrazza Ponale,6.4,0.3,135,,,,,,,
2026-08-01 07:30,2026-08-01 09:30,7,2026-08-02 10:00,2026-08-02 12:00,26.5,meteoswiss_ch1,torbole,Terrazza Ponale,7.4,2.2,100,,,,,,,
2026-08-01 07:30,2026-08-01 09:30,7,2026-08-02 11:00,2026-08-02 13:00,27.5,meteoswiss_ch1,torbole,Terrazza Ponale,9.3,2.3,110,,,,,,,
2026-08-01 07:30,2026-08-01 09:30,7,2026-08-02 12:00,2026-08-02 14:00,28.5,meteoswiss_ch1,torbole,Terrazza Ponale,7.0,2.3,110,,,,,,,
2026-08-01 07:30,2026-08-01 09:30,7,2026-08-02 13:00,2026-08-02 15:00,29.5,meteoswiss_ch1,torbole,Terrazza Ponale,,,,,,,,,,
2026-08-01 07:30,2026-08-01 09:30,7,2026-08-02 14:00,2026-08-02 16:00,30.5,meteoswiss_ch1,torbole,Terrazza Ponale,,,,,,,,,,
2026-08-01 07:30,2026-08-01 09:30,7,2026-08-02 15:00,2026-08-02 17:00,31.5,meteoswiss_ch1,torbole,Terrazza Ponale,,,,,,,,,,
2026-08-01 07:30,2026-08-01 09:30,7,2026-08-02 16:00,2026-08-02 18:00,32.5,meteoswiss_ch1,torbole,Terrazza Ponale,,,,,,,,,,
2026-08-01 07:30,2026-08-01 09:30,7,2026-08-02 17:00,2026-08-02 19:00,33.5,meteoswiss_ch1,torbole,Terrazza Ponale,,,,,,,,,,
2026-08-01 07:30,2026-08-01 09:30,7,2026-08-02 18:00,2026-08-02 20:00,34.5,meteoswiss_ch1,torbole,Terrazza Ponale,,,,,,,,,,
2026-08-01 07:30,2026-08-01 09:30,7,2026-08-02 19:00,2026-08-02 21:00,35.5,meteoswiss_ch1,torbole,Terrazza Ponale,,,,,,,,,,
2026-08-01 07:30,2026-08-01 09:30,7,2026-08-02 20:00,2026-08-02 22:00,36.5,meteoswiss_ch1,torbole,Terrazza Ponale,,,,,,,,,,
2026-08-01 07:30,2026-08-01 09:30,7,2026-08-02 21:00,2026-08-02 23:00,37.5,meteoswiss_ch1,torbole,Terrazza Ponale,,,,,,,,,,
2026-08-01 07:30,2026-08-01 09:30,7,2026-08-02 22:00,2026-08-03 00:00,38.5,meteoswiss_ch1,torbole,Terrazza Ponale,,,,,,,,,,
2026-08-01 07:30,2026-08-01 09:30,7,2026-08-02 23:00,2026-08-03 01:00,39.5,meteoswiss_ch1,torbole,Terrazza Ponale,,,,,,,,,,
2026-08-01 09:30,2026-08-01 11:30,8,2026-08-01 10:00,2026-08-01 12:00,0.5,condizioni,torbole,,,,,,,,30.2,0,0.0,0
2026-08-01 09:30,2026-08-01 11:30,8,2026-08-01 11:00,2026-08-01 13:00,1.5,condizioni,torbole,,,,,,,,32.2,0,0.0,0
2026-08-01 09:30,2026-08-01 11:30,8,2026-08-01 12:00,2026-08-01 14:00,2.5,condizioni,torbole,,,,,,,,34.1,0,0.0,0
2026-08-01 09:30,2026-08-01 11:30,8,2026-08-01 13:00,2026-08-01 15:00,3.5,condizioni,torbole,,,,,,,,34.7,0,0.0,0
2026-08-01 09:30,2026-08-01 11:30,8,2026-08-01 14:00,2026-08-01 16:00,4.5,condizioni,torbole,,,,,,,,33.4,9,0.0,3
2026-08-01 09:30,2026-08-01 11:30,8,2026-08-01 15:00,2026-08-01 17:00,5.5,condizioni,torbole,,,,,,,,29.4,0,0.0,3
2026-08-01 09:30,2026-08-01 11:30,8,2026-08-01 16:00,2026-08-01 18:00,6.5,condizioni,torbole,,,,,,,,30.7,0,0.0,3
2026-08-01 09:30,2026-08-01 11:30,8,2026-08-01 17:00,2026-08-01 19:00,7.5,condizioni,torbole,,,,,,,,30.5,0,0.0,0
2026-08-01 09:30,2026-08-01 11:30,8,2026-08-01 18:00,2026-08-01 20:00,8.5,condizioni,torbole,,,,,,,,29.6,0,0.0,3
2026-08-01 09:30,2026-08-01 11:30,8,2026-08-01 19:00,2026-08-01 21:00,9.5,condizioni,torbole,,,,,,,,28.8,9,0.0,3
2026-08-01 09:30,2026-08-01 11:30,8,2026-08-01 20:00,2026-08-01 22:00,10.5,condizioni,torbole,,,,,,,,28.3,9,0.0,3
2026-08-01 09:30,2026-08-01 11:30,8,2026-08-01 21:00,2026-08-01 23:00,11.5,condizioni,torbole,,,,,,,,27.9,0,0.0,3
2026-08-01 09:30,2026-08-01 11:30,8,2026-08-01 22:00,2026-08-02 00:00,12.5,condizioni,torbole,,,,,,,,27.3,9,0.0,3
2026-08-01 09:30,2026-08-01 11:30,8,2026-08-01 23:00,2026-08-02 01:00,13.5,condizioni,torbole,,,,,,,,27.3,9,0.0,3
2026-08-01 09:30,2026-08-01 11:30,8,2026-08-02 00:00,2026-08-02 02:00,14.5,condizioni,torbole,,,,,,,,26.8,9,0.0,3
2026-08-01 09:30,2026-08-01 11:30,8,2026-08-02 01:00,2026-08-02 03:00,15.5,condizioni,torbole,,,,,,,,26.9,0,0.0,3
2026-08-01 09:30,2026-08-01 11:30,8,2026-08-02 02:00,2026-08-02 04:00,16.5,condizioni,torbole,,,,,,,,27.1,9,0.0,3
2026-08-01 09:30,2026-08-01 11:30,8,2026-08-02 03:00,2026-08-02 05:00,17.5,condizioni,torbole,,,,,,,,26.8,0,0.0,3
2026-08-01 09:30,2026-08-01 11:30,8,2026-08-02 04:00,2026-08-02 06:00,18.5,condizioni,torbole,,,,,,,,26.2,0,0.0,3
2026-08-01 09:30,2026-08-01 11:30,8,2026-08-02 05:00,2026-08-02 07:00,19.5,condizioni,torbole,,,,,,,,25.3,9,0.1,51
2026-08-01 09:30,2026-08-01 11:30,8,2026-08-02 06:00,2026-08-02 08:00,20.5,condizioni,torbole,,,,,,,,23.6,36,5.2,63
2026-08-01 09:30,2026-08-01 11:30,8,2026-08-02 07:00,2026-08-02 09:00,21.5,condizioni,torbole,,,,,,,,23.1,27,2.7,63
2026-08-01 09:30,2026-08-01 11:30,8,2026-08-02 08:00,2026-08-02 10:00,22.5,condizioni,torbole,,,,,,,,23.2,36,1.6,61
2026-08-01 09:30,2026-08-01 11:30,8,2026-08-02 09:00,2026-08-02 11:00,23.5,condizioni,torbole,,,,,,,,23.5,27,1.8,61
2026-08-01 09:30,2026-08-01 11:30,8,2026-08-02 10:00,2026-08-02 12:00,24.5,condizioni,torbole,,,,,,,,23.7,27,1.1,55
2026-08-01 09:30,2026-08-01 11:30,8,2026-08-02 11:00,2026-08-02 13:00,25.5,condizioni,torbole,,,,,,,,25.1,9,0.0,3
2026-08-01 09:30,2026-08-01 11:30,8,2026-08-02 12:00,2026-08-02 14:00,26.5,condizioni,torbole,,,,,,,,27.2,0,0.0,3
2026-08-01 09:30,2026-08-01 11:30,8,2026-08-02 13:00,2026-08-02 15:00,27.5,condizioni,torbole,,,,,,,,28.7,0,0.0,3
2026-08-01 09:30,2026-08-01 11:30,8,2026-08-02 14:00,2026-08-02 16:00,28.5,condizioni,torbole,,,,,,,,30.1,0,0.0,3
2026-08-01 09:30,2026-08-01 11:30,8,2026-08-02 15:00,2026-08-02 17:00,29.5,condizioni,torbole,,,,,,,,30.7,0,0.0,3
2026-08-01 09:30,2026-08-01 11:30,8,2026-08-02 16:00,2026-08-02 18:00,30.5,condizioni,torbole,,,,,,,,,,,
2026-08-01 09:30,2026-08-01 11:30,8,2026-08-02 17:00,2026-08-02 19:00,31.5,condizioni,torbole,,,,,,,,,,,
2026-08-01 09:30,2026-08-01 11:30,8,2026-08-02 18:00,2026-08-02 20:00,32.5,condizioni,torbole,,,,,,,,,,,
2026-08-01 09:30,2026-08-01 11:30,8,2026-08-02 19:00,2026-08-02 21:00,33.5,condizioni,torbole,,,,,,,,,,,
2026-08-01 09:30,2026-08-01 11:30,8,2026-08-02 20:00,2026-08-02 22:00,34.5,condizioni,torbole,,,,,,,,,,,
2026-08-01 09:30,2026-08-01 11:30,8,2026-08-02 21:00,2026-08-02 23:00,35.5,condizioni,torbole,,,,,,,,,,,
2026-08-01 09:30,2026-08-01 11:30,8,2026-08-02 22:00,2026-08-03 00:00,36.5,condizioni,torbole,,,,,,,,,,,
2026-08-01 09:30,2026-08-01 11:30,8,2026-08-02 23:00,2026-08-03 01:00,37.5,condizioni,torbole,,,,,,,,,,,
2026-08-01 09:30,2026-08-01 11:30,8,2026-08-03 00:00,2026-08-03 02:00,38.5,condizioni,torbole,,,,,,,,25.3,0,0.0,1
2026-08-01 09:30,2026-08-01 11:30,8,2026-08-03 01:00,2026-08-03 03:00,39.5,condizioni,torbole,,,,,,,,24.8,0,0.0,2
2026-08-01 09:30,2026-08-01 11:30,8,2026-08-03 02:00,2026-08-03 04:00,40.5,condizioni,torbole,,,,,,,,24.7,0,0.0,1
2026-08-01 09:30,2026-08-01 11:30,8,2026-08-03 03:00,2026-08-03 05:00,41.5,condizioni,torbole,,,,,,,,24.4,0,0.0,2
2026-08-01 09:30,2026-08-01 11:30,8,2026-08-03 04:00,2026-08-03 06:00,42.5,condizioni,torbole,,,,,,,,23.9,0,0.0,1
2026-08-01 09:30,2026-08-01 11:30,8,2026-08-03 05:00,2026-08-03 07:00,43.5,condizioni,torbole,,,,,,,,23.7,0,0.0,1
2026-08-01 09:30,2026-08-01 11:30,8,2026-08-03 06:00,2026-08-03 08:00,44.5,condizioni,torbole,,,,,,,,24.8,0,0.0,2
2026-08-01 09:30,2026-08-01 11:30,8,2026-08-03 07:00,2026-08-03 09:00,45.5,condizioni,torbole,,,,,,,,26.3,0,0.0,0
2026-08-01 09:30,2026-08-01 11:30,8,2026-08-03 08:00,2026-08-03 10:00,46.5,condizioni,torbole,,,,,,,,28.2,0,0.0,0
2026-08-01 09:30,2026-08-01 11:30,8,2026-08-03 09:00,2026-08-03 11:00,47.5,condizioni,torbole,,,,,,,,30.2,0,0.0,0
2026-08-01 09:30,2026-08-01 11:30,8,2026-08-01 10:00,2026-08-01 12:00,0.5,meteoswiss_ch1,torbole,Conca d'Oro,18.3,6.9,74,,,,,,,
2026-08-01 09:30,2026-08-01 11:30,8,2026-08-01 11:00,2026-08-01 13:00,1.5,meteoswiss_ch1,torbole,Conca d'Oro,14.8,5.7,72,,,,,,,
2026-08-01 09:30,2026-08-01 11:30,8,2026-08-01 12:00,2026-08-01 14:00,2.5,meteoswiss_ch1,torbole,Conca d'Oro,12.9,2.4,61,,,,,,,
2026-08-01 09:30,2026-08-01 11:30,8,2026-08-01 13:00,2026-08-01 15:00,3.5,meteoswiss_ch1,torbole,Conca d'Oro,6.4,1.7,249,,,,,,,
2026-08-01 09:30,2026-08-01 11:30,8,2026-08-01 14:00,2026-08-01 16:00,4.5,meteoswiss_ch1,torbole,Conca d'Oro,9.9,3.9,200,,,,,,,
2026-08-01 09:30,2026-08-01 11:30,8,2026-08-01 15:00,2026-08-01 17:00,5.5,meteoswiss_ch1,torbole,Conca d'Oro,28.4,12.6,20,,,,,,,
2026-08-01 09:30,2026-08-01 11:30,8,2026-08-01 16:00,2026-08-01 18:00,6.5,meteoswiss_ch1,torbole,Conca d'Oro,25.3,4.3,5,,,,,,,
2026-08-01 09:30,2026-08-01 11:30,8,2026-08-01 17:00,2026-08-01 19:00,7.5,meteoswiss_ch1,torbole,Conca d'Oro,11.1,5.7,28,,,,,,,
2026-08-01 09:30,2026-08-01 11:30,8,2026-08-01 18:00,2026-08-01 20:00,8.5,meteoswiss_ch1,torbole,Conca d'Oro,13.0,6.7,46,,,,,,,
2026-08-01 09:30,2026-08-01 11:30,8,2026-08-01 19:00,2026-08-01 21:00,9.5,meteoswiss_ch1,torbole,Conca d'Oro,19.2,9.8,72,,,,,,,
2026-08-01 09:30,2026-08-01 11:30,8,2026-08-01 20:00,2026-08-01 22:00,10.5,meteoswiss_ch1,torbole,Conca d'Oro,20.2,3.3,111,,,,,,,
2026-08-01 09:30,2026-08-01 11:30,8,2026-08-01 21:00,2026-08-01 23:00,11.5,meteoswiss_ch1,torbole,Conca d'Oro,17.5,9.0,71,,,,,,,
2026-08-01 09:30,2026-08-01 11:30,8,2026-08-01 22:00,2026-08-02 00:00,12.5,meteoswiss_ch1,torbole,Conca d'Oro,22.1,7.5,81,,,,,,,
2026-08-01 09:30,2026-08-01 11:30,8,2026-08-01 23:00,2026-08-02 01:00,13.5,meteoswiss_ch1,torbole,Conca d'Oro,18.3,8.0,61,,,,,,,
2026-08-01 09:30,2026-08-01 11:30,8,2026-08-02 00:00,2026-08-02 02:00,14.5,meteoswiss_ch1,torbole,Conca d'Oro,17.1,8.2,65,,,,,,,
2026-08-01 09:30,2026-08-01 11:30,8,2026-08-02 01:00,2026-08-02 03:00,15.5,meteoswiss_ch1,torbole,Conca d'Oro,16.1,7.9,70,,,,,,,
2026-08-01 09:30,2026-08-01 11:30,8,2026-08-02 02:00,2026-08-02 04:00,16.5,meteoswiss_ch1,torbole,Conca d'Oro,16.3,8.0,67,,,,,,,
2026-08-01 09:30,2026-08-01 11:30,8,2026-08-02 03:00,2026-08-02 05:00,17.5,meteoswiss_ch1,torbole,Conca d'Oro,16.1,7.3,73,,,,,,,
2026-08-01 09:30,2026-08-01 11:30,8,2026-08-02 04:00,2026-08-02 06:00,18.5,meteoswiss_ch1,torbole,Conca d'Oro,15.0,5.9,71,,,,,,,
2026-08-01 09:30,2026-08-01 11:30,8,2026-08-02 05:00,2026-08-02 07:00,19.5,meteoswiss_ch1,torbole,Conca d'Oro,13.2,4.5,25,,,,,,,
2026-08-01 09:30,2026-08-01 11:30,8,2026-08-02 06:00,2026-08-02 08:00,20.5,meteoswiss_ch1,torbole,Conca d'Oro,14.6,4.3,54,,,,,,,
2026-08-01 09:30,2026-08-01 11:30,8,2026-08-02 07:00,2026-08-02 09:00,21.5,meteoswiss_ch1,torbole,Conca d'Oro,16.5,8.4,82,,,,,,,
2026-08-01 09:30,2026-08-01 11:30,8,2026-08-02 08:00,2026-08-02 10:00,22.5,meteoswiss_ch1,torbole,Conca d'Oro,20.8,10.6,62,,,,,,,
2026-08-01 09:30,2026-08-01 11:30,8,2026-08-02 09:00,2026-08-02 11:00,23.5,meteoswiss_ch1,torbole,Conca d'Oro,21.0,6.9,68,,,,,,,
2026-08-01 09:30,2026-08-01 11:30,8,2026-08-02 10:00,2026-08-02 12:00,24.5,meteoswiss_ch1,torbole,Conca d'Oro,20.8,10.5,85,,,,,,,
2026-08-01 09:30,2026-08-01 11:30,8,2026-08-02 11:00,2026-08-02 13:00,25.5,meteoswiss_ch1,torbole,Conca d'Oro,21.6,10.7,87,,,,,,,
2026-08-01 09:30,2026-08-01 11:30,8,2026-08-02 12:00,2026-08-02 14:00,26.5,meteoswiss_ch1,torbole,Conca d'Oro,21.6,10.3,88,,,,,,,
2026-08-01 09:30,2026-08-01 11:30,8,2026-08-02 13:00,2026-08-02 15:00,27.5,meteoswiss_ch1,torbole,Conca d'Oro,21.2,9.6,85,,,,,,,
2026-08-01 09:30,2026-08-01 11:30,8,2026-08-02 14:00,2026-08-02 16:00,28.5,meteoswiss_ch1,torbole,Conca d'Oro,19.7,8.8,85,,,,,,,
2026-08-01 09:30,2026-08-01 11:30,8,2026-08-02 15:00,2026-08-02 17:00,29.5,meteoswiss_ch1,torbole,Conca d'Oro,18.5,8.4,87,,,,,,,
2026-08-01 09:30,2026-08-01 11:30,8,2026-08-02 16:00,2026-08-02 18:00,30.5,meteoswiss_ch1,torbole,Conca d'Oro,,,,,,,,,,
2026-08-01 09:30,2026-08-01 11:30,8,2026-08-02 17:00,2026-08-02 19:00,31.5,meteoswiss_ch1,torbole,Conca d'Oro,,,,,,,,,,
2026-08-01 09:30,2026-08-01 11:30,8,2026-08-02 18:00,2026-08-02 20:00,32.5,meteoswiss_ch1,torbole,Conca d'Oro,,,,,,,,,,
2026-08-01 09:30,2026-08-01 11:30,8,2026-08-02 19:00,2026-08-02 21:00,33.5,meteoswiss_ch1,torbole,Conca d'Oro,,,,,,,,,,
2026-08-01 09:30,2026-08-01 11:30,8,2026-08-02 20:00,2026-08-02 22:00,34.5,meteoswiss_ch1,torbole,Conca d'Oro,,,,,,,,,,
2026-08-01 09:30,2026-08-01 11:30,8,2026-08-02 21:00,2026-08-02 23:00,35.5,meteoswiss_ch1,torbole,Conca d'Oro,,,,,,,,,,
2026-08-01 09:30,2026-08-01 11:30,8,2026-08-02 22:00,2026-08-03 00:00,36.5,meteoswiss_ch1,torbole,Conca d'Oro,,,,,,,,,,
2026-08-01 09:30,2026-08-01 11:30,8,2026-08-02 23:00,2026-08-03 01:00,37.5,meteoswiss_ch1,torbole,Conca d'Oro,,,,,,,,,,
2026-08-01 09:30,2026-08-01 11:30,8,2026-08-01 10:00,2026-08-01 12:00,0.5,meteoswiss_ch1,torbole,Hotel Pier,18.8,9.8,21,,,,,,,
2026-08-01 09:30,2026-08-01 11:30,8,2026-08-01 11:00,2026-08-01 13:00,1.5,meteoswiss_ch1,torbole,Hotel Pier,16.5,7.8,13,,,,,,,
2026-08-01 09:30,2026-08-01 11:30,8,2026-08-01 12:00,2026-08-01 14:00,2.5,meteoswiss_ch1,torbole,Hotel Pier,13.2,5.0,11,,,,,,,
2026-08-01 09:30,2026-08-01 11:30,8,2026-08-01 13:00,2026-08-01 15:00,3.5,meteoswiss_ch1,torbole,Hotel Pier,8.7,3.0,32,,,,,,,
2026-08-01 09:30,2026-08-01 11:30,8,2026-08-01 14:00,2026-08-01 16:00,4.5,meteoswiss_ch1,torbole,Hotel Pier,6.6,2.9,180,,,,,,,
2026-08-01 09:30,2026-08-01 11:30,8,2026-08-01 15:00,2026-08-01 17:00,5.5,meteoswiss_ch1,torbole,Hotel Pier,26.5,9.3,31,,,,,,,
2026-08-01 09:30,2026-08-01 11:30,8,2026-08-01 16:00,2026-08-01 18:00,6.5,meteoswiss_ch1,torbole,Hotel Pier,15.0,5.0,21,,,,,,,
2026-08-01 09:30,2026-08-01 11:30,8,2026-08-01 17:00,2026-08-01 19:00,7.5,meteoswiss_ch1,torbole,Hotel Pier,11.4,7.2,357,,,,,,,
2026-08-01 09:30,2026-08-01 11:30,8,2026-08-01 18:00,2026-08-01 20:00,8.5,meteoswiss_ch1,torbole,Hotel Pier,14.6,9.0,358,,,,,,,
2026-08-01 09:30,2026-08-01 11:30,8,2026-08-01 19:00,2026-08-01 21:00,9.5,meteoswiss_ch1,torbole,Hotel Pier,16.9,8.5,348,,,,,,,
2026-08-01 09:30,2026-08-01 11:30,8,2026-08-01 20:00,2026-08-01 22:00,10.5,meteoswiss_ch1,torbole,Hotel Pier,14.4,3.5,276,,,,,,,
2026-08-01 09:30,2026-08-01 11:30,8,2026-08-01 21:00,2026-08-01 23:00,11.5,meteoswiss_ch1,torbole,Hotel Pier,16.3,9.9,358,,,,,,,
2026-08-01 09:30,2026-08-01 11:30,8,2026-08-01 22:00,2026-08-02 00:00,12.5,meteoswiss_ch1,torbole,Hotel Pier,16.1,7.4,355,,,,,,,
2026-08-01 09:30,2026-08-01 11:30,8,2026-08-01 23:00,2026-08-02 01:00,13.5,meteoswiss_ch1,torbole,Hotel Pier,15.8,9.8,343,,,,,,,
2026-08-01 09:30,2026-08-01 11:30,8,2026-08-02 00:00,2026-08-02 02:00,14.5,meteoswiss_ch1,torbole,Hotel Pier,16.1,9.3,356,,,,,,,
2026-08-01 09:30,2026-08-01 11:30,8,2026-08-02 01:00,2026-08-02 03:00,15.5,meteoswiss_ch1,torbole,Hotel Pier,15.9,9.7,350,,,,,,,
2026-08-01 09:30,2026-08-01 11:30,8,2026-08-02 02:00,2026-08-02 04:00,16.5,meteoswiss_ch1,torbole,Hotel Pier,16.3,9.9,350,,,,,,,
2026-08-01 09:30,2026-08-01 11:30,8,2026-08-02 03:00,2026-08-02 05:00,17.5,meteoswiss_ch1,torbole,Hotel Pier,15.8,8.5,351,,,,,,,
2026-08-01 09:30,2026-08-01 11:30,8,2026-08-02 04:00,2026-08-02 06:00,18.5,meteoswiss_ch1,torbole,Hotel Pier,15.2,7.8,7,,,,,,,
2026-08-01 09:30,2026-08-01 11:30,8,2026-08-02 05:00,2026-08-02 07:00,19.5,meteoswiss_ch1,torbole,Hotel Pier,13.4,8.5,344,,,,,,,
2026-08-01 09:30,2026-08-01 11:30,8,2026-08-02 06:00,2026-08-02 08:00,20.5,meteoswiss_ch1,torbole,Hotel Pier,15.9,9.0,19,,,,,,,
2026-08-01 09:30,2026-08-01 11:30,8,2026-08-02 07:00,2026-08-02 09:00,21.5,meteoswiss_ch1,torbole,Hotel Pier,16.1,9.2,17,,,,,,,
2026-08-01 09:30,2026-08-01 11:30,8,2026-08-02 08:00,2026-08-02 10:00,22.5,meteoswiss_ch1,torbole,Hotel Pier,20.8,12.9,7,,,,,,,
2026-08-01 09:30,2026-08-01 11:30,8,2026-08-02 09:00,2026-08-02 11:00,23.5,meteoswiss_ch1,torbole,Hotel Pier,22.1,9.5,360,,,,,,,
2026-08-01 09:30,2026-08-01 11:30,8,2026-08-02 10:00,2026-08-02 12:00,24.5,meteoswiss_ch1,torbole,Hotel Pier,19.1,11.6,13,,,,,,,
2026-08-01 09:30,2026-08-01 11:30,8,2026-08-02 11:00,2026-08-02 13:00,25.5,meteoswiss_ch1,torbole,Hotel Pier,19.4,11.7,11,,,,,,,
2026-08-01 09:30,2026-08-01 11:30,8,2026-08-02 12:00,2026-08-02 14:00,26.5,meteoswiss_ch1,torbole,Hotel Pier,20.0,12.0,18,,,,,,,
2026-08-01 09:30,2026-08-01 11:30,8,2026-08-02 13:00,2026-08-02 15:00,27.5,meteoswiss_ch1,torbole,Hotel Pier,20.0,11.6,20,,,,,,,
2026-08-01 09:30,2026-08-01 11:30,8,2026-08-02 14:00,2026-08-02 16:00,28.5,meteoswiss_ch1,torbole,Hotel Pier,18.8,10.5,16,,,,,,,
2026-08-01 09:30,2026-08-01 11:30,8,2026-08-02 15:00,2026-08-02 17:00,29.5,meteoswiss_ch1,torbole,Hotel Pier,17.3,9.2,15,,,,,,,
2026-08-01 09:30,2026-08-01 11:30,8,2026-08-02 16:00,2026-08-02 18:00,30.5,meteoswiss_ch1,torbole,Hotel Pier,,,,,,,,,,
2026-08-01 09:30,2026-08-01 11:30,8,2026-08-02 17:00,2026-08-02 19:00,31.5,meteoswiss_ch1,torbole,Hotel Pier,,,,,,,,,,
2026-08-01 09:30,2026-08-01 11:30,8,2026-08-02 18:00,2026-08-02 20:00,32.5,meteoswiss_ch1,torbole,Hotel Pier,,,,,,,,,,
2026-08-01 09:30,2026-08-01 11:30,8,2026-08-02 19:00,2026-08-02 21:00,33.5,meteoswiss_ch1,torbole,Hotel Pier,,,,,,,,,,
2026-08-01 09:30,2026-08-01 11:30,8,2026-08-02 20:00,2026-08-02 22:00,34.5,meteoswiss_ch1,torbole,Hotel Pier,,,,,,,,,,
2026-08-01 09:30,2026-08-01 11:30,8,2026-08-02 21:00,2026-08-02 23:00,35.5,meteoswiss_ch1,torbole,Hotel Pier,,,,,,,,,,
2026-08-01 09:30,2026-08-01 11:30,8,2026-08-02 22:00,2026-08-03 00:00,36.5,meteoswiss_ch1,torbole,Hotel Pier,,,,,,,,,,
2026-08-01 09:30,2026-08-01 11:30,8,2026-08-02 23:00,2026-08-03 01:00,37.5,meteoswiss_ch1,torbole,Hotel Pier,,,,,,,,,,
2026-08-01 09:30,2026-08-01 11:30,8,2026-08-01 10:00,2026-08-01 12:00,0.5,meteoswiss_ch1,torbole,Spiaggia Lucertole,16.3,8.0,357,,,,,,,
2026-08-01 09:30,2026-08-01 11:30,8,2026-08-01 11:00,2026-08-01 13:00,1.5,meteoswiss_ch1,torbole,Spiaggia Lucertole,15.9,6.3,342,,,,,,,
2026-08-01 09:30,2026-08-01 11:30,8,2026-08-01 12:00,2026-08-01 14:00,2.5,meteoswiss_ch1,torbole,Spiaggia Lucertole,12.9,3.8,330,,,,,,,
2026-08-01 09:30,2026-08-01 11:30,8,2026-08-01 13:00,2026-08-01 15:00,3.5,meteoswiss_ch1,torbole,Spiaggia Lucertole,8.4,2.2,355,,,,,,,
2026-08-01 09:30,2026-08-01 11:30,8,2026-08-01 14:00,2026-08-01 16:00,4.5,meteoswiss_ch1,torbole,Spiaggia Lucertole,9.3,4.3,177,,,,,,,
2026-08-01 09:30,2026-08-01 11:30,8,2026-08-01 15:00,2026-08-01 17:00,5.5,meteoswiss_ch1,torbole,Spiaggia Lucertole,25.5,11.6,41,,,,,,,
2026-08-01 09:30,2026-08-01 11:30,8,2026-08-01 16:00,2026-08-01 18:00,6.5,meteoswiss_ch1,torbole,Spiaggia Lucertole,23.3,6.1,17,,,,,,,
2026-08-01 09:30,2026-08-01 11:30,8,2026-08-01 17:00,2026-08-01 19:00,7.5,meteoswiss_ch1,torbole,Spiaggia Lucertole,15.8,6.6,14,,,,,,,
2026-08-01 09:30,2026-08-01 11:30,8,2026-08-01 18:00,2026-08-01 20:00,8.5,meteoswiss_ch1,torbole,Spiaggia Lucertole,14.8,6.7,8,,,,,,,
2026-08-01 09:30,2026-08-01 11:30,8,2026-08-01 19:00,2026-08-01 21:00,9.5,meteoswiss_ch1,torbole,Spiaggia Lucertole,13.2,5.0,16,,,,,,,
2026-08-01 09:30,2026-08-01 11:30,8,2026-08-01 20:00,2026-08-01 22:00,10.5,meteoswiss_ch1,torbole,Spiaggia Lucertole,19.2,4.8,161,,,,,,,
2026-08-01 09:30,2026-08-01 11:30,8,2026-08-01 21:00,2026-08-01 23:00,11.5,meteoswiss_ch1,torbole,Spiaggia Lucertole,15.8,5.6,12,,,,,,,
2026-08-01 09:30,2026-08-01 11:30,8,2026-08-01 22:00,2026-08-02 00:00,12.5,meteoswiss_ch1,torbole,Spiaggia Lucertole,14.8,7.0,24,,,,,,,
2026-08-01 09:30,2026-08-01 11:30,8,2026-08-01 23:00,2026-08-02 01:00,13.5,meteoswiss_ch1,torbole,Spiaggia Lucertole,13.8,7.4,360,,,,,,,
2026-08-01 09:30,2026-08-01 11:30,8,2026-08-02 00:00,2026-08-02 02:00,14.5,meteoswiss_ch1,torbole,Spiaggia Lucertole,15.2,7.7,12,,,,,,,
2026-08-01 09:30,2026-08-01 11:30,8,2026-08-02 01:00,2026-08-02 03:00,15.5,meteoswiss_ch1,torbole,Spiaggia Lucertole,16.3,7.7,18,,,,,,,
2026-08-01 09:30,2026-08-01 11:30,8,2026-08-02 02:00,2026-08-02 04:00,16.5,meteoswiss_ch1,torbole,Spiaggia Lucertole,16.1,8.4,8,,,,,,,
2026-08-01 09:30,2026-08-01 11:30,8,2026-08-02 03:00,2026-08-02 05:00,17.5,meteoswiss_ch1,torbole,Spiaggia Lucertole,16.1,7.5,17,,,,,,,
2026-08-01 09:30,2026-08-01 11:30,8,2026-08-02 04:00,2026-08-02 06:00,18.5,meteoswiss_ch1,torbole,Spiaggia Lucertole,16.9,9.0,33,,,,,,,
2026-08-01 09:30,2026-08-01 11:30,8,2026-08-02 05:00,2026-08-02 07:00,19.5,meteoswiss_ch1,torbole,Spiaggia Lucertole,17.5,8.2,5,,,,,,,
2026-08-01 09:30,2026-08-01 11:30,8,2026-08-02 06:00,2026-08-02 08:00,20.5,meteoswiss_ch1,torbole,Spiaggia Lucertole,18.8,7.7,36,,,,,,,
2026-08-01 09:30,2026-08-01 11:30,8,2026-08-02 07:00,2026-08-02 09:00,21.5,meteoswiss_ch1,torbole,Spiaggia Lucertole,18.3,7.0,6,,,,,,,
2026-08-01 09:30,2026-08-01 11:30,8,2026-08-02 08:00,2026-08-02 10:00,22.5,meteoswiss_ch1,torbole,Spiaggia Lucertole,19.2,9.9,4,,,,,,,
2026-08-01 09:30,2026-08-01 11:30,8,2026-08-02 09:00,2026-08-02 11:00,23.5,meteoswiss_ch1,torbole,Spiaggia Lucertole,20.0,8.0,4,,,,,,,
2026-08-01 09:30,2026-08-01 11:30,8,2026-08-02 10:00,2026-08-02 12:00,24.5,meteoswiss_ch1,torbole,Spiaggia Lucertole,18.7,10.0,21,,,,,,,
2026-08-01 09:30,2026-08-01 11:30,8,2026-08-02 11:00,2026-08-02 13:00,25.5,meteoswiss_ch1,torbole,Spiaggia Lucertole,19.7,10.4,23,,,,,,,
2026-08-01 09:30,2026-08-01 11:30,8,2026-08-02 12:00,2026-08-02 14:00,26.5,meteoswiss_ch1,torbole,Spiaggia Lucertole,22.4,11.7,15,,,,,,,
2026-08-01 09:30,2026-08-01 11:30,8,2026-08-02 13:00,2026-08-02 15:00,27.5,meteoswiss_ch1,torbole,Spiaggia Lucertole,22.9,11.7,12,,,,,,,
2026-08-01 09:30,2026-08-01 11:30,8,2026-08-02 14:00,2026-08-02 16:00,28.5,meteoswiss_ch1,torbole,Spiaggia Lucertole,22.6,11.3,4,,,,,,,
2026-08-01 09:30,2026-08-01 11:30,8,2026-08-02 15:00,2026-08-02 17:00,29.5,meteoswiss_ch1,torbole,Spiaggia Lucertole,22.1,10.2,4,,,,,,,
2026-08-01 09:30,2026-08-01 11:30,8,2026-08-02 16:00,2026-08-02 18:00,30.5,meteoswiss_ch1,torbole,Spiaggia Lucertole,,,,,,,,,,
2026-08-01 09:30,2026-08-01 11:30,8,2026-08-02 17:00,2026-08-02 19:00,31.5,meteoswiss_ch1,torbole,Spiaggia Lucertole,,,,,,,,,,
2026-08-01 09:30,2026-08-01 11:30,8,2026-08-02 18:00,2026-08-02 20:00,32.5,meteoswiss_ch1,torbole,Spiaggia Lucertole,,,,,,,,,,
2026-08-01 09:30,2026-08-01 11:30,8,2026-08-02 19:00,2026-08-02 21:00,33.5,meteoswiss_ch1,torbole,Spiaggia Lucertole,,,,,,,,,,
2026-08-01 09:30,2026-08-01 11:30,8,2026-08-02 20:00,2026-08-02 22:00,34.5,meteoswiss_ch1,torbole,Spiaggia Lucertole,,,,,,,,,,
2026-08-01 09:30,2026-08-01 11:30,8,2026-08-02 21:00,2026-08-02 23:00,35.5,meteoswiss_ch1,torbole,Spiaggia Lucertole,,,,,,,,,,
2026-08-01 09:30,2026-08-01 11:30,8,2026-08-02 22:00,2026-08-03 00:00,36.5,meteoswiss_ch1,torbole,Spiaggia Lucertole,,,,,,,,,,
2026-08-01 09:30,2026-08-01 11:30,8,2026-08-02 23:00,2026-08-03 01:00,37.5,meteoswiss_ch1,torbole,Spiaggia Lucertole,,,,,,,,,,
2026-08-01 09:30,2026-08-01 11:30,8,2026-08-01 10:00,2026-08-01 12:00,0.5,meteoswiss_ch1,torbole,Terrazza Ponale,7.4,2.8,56,,,,,,,
2026-08-01 09:30,2026-08-01 11:30,8,2026-08-01 11:00,2026-08-01 13:00,1.5,meteoswiss_ch1,torbole,Terrazza Ponale,7.4,2.3,70,,,,,,,
2026-08-01 09:30,2026-08-01 11:30,8,2026-08-01 12:00,2026-08-01 14:00,2.5,meteoswiss_ch1,torbole,Terrazza Ponale,6.2,1.0,22,,,,,,,
2026-08-01 09:30,2026-08-01 11:30,8,2026-08-01 13:00,2026-08-01 15:00,3.5,meteoswiss_ch1,torbole,Terrazza Ponale,4.5,1.0,338,,,,,,,
2026-08-01 09:30,2026-08-01 11:30,8,2026-08-01 14:00,2026-08-01 16:00,4.5,meteoswiss_ch1,torbole,Terrazza Ponale,9.1,4.0,166,,,,,,,
2026-08-01 09:30,2026-08-01 11:30,8,2026-08-01 15:00,2026-08-01 17:00,5.5,meteoswiss_ch1,torbole,Terrazza Ponale,28.8,9.2,39,,,,,,,
2026-08-01 09:30,2026-08-01 11:30,8,2026-08-01 16:00,2026-08-01 18:00,6.5,meteoswiss_ch1,torbole,Terrazza Ponale,20.2,2.3,336,,,,,,,
2026-08-01 09:30,2026-08-01 11:30,8,2026-08-01 17:00,2026-08-01 19:00,7.5,meteoswiss_ch1,torbole,Terrazza Ponale,7.4,3.2,73,,,,,,,
2026-08-01 09:30,2026-08-01 11:30,8,2026-08-01 18:00,2026-08-01 20:00,8.5,meteoswiss_ch1,torbole,Terrazza Ponale,7.4,1.3,90,,,,,,,
2026-08-01 09:30,2026-08-01 11:30,8,2026-08-01 19:00,2026-08-01 21:00,9.5,meteoswiss_ch1,torbole,Terrazza Ponale,9.0,4.5,97,,,,,,,
2026-08-01 09:30,2026-08-01 11:30,8,2026-08-01 20:00,2026-08-01 22:00,10.5,meteoswiss_ch1,torbole,Terrazza Ponale,9.3,3.2,17,,,,,,,
2026-08-01 09:30,2026-08-01 11:30,8,2026-08-01 21:00,2026-08-01 23:00,11.5,meteoswiss_ch1,torbole,Terrazza Ponale,7.0,2.9,90,,,,,,,
2026-08-01 09:30,2026-08-01 11:30,8,2026-08-01 22:00,2026-08-02 00:00,12.5,meteoswiss_ch1,torbole,Terrazza Ponale,6.8,3.2,101,,,,,,,
2026-08-01 09:30,2026-08-01 11:30,8,2026-08-01 23:00,2026-08-02 01:00,13.5,meteoswiss_ch1,torbole,Terrazza Ponale,6.2,1.0,360,,,,,,,
2026-08-01 09:30,2026-08-01 11:30,8,2026-08-02 00:00,2026-08-02 02:00,14.5,meteoswiss_ch1,torbole,Terrazza Ponale,4.9,2.2,52,,,,,,,
2026-08-01 09:30,2026-08-01 11:30,8,2026-08-02 01:00,2026-08-02 03:00,15.5,meteoswiss_ch1,torbole,Terrazza Ponale,4.9,2.6,13,,,,,,,
2026-08-01 09:30,2026-08-01 11:30,8,2026-08-02 02:00,2026-08-02 04:00,16.5,meteoswiss_ch1,torbole,Terrazza Ponale,4.9,1.4,34,,,,,,,
2026-08-01 09:30,2026-08-01 11:30,8,2026-08-02 03:00,2026-08-02 05:00,17.5,meteoswiss_ch1,torbole,Terrazza Ponale,4.9,2.1,56,,,,,,,
2026-08-01 09:30,2026-08-01 11:30,8,2026-08-02 04:00,2026-08-02 06:00,18.5,meteoswiss_ch1,torbole,Terrazza Ponale,5.2,2.8,39,,,,,,,
2026-08-01 09:30,2026-08-01 11:30,8,2026-08-02 05:00,2026-08-02 07:00,19.5,meteoswiss_ch1,torbole,Terrazza Ponale,6.8,1.7,27,,,,,,,
2026-08-01 09:30,2026-08-01 11:30,8,2026-08-02 06:00,2026-08-02 08:00,20.5,meteoswiss_ch1,torbole,Terrazza Ponale,8.4,2.8,4,,,,,,,
2026-08-01 09:30,2026-08-01 11:30,8,2026-08-02 07:00,2026-08-02 09:00,21.5,meteoswiss_ch1,torbole,Terrazza Ponale,10.1,3.5,106,,,,,,,
2026-08-01 09:30,2026-08-01 11:30,8,2026-08-02 08:00,2026-08-02 10:00,22.5,meteoswiss_ch1,torbole,Terrazza Ponale,7.6,3.2,79,,,,,,,
2026-08-01 09:30,2026-08-01 11:30,8,2026-08-02 09:00,2026-08-02 11:00,23.5,meteoswiss_ch1,torbole,Terrazza Ponale,7.2,1.1,45,,,,,,,
2026-08-01 09:30,2026-08-01 11:30,8,2026-08-02 10:00,2026-08-02 12:00,24.5,meteoswiss_ch1,torbole,Terrazza Ponale,8.0,3.3,87,,,,,,,
2026-08-01 09:30,2026-08-01 11:30,8,2026-08-02 11:00,2026-08-02 13:00,25.5,meteoswiss_ch1,torbole,Terrazza Ponale,9.7,3.7,96,,,,,,,
2026-08-01 09:30,2026-08-01 11:30,8,2026-08-02 12:00,2026-08-02 14:00,26.5,meteoswiss_ch1,torbole,Terrazza Ponale,8.7,3.3,93,,,,,,,
2026-08-01 09:30,2026-08-01 11:30,8,2026-08-02 13:00,2026-08-02 15:00,27.5,meteoswiss_ch1,torbole,Terrazza Ponale,7.8,2.6,77,,,,,,,
2026-08-01 09:30,2026-08-01 11:30,8,2026-08-02 14:00,2026-08-02 16:00,28.5,meteoswiss_ch1,torbole,Terrazza Ponale,6.6,2.2,85,,,,,,,
2026-08-01 09:30,2026-08-01 11:30,8,2026-08-02 15:00,2026-08-02 17:00,29.5,meteoswiss_ch1,torbole,Terrazza Ponale,5.8,2.0,79,,,,,,,
2026-08-01 09:30,2026-08-01 11:30,8,2026-08-02 16:00,2026-08-02 18:00,30.5,meteoswiss_ch1,torbole,Terrazza Ponale,,,,,,,,,,
2026-08-01 09:30,2026-08-01 11:30,8,2026-08-02 17:00,2026-08-02 19:00,31.5,meteoswiss_ch1,torbole,Terrazza Ponale,,,,,,,,,,
2026-08-01 09:30,2026-08-01 11:30,8,2026-08-02 18:00,2026-08-02 20:00,32.5,meteoswiss_ch1,torbole,Terrazza Ponale,,,,,,,,,,
2026-08-01 09:30,2026-08-01 11:30,8,2026-08-02 19:00,2026-08-02 21:00,33.5,meteoswiss_ch1,torbole,Terrazza Ponale,,,,,,,,,,
2026-08-01 09:30,2026-08-01 11:30,8,2026-08-02 20:00,2026-08-02 22:00,34.5,meteoswiss_ch1,torbole,Terrazza Ponale,,,,,,,,,,
2026-08-01 09:30,2026-08-01 11:30,8,2026-08-02 21:00,2026-08-02 23:00,35.5,meteoswiss_ch1,torbole,Terrazza Ponale,,,,,,,,,,
2026-08-01 09:30,2026-08-01 11:30,8,2026-08-02 22:00,2026-08-03 00:00,36.5,meteoswiss_ch1,torbole,Terrazza Ponale,,,,,,,,,,
2026-08-01 09:30,2026-08-01 11:30,8,2026-08-02 23:00,2026-08-03 01:00,37.5,meteoswiss_ch1,torbole,Terrazza Ponale,,,,,,,,,,
2026-08-01 09:31,2026-08-01 11:31,8,2026-08-01 10:00,2026-08-01 12:00,0.5,condizioni,malcesine,,,,,,,,30.0,0,0.0,0
2026-08-01 09:31,2026-08-01 11:31,8,2026-08-01 11:00,2026-08-01 13:00,1.5,condizioni,malcesine,,,,,,,,31.5,0,0.0,0
2026-08-01 09:31,2026-08-01 11:31,8,2026-08-01 12:00,2026-08-01 14:00,2.5,condizioni,malcesine,,,,,,,,32.5,0,0.0,0
2026-08-01 09:31,2026-08-01 11:31,8,2026-08-01 13:00,2026-08-01 15:00,3.5,condizioni,malcesine,,,,,,,,33.5,0,0.0,0
2026-08-01 09:31,2026-08-01 11:31,8,2026-08-01 14:00,2026-08-01 16:00,4.5,condizioni,malcesine,,,,,,,,33.5,0,0.0,3
2026-08-01 09:31,2026-08-01 11:31,8,2026-08-01 15:00,2026-08-01 17:00,5.5,condizioni,malcesine,,,,,,,,31.0,0,0.0,3
2026-08-01 09:31,2026-08-01 11:31,8,2026-08-01 16:00,2026-08-01 18:00,6.5,condizioni,malcesine,,,,,,,,30.2,0,0.0,3
2026-08-01 09:31,2026-08-01 11:31,8,2026-08-01 17:00,2026-08-01 19:00,7.5,condizioni,malcesine,,,,,,,,31.1,9,0.0,2
2026-08-01 09:31,2026-08-01 11:31,8,2026-08-01 18:00,2026-08-01 20:00,8.5,condizioni,malcesine,,,,,,,,30.4,9,0.0,3
2026-08-01 09:31,2026-08-01 11:31,8,2026-08-01 19:00,2026-08-01 21:00,9.5,condizioni,malcesine,,,,,,,,28.7,18,0.0,3
2026-08-01 09:31,2026-08-01 11:31,8,2026-08-01 20:00,2026-08-01 22:00,10.5,condizioni,malcesine,,,,,,,,27.5,9,0.0,3
2026-08-01 09:31,2026-08-01 11:31,8,2026-08-01 21:00,2026-08-01 23:00,11.5,condizioni,malcesine,,,,,,,,28.0,0,0.0,3
2026-08-01 09:31,2026-08-01 11:31,8,2026-08-01 22:00,2026-08-02 00:00,12.5,condizioni,malcesine,,,,,,,,28.6,18,0.0,3
2026-08-01 09:31,2026-08-01 11:31,8,2026-08-01 23:00,2026-08-02 01:00,13.5,condizioni,malcesine,,,,,,,,28.6,9,0.0,3
2026-08-01 09:31,2026-08-01 11:31,8,2026-08-02 00:00,2026-08-02 02:00,14.5,condizioni,malcesine,,,,,,,,28.9,0,0.0,3
2026-08-01 09:31,2026-08-01 11:31,8,2026-08-02 01:00,2026-08-02 03:00,15.5,condizioni,malcesine,,,,,,,,29.0,0,0.0,3
2026-08-01 09:31,2026-08-01 11:31,8,2026-08-02 02:00,2026-08-02 04:00,16.5,condizioni,malcesine,,,,,,,,28.5,0,0.0,3
2026-08-01 09:31,2026-08-01 11:31,8,2026-08-02 03:00,2026-08-02 05:00,17.5,condizioni,malcesine,,,,,,,,28.6,0,0.0,3
2026-08-01 09:31,2026-08-01 11:31,8,2026-08-02 04:00,2026-08-02 06:00,18.5,condizioni,malcesine,,,,,,,,28.4,0,0.0,3
2026-08-01 09:31,2026-08-01 11:31,8,2026-08-02 05:00,2026-08-02 07:00,19.5,condizioni,malcesine,,,,,,,,26.3,27,0.3,51
2026-08-01 09:31,2026-08-01 11:31,8,2026-08-02 06:00,2026-08-02 08:00,20.5,condizioni,malcesine,,,,,,,,24.2,9,0.9,53
2026-08-01 09:31,2026-08-01 11:31,8,2026-08-02 07:00,2026-08-02 09:00,21.5,condizioni,malcesine,,,,,,,,23.1,27,5.7,63
2026-08-01 09:31,2026-08-01 11:31,8,2026-08-02 08:00,2026-08-02 10:00,22.5,condizioni,malcesine,,,,,,,,23.4,27,1.9,61
2026-08-01 09:31,2026-08-01 11:31,8,2026-08-02 09:00,2026-08-02 11:00,23.5,condizioni,malcesine,,,,,,,,23.1,18,2.9,63
2026-08-01 09:31,2026-08-01 11:31,8,2026-08-02 10:00,2026-08-02 12:00,24.5,condizioni,malcesine,,,,,,,,23.9,9,1.8,61
2026-08-01 09:31,2026-08-01 11:31,8,2026-08-02 11:00,2026-08-02 13:00,25.5,condizioni,malcesine,,,,,,,,25.4,0,0.0,3
2026-08-01 09:31,2026-08-01 11:31,8,2026-08-02 12:00,2026-08-02 14:00,26.5,condizioni,malcesine,,,,,,,,26.8,0,0.0,3
2026-08-01 09:31,2026-08-01 11:31,8,2026-08-02 13:00,2026-08-02 15:00,27.5,condizioni,malcesine,,,,,,,,28.1,0,0.0,3
2026-08-01 09:31,2026-08-01 11:31,8,2026-08-02 14:00,2026-08-02 16:00,28.5,condizioni,malcesine,,,,,,,,29.2,0,0.0,2
2026-08-01 09:31,2026-08-01 11:31,8,2026-08-02 15:00,2026-08-02 17:00,29.5,condizioni,malcesine,,,,,,,,30.1,0,0.0,0
2026-08-01 09:31,2026-08-01 11:31,8,2026-08-02 16:00,2026-08-02 18:00,30.5,condizioni,malcesine,,,,,,,,,,,
2026-08-01 09:31,2026-08-01 11:31,8,2026-08-02 17:00,2026-08-02 19:00,31.5,condizioni,malcesine,,,,,,,,,,,
2026-08-01 09:31,2026-08-01 11:31,8,2026-08-02 18:00,2026-08-02 20:00,32.5,condizioni,malcesine,,,,,,,,,,,
2026-08-01 09:31,2026-08-01 11:31,8,2026-08-02 19:00,2026-08-02 21:00,33.5,condizioni,malcesine,,,,,,,,,,,
2026-08-01 09:31,2026-08-01 11:31,8,2026-08-02 20:00,2026-08-02 22:00,34.5,condizioni,malcesine,,,,,,,,,,,
2026-08-01 09:31,2026-08-01 11:31,8,2026-08-02 21:00,2026-08-02 23:00,35.5,condizioni,malcesine,,,,,,,,,,,
2026-08-01 09:31,2026-08-01 11:31,8,2026-08-02 22:00,2026-08-03 00:00,36.5,condizioni,malcesine,,,,,,,,,,,
2026-08-01 09:31,2026-08-01 11:31,8,2026-08-02 23:00,2026-08-03 01:00,37.5,condizioni,malcesine,,,,,,,,,,,
2026-08-01 09:31,2026-08-01 11:31,8,2026-08-03 00:00,2026-08-03 02:00,38.5,condizioni,malcesine,,,,,,,,28.5,0,0.0,2
2026-08-01 09:31,2026-08-01 11:31,8,2026-08-03 01:00,2026-08-03 03:00,39.5,condizioni,malcesine,,,,,,,,28.4,0,0.0,1
2026-08-01 09:31,2026-08-01 11:31,8,2026-08-03 02:00,2026-08-03 04:00,40.5,condizioni,malcesine,,,,,,,,28.4,0,0.0,2
2026-08-01 09:31,2026-08-01 11:31,8,2026-08-03 03:00,2026-08-03 05:00,41.5,condizioni,malcesine,,,,,,,,28.0,0,0.0,1
2026-08-01 09:31,2026-08-01 11:31,8,2026-08-03 04:00,2026-08-03 06:00,42.5,condizioni,malcesine,,,,,,,,27.3,3,0.0,1
2026-08-01 09:31,2026-08-01 11:31,8,2026-08-03 05:00,2026-08-03 07:00,43.5,condizioni,malcesine,,,,,,,,26.8,0,0.0,3
2026-08-01 09:31,2026-08-01 11:31,8,2026-08-03 06:00,2026-08-03 08:00,44.5,condizioni,malcesine,,,,,,,,26.9,0,0.0,3
2026-08-01 09:31,2026-08-01 11:31,8,2026-08-03 07:00,2026-08-03 09:00,45.5,condizioni,malcesine,,,,,,,,27.4,0,0.0,1
2026-08-01 09:31,2026-08-01 11:31,8,2026-08-03 08:00,2026-08-03 10:00,46.5,condizioni,malcesine,,,,,,,,28.8,0,0.0,0
2026-08-01 09:31,2026-08-01 11:31,8,2026-08-03 09:00,2026-08-03 11:00,47.5,condizioni,malcesine,,,,,,,,30.4,0,0.0,0
2026-08-01 09:31,2026-08-01 11:31,8,2026-08-01 10:00,2026-08-01 12:00,0.5,meteoswiss_ch1,malcesine,Campione,17.7,8.6,9,,,,,,,
2026-08-01 09:31,2026-08-01 11:31,8,2026-08-01 11:00,2026-08-01 13:00,1.5,meteoswiss_ch1,malcesine,Campione,17.1,7.4,2,,,,,,,
2026-08-01 09:31,2026-08-01 11:31,8,2026-08-01 12:00,2026-08-01 14:00,2.5,meteoswiss_ch1,malcesine,Campione,15.2,6.8,360,,,,,,,
2026-08-01 09:31,2026-08-01 11:31,8,2026-08-01 13:00,2026-08-01 15:00,3.5,meteoswiss_ch1,malcesine,Campione,14.0,3.4,329,,,,,,,
2026-08-01 09:31,2026-08-01 11:31,8,2026-08-01 14:00,2026-08-01 16:00,4.5,meteoswiss_ch1,malcesine,Campione,8.2,2.1,319,,,,,,,
2026-08-01 09:31,2026-08-01 11:31,8,2026-08-01 15:00,2026-08-01 17:00,5.5,meteoswiss_ch1,malcesine,Campione,24.1,12.7,16,,,,,,,
2026-08-01 09:31,2026-08-01 11:31,8,2026-08-01 16:00,2026-08-01 18:00,6.5,meteoswiss_ch1,malcesine,Campione,24.5,6.7,17,,,,,,,
2026-08-01 09:31,2026-08-01 11:31,8,2026-08-01 17:00,2026-08-01 19:00,7.5,meteoswiss_ch1,malcesine,Campione,15.9,6.0,15,,,,,,,
2026-08-01 09:31,2026-08-01 11:31,8,2026-08-01 18:00,2026-08-01 20:00,8.5,meteoswiss_ch1,malcesine,Campione,12.0,4.8,21,,,,,,,
2026-08-01 09:31,2026-08-01 11:31,8,2026-08-01 19:00,2026-08-01 21:00,9.5,meteoswiss_ch1,malcesine,Campione,20.6,11.2,215,,,,,,,
2026-08-01 09:31,2026-08-01 11:31,8,2026-08-01 20:00,2026-08-01 22:00,10.5,meteoswiss_ch1,malcesine,Campione,20.4,3.1,30,,,,,,,
2026-08-01 09:31,2026-08-01 11:31,8,2026-08-01 21:00,2026-08-01 23:00,11.5,meteoswiss_ch1,malcesine,Campione,7.4,4.2,34,,,,,,,
2026-08-01 09:31,2026-08-01 11:31,8,2026-08-01 22:00,2026-08-02 00:00,12.5,meteoswiss_ch1,malcesine,Campione,9.9,4.0,17,,,,,,,
2026-08-01 09:31,2026-08-01 11:31,8,2026-08-01 23:00,2026-08-02 01:00,13.5,meteoswiss_ch1,malcesine,Campione,7.8,4.2,13,,,,,,,
2026-08-01 09:31,2026-08-01 11:31,8,2026-08-02 00:00,2026-08-02 02:00,14.5,meteoswiss_ch1,malcesine,Campione,9.0,4.9,18,,,,,,,
2026-08-01 09:31,2026-08-01 11:31,8,2026-08-02 01:00,2026-08-02 03:00,15.5,meteoswiss_ch1,malcesine,Campione,9.3,4.5,18,,,,,,,
2026-08-01 09:31,2026-08-01 11:31,8,2026-08-02 02:00,2026-08-02 04:00,16.5,meteoswiss_ch1,malcesine,Campione,8.7,5.0,11,,,,,,,
2026-08-01 09:31,2026-08-01 11:31,8,2026-08-02 03:00,2026-08-02 05:00,17.5,meteoswiss_ch1,malcesine,Campione,9.1,4.4,21,,,,,,,
2026-08-01 09:31,2026-08-01 11:31,8,2026-08-02 04:00,2026-08-02 06:00,18.5,meteoswiss_ch1,malcesine,Campione,13.4,5.9,49,,,,,,,
2026-08-01 09:31,2026-08-01 11:31,8,2026-08-02 05:00,2026-08-02 07:00,19.5,meteoswiss_ch1,malcesine,Campione,14.4,3.7,342,,,,,,,
2026-08-01 09:31,2026-08-01 11:31,8,2026-08-02 06:00,2026-08-02 08:00,20.5,meteoswiss_ch1,malcesine,Campione,11.3,5.7,344,,,,,,,
2026-08-01 09:31,2026-08-01 11:31,8,2026-08-02 07:00,2026-08-02 09:00,21.5,meteoswiss_ch1,malcesine,Campione,14.0,5.6,29,,,,,,,
2026-08-01 09:31,2026-08-01 11:31,8,2026-08-02 08:00,2026-08-02 10:00,22.5,meteoswiss_ch1,malcesine,Campione,14.4,6.4,14,,,,,,,
2026-08-01 09:31,2026-08-01 11:31,8,2026-08-02 09:00,2026-08-02 11:00,23.5,meteoswiss_ch1,malcesine,Campione,14.6,7.7,24,,,,,,,
2026-08-01 09:31,2026-08-01 11:31,8,2026-08-02 10:00,2026-08-02 12:00,24.5,meteoswiss_ch1,malcesine,Campione,15.9,8.4,44,,,,,,,
2026-08-01 09:31,2026-08-01 11:31,8,2026-08-02 11:00,2026-08-02 13:00,25.5,meteoswiss_ch1,malcesine,Campione,16.5,8.9,33,,,,,,,
2026-08-01 09:31,2026-08-01 11:31,8,2026-08-02 12:00,2026-08-02 14:00,26.5,meteoswiss_ch1,malcesine,Campione,19.7,10.3,36,,,,,,,
2026-08-01 09:31,2026-08-01 11:31,8,2026-08-02 13:00,2026-08-02 15:00,27.5,meteoswiss_ch1,malcesine,Campione,20.2,10.6,28,,,,,,,
2026-08-01 09:31,2026-08-01 11:31,8,2026-08-02 14:00,2026-08-02 16:00,28.5,meteoswiss_ch1,malcesine,Campione,21.0,10.2,26,,,,,,,
2026-08-01 09:31,2026-08-01 11:31,8,2026-08-02 15:00,2026-08-02 17:00,29.5,meteoswiss_ch1,malcesine,Campione,19.7,9.3,26,,,,,,,
2026-08-01 09:31,2026-08-01 11:31,8,2026-08-02 16:00,2026-08-02 18:00,30.5,meteoswiss_ch1,malcesine,Campione,,,,,,,,,,
2026-08-01 09:31,2026-08-01 11:31,8,2026-08-02 17:00,2026-08-02 19:00,31.5,meteoswiss_ch1,malcesine,Campione,,,,,,,,,,
2026-08-01 09:31,2026-08-01 11:31,8,2026-08-02 18:00,2026-08-02 20:00,32.5,meteoswiss_ch1,malcesine,Campione,,,,,,,,,,
2026-08-01 09:31,2026-08-01 11:31,8,2026-08-02 19:00,2026-08-02 21:00,33.5,meteoswiss_ch1,malcesine,Campione,,,,,,,,,,
2026-08-01 09:31,2026-08-01 11:31,8,2026-08-02 20:00,2026-08-02 22:00,34.5,meteoswiss_ch1,malcesine,Campione,,,,,,,,,,
2026-08-01 09:31,2026-08-01 11:31,8,2026-08-02 21:00,2026-08-02 23:00,35.5,meteoswiss_ch1,malcesine,Campione,,,,,,,,,,
2026-08-01 09:31,2026-08-01 11:31,8,2026-08-02 22:00,2026-08-03 00:00,36.5,meteoswiss_ch1,malcesine,Campione,,,,,,,,,,
2026-08-01 09:31,2026-08-01 11:31,8,2026-08-02 23:00,2026-08-03 01:00,37.5,meteoswiss_ch1,malcesine,Campione,,,,,,,,,,
2026-08-01 09:31,2026-08-01 11:31,8,2026-08-01 10:00,2026-08-01 12:00,0.5,meteoswiss_ch1,malcesine,Limone,10.3,5.3,66,,,,,,,
2026-08-01 09:31,2026-08-01 11:31,8,2026-08-01 11:00,2026-08-01 13:00,1.5,meteoswiss_ch1,malcesine,Limone,9.9,3.7,65,,,,,,,
2026-08-01 09:31,2026-08-01 11:31,8,2026-08-01 12:00,2026-08-01 14:00,2.5,meteoswiss_ch1,malcesine,Limone,7.4,3.4,59,,,,,,,
2026-08-01 09:31,2026-08-01 11:31,8,2026-08-01 13:00,2026-08-01 15:00,3.5,meteoswiss_ch1,malcesine,Limone,7.0,2.2,85,,,,,,,
2026-08-01 09:31,2026-08-01 11:31,8,2026-08-01 14:00,2026-08-01 16:00,4.5,meteoswiss_ch1,malcesine,Limone,4.6,2.1,107,,,,,,,
2026-08-01 09:31,2026-08-01 11:31,8,2026-08-01 15:00,2026-08-01 17:00,5.5,meteoswiss_ch1,malcesine,Limone,14.0,6.6,50,,,,,,,
2026-08-01 09:31,2026-08-01 11:31,8,2026-08-01 16:00,2026-08-01 18:00,6.5,meteoswiss_ch1,malcesine,Limone,12.6,1.7,27,,,,,,,
2026-08-01 09:31,2026-08-01 11:31,8,2026-08-01 17:00,2026-08-01 19:00,7.5,meteoswiss_ch1,malcesine,Limone,3.7,0.8,315,,,,,,,
2026-08-01 09:31,2026-08-01 11:31,8,2026-08-01 18:00,2026-08-01 20:00,8.5,meteoswiss_ch1,malcesine,Limone,4.3,2.8,309,,,,,,,
2026-08-01 09:31,2026-08-01 11:31,8,2026-08-01 19:00,2026-08-01 21:00,9.5,meteoswiss_ch1,malcesine,Limone,10.3,6.4,203,,,,,,,
2026-08-01 09:31,2026-08-01 11:31,8,2026-08-01 20:00,2026-08-01 22:00,10.5,meteoswiss_ch1,malcesine,Limone,16.1,7.8,318,,,,,,,
2026-08-01 09:31,2026-08-01 11:31,8,2026-08-01 21:00,2026-08-01 23:00,11.5,meteoswiss_ch1,malcesine,Limone,13.0,4.5,288,,,,,,,
2026-08-01 09:31,2026-08-01 11:31,8,2026-08-01 22:00,2026-08-02 00:00,12.5,meteoswiss_ch1,malcesine,Limone,7.0,2.9,290,,,,,,,
2026-08-01 09:31,2026-08-01 11:31,8,2026-08-01 23:00,2026-08-02 01:00,13.5,meteoswiss_ch1,malcesine,Limone,8.7,5.1,288,,,,,,,
2026-08-01 09:31,2026-08-01 11:31,8,2026-08-02 00:00,2026-08-02 02:00,14.5,meteoswiss_ch1,malcesine,Limone,8.4,2.8,282,,,,,,,
2026-08-01 09:31,2026-08-01 11:31,8,2026-08-02 01:00,2026-08-02 03:00,15.5,meteoswiss_ch1,malcesine,Limone,4.5,0.6,180,,,,,,,
2026-08-01 09:31,2026-08-01 11:31,8,2026-08-02 02:00,2026-08-02 04:00,16.5,meteoswiss_ch1,malcesine,Limone,5.5,3.5,297,,,,,,,
2026-08-01 09:31,2026-08-01 11:31,8,2026-08-02 03:00,2026-08-02 05:00,17.5,meteoswiss_ch1,malcesine,Limone,5.5,0.8,346,,,,,,,
2026-08-01 09:31,2026-08-01 11:31,8,2026-08-02 04:00,2026-08-02 06:00,18.5,meteoswiss_ch1,malcesine,Limone,4.5,2.7,60,,,,,,,
2026-08-01 09:31,2026-08-01 11:31,8,2026-08-02 05:00,2026-08-02 07:00,19.5,meteoswiss_ch1,malcesine,Limone,5.6,1.2,231,,,,,,,
2026-08-01 09:31,2026-08-01 11:31,8,2026-08-02 06:00,2026-08-02 08:00,20.5,meteoswiss_ch1,malcesine,Limone,11.9,1.2,279,,,,,,,
2026-08-01 09:31,2026-08-01 11:31,8,2026-08-02 07:00,2026-08-02 09:00,21.5,meteoswiss_ch1,malcesine,Limone,8.0,3.1,55,,,,,,,
2026-08-01 09:31,2026-08-01 11:31,8,2026-08-02 08:00,2026-08-02 10:00,22.5,meteoswiss_ch1,malcesine,Limone,6.6,2.1,56,,,,,,,
2026-08-01 09:31,2026-08-01 11:31,8,2026-08-02 09:00,2026-08-02 11:00,23.5,meteoswiss_ch1,malcesine,Limone,3.7,0.8,76,,,,,,,
2026-08-01 09:31,2026-08-01 11:31,8,2026-08-02 10:00,2026-08-02 12:00,24.5,meteoswiss_ch1,malcesine,Limone,7.2,4.2,68,,,,,,,
2026-08-01 09:31,2026-08-01 11:31,8,2026-08-02 11:00,2026-08-02 13:00,25.5,meteoswiss_ch1,malcesine,Limone,7.6,3.6,77,,,,,,,
2026-08-01 09:31,2026-08-01 11:31,8,2026-08-02 12:00,2026-08-02 14:00,26.5,meteoswiss_ch1,malcesine,Limone,11.7,6.8,77,,,,,,,
2026-08-01 09:31,2026-08-01 11:31,8,2026-08-02 13:00,2026-08-02 15:00,27.5,meteoswiss_ch1,malcesine,Limone,12.0,7.0,72,,,,,,,
2026-08-01 09:31,2026-08-01 11:31,8,2026-08-02 14:00,2026-08-02 16:00,28.5,meteoswiss_ch1,malcesine,Limone,12.0,6.2,70,,,,,,,
2026-08-01 09:31,2026-08-01 11:31,8,2026-08-02 15:00,2026-08-02 17:00,29.5,meteoswiss_ch1,malcesine,Limone,10.5,4.1,65,,,,,,,
2026-08-01 09:31,2026-08-01 11:31,8,2026-08-02 16:00,2026-08-02 18:00,30.5,meteoswiss_ch1,malcesine,Limone,,,,,,,,,,
2026-08-01 09:31,2026-08-01 11:31,8,2026-08-02 17:00,2026-08-02 19:00,31.5,meteoswiss_ch1,malcesine,Limone,,,,,,,,,,
2026-08-01 09:31,2026-08-01 11:31,8,2026-08-02 18:00,2026-08-02 20:00,32.5,meteoswiss_ch1,malcesine,Limone,,,,,,,,,,
2026-08-01 09:31,2026-08-01 11:31,8,2026-08-02 19:00,2026-08-02 21:00,33.5,meteoswiss_ch1,malcesine,Limone,,,,,,,,,,
2026-08-01 09:31,2026-08-01 11:31,8,2026-08-02 20:00,2026-08-02 22:00,34.5,meteoswiss_ch1,malcesine,Limone,,,,,,,,,,
2026-08-01 09:31,2026-08-01 11:31,8,2026-08-02 21:00,2026-08-02 23:00,35.5,meteoswiss_ch1,malcesine,Limone,,,,,,,,,,
2026-08-01 09:31,2026-08-01 11:31,8,2026-08-02 22:00,2026-08-03 00:00,36.5,meteoswiss_ch1,malcesine,Limone,,,,,,,,,,
2026-08-01 09:31,2026-08-01 11:31,8,2026-08-02 23:00,2026-08-03 01:00,37.5,meteoswiss_ch1,malcesine,Limone,,,,,,,,,,
2026-08-01 09:31,2026-08-01 11:31,8,2026-08-01 10:00,2026-08-01 12:00,0.5,meteoswiss_ch1,malcesine,Navene,18.7,7.8,19,,,,,,,
2026-08-01 09:31,2026-08-01 11:31,8,2026-08-01 11:00,2026-08-01 13:00,1.5,meteoswiss_ch1,malcesine,Navene,17.9,6.9,10,,,,,,,
2026-08-01 09:31,2026-08-01 11:31,8,2026-08-01 12:00,2026-08-01 14:00,2.5,meteoswiss_ch1,malcesine,Navene,16.3,5.9,352,,,,,,,
2026-08-01 09:31,2026-08-01 11:31,8,2026-08-01 13:00,2026-08-01 15:00,3.5,meteoswiss_ch1,malcesine,Navene,14.4,4.1,315,,,,,,,
2026-08-01 09:31,2026-08-01 11:31,8,2026-08-01 14:00,2026-08-01 16:00,4.5,meteoswiss_ch1,malcesine,Navene,12.0,2.3,301,,,,,,,
2026-08-01 09:31,2026-08-01 11:31,8,2026-08-01 15:00,2026-08-01 17:00,5.5,meteoswiss_ch1,malcesine,Navene,29.8,13.3,27,,,,,,,
2026-08-01 09:31,2026-08-01 11:31,8,2026-08-01 16:00,2026-08-01 18:00,6.5,meteoswiss_ch1,malcesine,Navene,28.8,7.1,22,,,,,,,
2026-08-01 09:31,2026-08-01 11:31,8,2026-08-01 17:00,2026-08-01 19:00,7.5,meteoswiss_ch1,malcesine,Navene,19.4,7.6,23,,,,,,,
2026-08-01 09:31,2026-08-01 11:31,8,2026-08-01 18:00,2026-08-01 20:00,8.5,meteoswiss_ch1,malcesine,Navene,16.7,6.5,27,,,,,,,
2026-08-01 09:31,2026-08-01 11:31,8,2026-08-01 19:00,2026-08-01 21:00,9.5,meteoswiss_ch1,malcesine,Navene,16.1,7.9,202,,,,,,,
2026-08-01 09:31,2026-08-01 11:31,8,2026-08-01 20:00,2026-08-01 22:00,10.5,meteoswiss_ch1,malcesine,Navene,24.5,4.0,51,,,,,,,
2026-08-01 09:31,2026-08-01 11:31,8,2026-08-01 21:00,2026-08-01 23:00,11.5,meteoswiss_ch1,malcesine,Navene,9.0,4.5,50,,,,,,,
2026-08-01 09:31,2026-08-01 11:31,8,2026-08-01 22:00,2026-08-02 00:00,12.5,meteoswiss_ch1,malcesine,Navene,15.3,5.9,38,,,,,,,
2026-08-01 09:31,2026-08-01 11:31,8,2026-08-01 23:00,2026-08-02 01:00,13.5,meteoswiss_ch1,malcesine,Navene,12.3,4.7,42,,,,,,,
2026-08-01 09:31,2026-08-01 11:31,8,2026-08-02 00:00,2026-08-02 02:00,14.5,meteoswiss_ch1,malcesine,Navene,11.4,5.6,44,,,,,,,
2026-08-01 09:31,2026-08-01 11:31,8,2026-08-02 01:00,2026-08-02 03:00,15.5,meteoswiss_ch1,malcesine,Navene,13.0,4.9,37,,,,,,,
2026-08-01 09:31,2026-08-01 11:31,8,2026-08-02 02:00,2026-08-02 04:00,16.5,meteoswiss_ch1,malcesine,Navene,11.3,5.5,27,,,,,,,
2026-08-01 09:31,2026-08-01 11:31,8,2026-08-02 03:00,2026-08-02 05:00,17.5,meteoswiss_ch1,malcesine,Navene,13.0,6.0,40,,,,,,,
2026-08-01 09:31,2026-08-01 11:31,8,2026-08-02 04:00,2026-08-02 06:00,18.5,meteoswiss_ch1,malcesine,Navene,21.8,9.8,35,,,,,,,
2026-08-01 09:31,2026-08-01 11:31,8,2026-08-02 05:00,2026-08-02 07:00,19.5,meteoswiss_ch1,malcesine,Navene,21.8,4.4,32,,,,,,,
2026-08-01 09:31,2026-08-01 11:31,8,2026-08-02 06:00,2026-08-02 08:00,20.5,meteoswiss_ch1,malcesine,Navene,14.0,3.8,330,,,,,,,
2026-08-01 09:31,2026-08-01 11:31,8,2026-08-02 07:00,2026-08-02 09:00,21.5,meteoswiss_ch1,malcesine,Navene,14.4,5.5,42,,,,,,,
2026-08-01 09:31,2026-08-01 11:31,8,2026-08-02 08:00,2026-08-02 10:00,22.5,meteoswiss_ch1,malcesine,Navene,16.7,7.8,35,,,,,,,
2026-08-01 09:31,2026-08-01 11:31,8,2026-08-02 09:00,2026-08-02 11:00,23.5,meteoswiss_ch1,malcesine,Navene,18.8,6.6,24,,,,,,,
2026-08-01 09:31,2026-08-01 11:31,8,2026-08-02 10:00,2026-08-02 12:00,24.5,meteoswiss_ch1,malcesine,Navene,21.2,9.9,22,,,,,,,
2026-08-01 09:31,2026-08-01 11:31,8,2026-08-02 11:00,2026-08-02 13:00,25.5,meteoswiss_ch1,malcesine,Navene,24.3,11.3,15,,,,,,,
2026-08-01 09:31,2026-08-01 11:31,8,2026-08-02 12:00,2026-08-02 14:00,26.5,meteoswiss_ch1,malcesine,Navene,28.0,12.9,16,,,,,,,
2026-08-01 09:31,2026-08-01 11:31,8,2026-08-02 13:00,2026-08-02 15:00,27.5,meteoswiss_ch1,malcesine,Navene,27.8,12.2,14,,,,,,,
2026-08-01 09:31,2026-08-01 11:31,8,2026-08-02 14:00,2026-08-02 16:00,28.5,meteoswiss_ch1,malcesine,Navene,27.6,11.5,16,,,,,,,
2026-08-01 09:31,2026-08-01 11:31,8,2026-08-02 15:00,2026-08-02 17:00,29.5,meteoswiss_ch1,malcesine,Navene,25.3,10.4,21,,,,,,,
2026-08-01 09:31,2026-08-01 11:31,8,2026-08-02 16:00,2026-08-02 18:00,30.5,meteoswiss_ch1,malcesine,Navene,,,,,,,,,,
2026-08-01 09:31,2026-08-01 11:31,8,2026-08-02 17:00,2026-08-02 19:00,31.5,meteoswiss_ch1,malcesine,Navene,,,,,,,,,,
2026-08-01 09:31,2026-08-01 11:31,8,2026-08-02 18:00,2026-08-02 20:00,32.5,meteoswiss_ch1,malcesine,Navene,,,,,,,,,,
2026-08-01 09:31,2026-08-01 11:31,8,2026-08-02 19:00,2026-08-02 21:00,33.5,meteoswiss_ch1,malcesine,Navene,,,,,,,,,,
2026-08-01 09:31,2026-08-01 11:31,8,2026-08-02 20:00,2026-08-02 22:00,34.5,meteoswiss_ch1,malcesine,Navene,,,,,,,,,,
2026-08-01 09:31,2026-08-01 11:31,8,2026-08-02 21:00,2026-08-02 23:00,35.5,meteoswiss_ch1,malcesine,Navene,,,,,,,,,,
2026-08-01 09:31,2026-08-01 11:31,8,2026-08-02 22:00,2026-08-03 00:00,36.5,meteoswiss_ch1,malcesine,Navene,,,,,,,,,,
2026-08-01 09:31,2026-08-01 11:31,8,2026-08-02 23:00,2026-08-03 01:00,37.5,meteoswiss_ch1,malcesine,Navene,,,,,,,,,,
2026-08-01 09:31,2026-08-01 11:31,8,2026-08-01 10:00,2026-08-01 12:00,0.5,meteoswiss_ch1,malcesine,Parcheggione,14.6,6.2,2,,,,,,,
2026-08-01 09:31,2026-08-01 11:31,8,2026-08-01 11:00,2026-08-01 13:00,1.5,meteoswiss_ch1,malcesine,Parcheggione,15.2,5.9,349,,,,,,,
2026-08-01 09:31,2026-08-01 11:31,8,2026-08-01 12:00,2026-08-01 14:00,2.5,meteoswiss_ch1,malcesine,Parcheggione,13.8,5.4,339,,,,,,,
2026-08-01 09:31,2026-08-01 11:31,8,2026-08-01 13:00,2026-08-01 15:00,3.5,meteoswiss_ch1,malcesine,Parcheggione,13.0,4.0,309,,,,,,,
2026-08-01 09:31,2026-08-01 11:31,8,2026-08-01 14:00,2026-08-01 16:00,4.5,meteoswiss_ch1,malcesine,Parcheggione,11.4,2.6,306,,,,,,,
2026-08-01 09:31,2026-08-01 11:31,8,2026-08-01 15:00,2026-08-01 17:00,5.5,meteoswiss_ch1,malcesine,Parcheggione,23.1,10.9,19,,,,,,,
2026-08-01 09:31,2026-08-01 11:31,8,2026-08-01 16:00,2026-08-01 18:00,6.5,meteoswiss_ch1,malcesine,Parcheggione,23.1,4.9,5,,,,,,,
2026-08-01 09:31,2026-08-01 11:31,8,2026-08-01 17:00,2026-08-01 19:00,7.5,meteoswiss_ch1,malcesine,Parcheggione,15.0,4.7,5,,,,,,,
2026-08-01 09:31,2026-08-01 11:31,8,2026-08-01 18:00,2026-08-01 20:00,8.5,meteoswiss_ch1,malcesine,Parcheggione,10.5,2.9,8,,,,,,,
2026-08-01 09:31,2026-08-01 11:31,8,2026-08-01 19:00,2026-08-01 21:00,9.5,meteoswiss_ch1,malcesine,Parcheggione,22.1,11.0,212,,,,,,,
2026-08-01 09:31,2026-08-01 11:31,8,2026-08-01 20:00,2026-08-01 22:00,10.5,meteoswiss_ch1,malcesine,Parcheggione,24.3,2.6,77,,,,,,,
2026-08-01 09:31,2026-08-01 11:31,8,2026-08-01 21:00,2026-08-01 23:00,11.5,meteoswiss_ch1,malcesine,Parcheggione,4.9,2.8,51,,,,,,,
2026-08-01 09:31,2026-08-01 11:31,8,2026-08-01 22:00,2026-08-02 00:00,12.5,meteoswiss_ch1,malcesine,Parcheggione,5.5,2.2,80,,,,,,,
2026-08-01 09:31,2026-08-01 11:31,8,2026-08-01 23:00,2026-08-02 01:00,13.5,meteoswiss_ch1,malcesine,Parcheggione,2.9,1.4,56,,,,,,,
2026-08-01 09:31,2026-08-01 11:31,8,2026-08-02 00:00,2026-08-02 02:00,14.5,meteoswiss_ch1,malcesine,Parcheggione,3.3,2.5,39,,,,,,,
2026-08-01 09:31,2026-08-01 11:31,8,2026-08-02 01:00,2026-08-02 03:00,15.5,meteoswiss_ch1,malcesine,Parcheggione,5.8,1.7,69,,,,,,,
2026-08-01 09:31,2026-08-01 11:31,8,2026-08-02 02:00,2026-08-02 04:00,16.5,meteoswiss_ch1,malcesine,Parcheggione,5.8,3.6,16,,,,,,,
2026-08-01 09:31,2026-08-01 11:31,8,2026-08-02 03:00,2026-08-02 05:00,17.5,meteoswiss_ch1,malcesine,Parcheggione,6.2,2.5,51,,,,,,,
2026-08-01 09:31,2026-08-01 11:31,8,2026-08-02 04:00,2026-08-02 06:00,18.5,meteoswiss_ch1,malcesine,Parcheggione,9.5,3.8,55,,,,,,,
2026-08-01 09:31,2026-08-01 11:31,8,2026-08-02 05:00,2026-08-02 07:00,19.5,meteoswiss_ch1,malcesine,Parcheggione,9.9,1.7,297,,,,,,,
2026-08-01 09:31,2026-08-01 11:31,8,2026-08-02 06:00,2026-08-02 08:00,20.5,meteoswiss_ch1,malcesine,Parcheggione,10.1,2.9,270,,,,,,,
2026-08-01 09:31,2026-08-01 11:31,8,2026-08-02 07:00,2026-08-02 09:00,21.5,meteoswiss_ch1,malcesine,Parcheggione,9.3,2.9,53,,,,,,,
2026-08-01 09:31,2026-08-01 11:31,8,2026-08-02 08:00,2026-08-02 10:00,22.5,meteoswiss_ch1,malcesine,Parcheggione,11.9,3.0,50,,,,,,,
2026-08-01 09:31,2026-08-01 11:31,8,2026-08-02 09:00,2026-08-02 11:00,23.5,meteoswiss_ch1,malcesine,Parcheggione,8.7,3.0,11,,,,,,,
2026-08-01 09:31,2026-08-01 11:31,8,2026-08-02 10:00,2026-08-02 12:00,24.5,meteoswiss_ch1,malcesine,Parcheggione,10.5,3.7,32,,,,,,,
2026-08-01 09:31,2026-08-01 11:31,8,2026-08-02 11:00,2026-08-02 13:00,25.5,meteoswiss_ch1,malcesine,Parcheggione,10.1,4.8,14,,,,,,,
2026-08-01 09:31,2026-08-01 11:31,8,2026-08-02 12:00,2026-08-02 14:00,26.5,meteoswiss_ch1,malcesine,Parcheggione,14.6,7.0,18,,,,,,,
2026-08-01 09:31,2026-08-01 11:31,8,2026-08-02 13:00,2026-08-02 15:00,27.5,meteoswiss_ch1,malcesine,Parcheggione,16.7,7.9,10,,,,,,,
2026-08-01 09:31,2026-08-01 11:31,8,2026-08-02 14:00,2026-08-02 16:00,28.5,meteoswiss_ch1,malcesine,Parcheggione,18.5,8.3,8,,,,,,,
2026-08-01 09:31,2026-08-01 11:31,8,2026-08-02 15:00,2026-08-02 17:00,29.5,meteoswiss_ch1,malcesine,Parcheggione,18.1,7.6,15,,,,,,,
2026-08-01 09:31,2026-08-01 11:31,8,2026-08-02 16:00,2026-08-02 18:00,30.5,meteoswiss_ch1,malcesine,Parcheggione,,,,,,,,,,
2026-08-01 09:31,2026-08-01 11:31,8,2026-08-02 17:00,2026-08-02 19:00,31.5,meteoswiss_ch1,malcesine,Parcheggione,,,,,,,,,,
2026-08-01 09:31,2026-08-01 11:31,8,2026-08-02 18:00,2026-08-02 20:00,32.5,meteoswiss_ch1,malcesine,Parcheggione,,,,,,,,,,
2026-08-01 09:31,2026-08-01 11:31,8,2026-08-02 19:00,2026-08-02 21:00,33.5,meteoswiss_ch1,malcesine,Parcheggione,,,,,,,,,,
2026-08-01 09:31,2026-08-01 11:31,8,2026-08-02 20:00,2026-08-02 22:00,34.5,meteoswiss_ch1,malcesine,Parcheggione,,,,,,,,,,
2026-08-01 09:31,2026-08-01 11:31,8,2026-08-02 21:00,2026-08-02 23:00,35.5,meteoswiss_ch1,malcesine,Parcheggione,,,,,,,,,,
2026-08-01 09:31,2026-08-01 11:31,8,2026-08-02 22:00,2026-08-03 00:00,36.5,meteoswiss_ch1,malcesine,Parcheggione,,,,,,,,,,
2026-08-01 09:31,2026-08-01 11:31,8,2026-08-02 23:00,2026-08-03 01:00,37.5,meteoswiss_ch1,malcesine,Parcheggione,,,,,,,,,,
